Customer ID,Age,Gender,Item Purchased,Category,Purchase Amount (USD),Location,Size,Color,Season,Review Rating,Subscription Status,Payment Method,Shipping Type,Discount Applied,Promo Code Used,Previous Purchases,Preferred Payment Method,Frequency of Purchases
1,55,Male,Blouse,Clothing,53,Kentucky,L,Gray,Winter,3.1,Yes,Credit Card,Express,Yes,Yes,14,Venmo,Fortnightly
3,50,Male,Jeans,Clothing,73,Massachusetts,S,Maroon,Spring,3.1,Yes,Cash,Free Shipping,Yes,Yes,23,Credit Card,Weekly
4,21,Male,Sandals,Footwear,90,Rhode Island,M,Maroon,Spring,3.5,Yes,PayPal,Next Day Air,Yes,Yes,49,PayPal,Weekly
5,45,Male,Blouse,Clothing,49,Oregon,M,Turquoise,Spring,2.7,Yes,Cash,Free Shipping,Yes,Yes,31,PayPal,Annually
6,46,Male,Sneakers,Footwear,20,Wyoming,M,White,Summer,2.9,Yes,Venmo,Standard,Yes,Yes,14,Venmo,Weekly
8,27,Male,Shorts,Clothing,34,Louisiana,L,Charcoal,Winter,3.2,Yes,Debit Card,Free Shipping,Yes,Yes,19,Credit Card,Weekly
9,26,Male,Coat,Outerwear,97,West Virginia,L,Silver,Summer,2.6,Yes,Venmo,Express,Yes,Yes,8,Venmo,Annually
13,61,Male,Coat,Outerwear,72,Delaware,M,Gold,Winter,4.5,Yes,PayPal,Express,Yes,Yes,37,Venmo,Fortnightly
14,65,Male,Dress,Clothing,51,New Hampshire,M,Violet,Spring,4.7,Yes,Debit Card,Express,Yes,Yes,31,PayPal,Weekly
15,64,Male,Coat,Outerwear,53,New York,L,Teal,Winter,4.7,Yes,PayPal,Free Shipping,Yes,Yes,34,Debit Card,Weekly
18,53,Male,Dress,Clothing,38,Mississippi,XL,Lavender,Winter,4.7,Yes,Debit Card,2-Day Shipping,Yes,Yes,36,Venmo,Quarterly
20,66,Male,Pants,Clothing,90,Rhode Island,M,Green,Summer,3.3,Yes,Venmo,Standard,Yes,Yes,46,Debit Card,Bi-Weekly
24,31,Male,Pants,Clothing,88,Oklahoma,XL,White,Winter,4.4,Yes,Credit Card,Express,Yes,Yes,40,Credit Card,Weekly
26,18,Male,Hoodie,Clothing,25,Texas,M,Silver,Summer,3.6,Yes,Bank Transfer,Express,Yes,Yes,14,PayPal,Annually
28,56,Male,Shorts,Clothing,56,Kentucky,L,Cyan,Summer,5.0,Yes,Debit Card,Next Day Air,Yes,Yes,7,Bank Transfer,Every 3 Months
33,36,Male,Jacket,Outerwear,67,Kansas,M,Silver,Summer,4.9,Yes,Bank Transfer,Free Shipping,Yes,Yes,37,Venmo,Annually
35,36,Male,T-shirt,Clothing,91,North Dakota,L,Violet,Spring,4.6,Yes,Debit Card,2-Day Shipping,Yes,Yes,38,PayPal,Quarterly
36,54,Male,Blouse,Clothing,33,Massachusetts,M,Cyan,Summer,4.0,Yes,Bank Transfer,2-Day Shipping,Yes,Yes,48,Credit Card,Bi-Weekly
37,35,Male,T-shirt,Clothing,69,Illinois,M,Maroon,Winter,4.6,Yes,Cash,Free Shipping,Yes,Yes,44,PayPal,Fortnightly
39,29,Male,Dress,Clothing,37,Florida,M,Red,Winter,3.7,Yes,Debit Card,2-Day Shipping,Yes,Yes,44,Venmo,Every 3 Months
40,70,Male,Pants,Clothing,60,Arizona,S,Turquoise,Summer,4.2,Yes,Bank Transfer,Express,Yes,Yes,18,Credit Card,Monthly
43,20,Male,Coat,Outerwear,100,Tennessee,M,Beige,Spring,4.1,Yes,Bank Transfer,Free Shipping,Yes,Yes,15,PayPal,Annually
46,50,Male,Socks,Clothing,21,Tennessee,XL,Indigo,Fall,2.9,Yes,Venmo,2-Day Shipping,Yes,Yes,25,PayPal,Annually
50,68,Male,Hoodie,Clothing,30,New Jersey,S,Indigo,Spring,4.6,Yes,Bank Transfer,Next Day Air,Yes,Yes,34,Debit Card,Bi-Weekly
52,59,Male,Skirt,Clothing,59,Vermont,XL,Gray,Winter,4.7,Yes,PayPal,2-Day Shipping,Yes,Yes,7,Credit Card,Quarterly
53,42,Male,T-shirt,Clothing,20,Alaska,M,Green,Summer,2.6,Yes,Credit Card,Free Shipping,Yes,Yes,26,Credit Card,Weekly
54,29,Male,Skirt,Clothing,24,Mississippi,S,Peach,Winter,3.9,Yes,Debit Card,Next Day Air,Yes,Yes,35,Credit Card,Weekly
55,47,Male,Coat,Outerwear,94,New Mexico,M,Brown,Summer,4.2,Yes,Bank Transfer,Next Day Air,Yes,Yes,35,Debit Card,Bi-Weekly
56,40,Male,Jacket,Outerwear,28,South Carolina,M,Lavender,Winter,3.0,Yes,Venmo,2-Day Shipping,Yes,Yes,49,Credit Card,Annually
59,69,Male,Hoodie,Clothing,54,Missouri,M,Charcoal,Summer,4.2,Yes,Credit Card,Free Shipping,Yes,Yes,29,Venmo,Monthly
63,30,Male,Sneakers,Footwear,21,Mississippi,S,Magenta,Spring,3.8,Yes,Credit Card,Free Shipping,Yes,Yes,31,Credit Card,Fortnightly
65,65,Male,Boots,Footwear,83,Alabama,S,Green,Fall,4.8,Yes,PayPal,Standard,Yes,Yes,18,Debit Card,Fortnightly
67,31,Male,Blouse,Clothing,94,Pennsylvania,S,Magenta,Winter,4.7,Yes,Bank Transfer,2-Day Shipping,Yes,Yes,3,Venmo,Every 3 Months
72,36,Male,Dress,Clothing,48,Virginia,L,Gold,Summer,2.9,Yes,Debit Card,Express,Yes,Yes,34,Bank Transfer,Annually
74,48,Male,Pants,Clothing,85,Hawaii,M,Teal,Spring,2.7,Yes,Debit Card,Free Shipping,Yes,Yes,43,Bank Transfer,Bi-Weekly
78,22,Male,Dress,Clothing,53,Delaware,L,Gold,Summer,3.3,Yes,Debit Card,Next Day Air,Yes,Yes,36,Debit Card,Fortnightly
79,50,Male,Skirt,Clothing,91,Nebraska,M,Maroon,Spring,4.7,Yes,Venmo,Free Shipping,Yes,Yes,50,Venmo,Fortnightly
80,38,Male,Jacket,Outerwear,96,Iowa,M,Olive,Winter,2.6,Yes,Bank Transfer,2-Day Shipping,Yes,Yes,43,Bank Transfer,Every 3 Months
82,67,Male,Shoes,Footwear,96,Virginia,L,Maroon,Summer,2.6,Yes,PayPal,Express,Yes,Yes,36,Credit Card,Every 3 Months
83,19,Male,Pants,Clothing,28,Georgia,S,Olive,Spring,4.0,Yes,Bank Transfer,2-Day Shipping,Yes,Yes,21,Credit Card,Every 3 Months
84,36,Male,Dress,Clothing,40,Texas,M,Turquoise,Summer,4.1,Yes,Debit Card,Standard,Yes,Yes,34,Bank Transfer,Weekly
85,52,Male,Coat,Outerwear,32,Arizona,S,Peach,Spring,4.4,Yes,Cash,Standard,Yes,Yes,42,Bank Transfer,Every 3 Months
88,52,Male,Shoes,Footwear,53,Ohio,M,Green,Fall,3.7,Yes,Debit Card,2-Day Shipping,Yes,Yes,44,Debit Card,Fortnightly
89,33,Male,T-shirt,Clothing,47,Wyoming,M,Orange,Fall,3.5,Yes,Credit Card,Free Shipping,Yes,Yes,35,Credit Card,Monthly
93,61,Male,Jacket,Outerwear,87,Texas,M,Olive,Winter,4.4,Yes,Cash,2-Day Shipping,Yes,Yes,13,Venmo,Every 3 Months
94,37,Male,Sweater,Clothing,62,Florida,M,Purple,Fall,4.5,Yes,PayPal,Standard,Yes,Yes,46,Credit Card,Weekly
95,58,Male,Skirt,Clothing,76,Nevada,S,Silver,Spring,4.6,Yes,Bank Transfer,Free Shipping,Yes,Yes,28,Credit Card,Weekly
96,37,Male,Sneakers,Footwear,100,Missouri,L,Pink,Fall,3.8,Yes,PayPal,Free Shipping,Yes,Yes,48,PayPal,Monthly
99,20,Male,Jeans,Clothing,67,New York,XL,Teal,Spring,2.6,Yes,Cash,Next Day Air,Yes,Yes,20,Bank Transfer,Annually
100,26,Male,Hoodie,Clothing,40,Missouri,XL,Indigo,Summer,3.7,Yes,Cash,Express,Yes,Yes,33,Debit Card,Quarterly
102,27,Male,Coat,Outerwear,85,North Dakota,XL,White,Spring,4.6,Yes,Venmo,Express,Yes,Yes,50,Credit Card,Bi-Weekly
103,51,Male,Socks,Clothing,67,Oklahoma,L,Violet,Winter,4.8,Yes,Credit Card,Next Day Air,Yes,Yes,35,Credit Card,Quarterly
104,54,Male,Boots,Footwear,89,West Virginia,L,Red,Winter,4.0,Yes,Debit Card,Next Day Air,Yes,Yes,22,Venmo,Bi-Weekly
107,64,Male,Jacket,Outerwear,35,Minnesota,L,White,Summer,3.7,Yes,Cash,Standard,Yes,Yes,31,Credit Card,Monthly
108,28,Male,Sneakers,Footwear,67,Maryland,L,Olive,Winter,3.1,Yes,Cash,Next Day Air,Yes,Yes,46,PayPal,Fortnightly
109,70,Male,Socks,Clothing,79,Montana,L,Purple,Spring,3.4,Yes,Bank Transfer,Next Day Air,Yes,Yes,32,Bank Transfer,Bi-Weekly
110,58,Male,T-shirt,Clothing,85,Alabama,M,Violet,Spring,2.6,Yes,Cash,Next Day Air,Yes,Yes,43,Bank Transfer,Fortnightly
116,53,Male,Skirt,Clothing,94,Wyoming,M,Gray,Spring,3.8,Yes,Cash,Standard,Yes,Yes,48,Debit Card,Every 3 Months
117,55,Male,Shoes,Footwear,86,Virginia,S,Blue,Spring,3.4,Yes,PayPal,Free Shipping,Yes,Yes,12,Venmo,Annually
125,44,Male,Sweater,Clothing,86,Nevada,M,Gray,Spring,3.1,Yes,PayPal,Next Day Air,Yes,Yes,50,PayPal,Annually
126,49,Male,Shorts,Clothing,54,California,M,Indigo,Winter,3.6,Yes,Cash,Next Day Air,Yes,Yes,45,Venmo,Every 3 Months
128,24,Male,Sweater,Clothing,89,Mississippi,M,Gray,Winter,4.8,Yes,Venmo,Next Day Air,Yes,Yes,26,Credit Card,Weekly
130,24,Male,Dress,Clothing,67,Pennsylvania,XL,Olive,Summer,4.2,Yes,Cash,2-Day Shipping,Yes,Yes,49,PayPal,Bi-Weekly
132,28,Male,Skirt,Clothing,29,Maine,L,Indigo,Summer,3.9,Yes,PayPal,Standard,Yes,Yes,46,Credit Card,Weekly
134,52,Male,Sweater,Clothing,65,Montana,M,Violet,Winter,2.5,Yes,Bank Transfer,Next Day Air,Yes,Yes,25,Venmo,Annually
136,43,Male,Sandals,Footwear,81,Kansas,M,Purple,Fall,4.1,Yes,PayPal,Express,Yes,Yes,12,PayPal,Quarterly
137,39,Male,Blouse,Clothing,86,South Carolina,M,White,Winter,3.3,Yes,Credit Card,Free Shipping,Yes,Yes,4,Debit Card,Quarterly
138,68,Male,Sneakers,Footwear,43,Colorado,M,Turquoise,Spring,4.7,Yes,Cash,Free Shipping,Yes,Yes,38,PayPal,Weekly
141,63,Male,Shirt,Clothing,28,North Carolina,L,Yellow,Fall,3.9,Yes,Bank Transfer,2-Day Shipping,Yes,Yes,50,Credit Card,Weekly
143,37,Male,Jacket,Outerwear,58,Nebraska,L,Violet,Fall,3.1,Yes,PayPal,Free Shipping,Yes,Yes,33,Credit Card,Fortnightly
147,52,Male,Skirt,Clothing,30,Colorado,S,Black,Fall,4.0,Yes,Debit Card,Standard,Yes,Yes,21,Venmo,Fortnightly
148,63,Male,Shoes,Footwear,64,Idaho,M,Purple,Summer,3.5,Yes,Bank Transfer,2-Day Shipping,Yes,Yes,31,Bank Transfer,Fortnightly
150,38,Male,Pants,Clothing,76,Delaware,M,White,Summer,3.2,Yes,Venmo,Free Shipping,Yes,Yes,14,PayPal,Monthly
151,35,Male,Boots,Footwear,96,California,L,Cyan,Fall,4.9,Yes,Bank Transfer,Standard,Yes,Yes,17,Debit Card,Every 3 Months
153,30,Male,Shirt,Clothing,85,South Carolina,S,Brown,Summer,4.3,Yes,PayPal,Express,Yes,Yes,42,Venmo,Annually
154,69,Male,Hoodie,Clothing,55,North Carolina,M,Maroon,Winter,3.2,Yes,Debit Card,Standard,Yes,Yes,22,Debit Card,Annually
155,41,Male,Dress,Clothing,98,Oklahoma,M,Charcoal,Fall,3.6,Yes,Debit Card,Next Day Air,Yes,Yes,21,Venmo,Quarterly
156,63,Male,Socks,Clothing,77,Maine,S,Olive,Spring,4.3,Yes,Cash,Free Shipping,Yes,Yes,21,Bank Transfer,Quarterly
157,35,Male,Shorts,Clothing,26,Missouri,M,Lavender,Fall,4.0,Yes,Venmo,Standard,Yes,Yes,40,Debit Card,Annually
159,25,Male,Shirt,Clothing,73,Connecticut,XL,Teal,Fall,4.1,Yes,Bank Transfer,Standard,Yes,Yes,50,Bank Transfer,Monthly
164,54,Male,Skirt,Clothing,67,Virginia,M,Purple,Summer,3.4,Yes,PayPal,Standard,Yes,Yes,8,Debit Card,Weekly
170,27,Male,Jacket,Outerwear,30,Nevada,S,Gold,Summer,3.3,Yes,Credit Card,Standard,Yes,Yes,3,PayPal,Every 3 Months
175,41,Male,Shoes,Footwear,35,Vermont,L,Brown,Winter,3.5,Yes,Venmo,Express,Yes,Yes,37,Venmo,Annually
176,53,Male,Coat,Outerwear,86,Oklahoma,L,Violet,Fall,2.8,Yes,Debit Card,Next Day Air,Yes,Yes,2,Bank Transfer,Annually
178,21,Male,Hoodie,Clothing,42,Kansas,L,Magenta,Fall,3.7,Yes,Debit Card,Next Day Air,Yes,Yes,47,Bank Transfer,Monthly
179,61,Male,Skirt,Clothing,43,Idaho,L,Lavender,Fall,4.3,Yes,Debit Card,2-Day Shipping,Yes,Yes,21,PayPal,Quarterly
182,32,Male,Pants,Clothing,61,Massachusetts,M,Beige,Summer,4.7,Yes,Venmo,Next Day Air,Yes,Yes,4,Bank Transfer,Weekly
184,58,Male,Skirt,Clothing,29,Ohio,XL,Beige,Spring,3.6,Yes,Bank Transfer,2-Day Shipping,Yes,Yes,26,Credit Card,Weekly
189,50,Male,Hoodie,Clothing,53,Arkansas,M,Pink,Spring,3.1,Yes,Credit Card,Express,Yes,Yes,5,Bank Transfer,Bi-Weekly
190,36,Male,Blouse,Clothing,82,West Virginia,M,Maroon,Fall,4.4,Yes,Venmo,Next Day Air,Yes,Yes,4,Credit Card,Weekly
191,65,Male,Coat,Outerwear,70,Indiana,XL,Beige,Fall,3.0,Yes,Venmo,Free Shipping,Yes,Yes,48,Venmo,Quarterly
193,46,Male,Shoes,Footwear,29,Nebraska,L,Turquoise,Summer,2.9,Yes,Venmo,Express,Yes,Yes,12,PayPal,Bi-Weekly
196,51,Male,Jacket,Outerwear,25,New York,M,Magenta,Fall,4.3,Yes,Credit Card,Free Shipping,Yes,Yes,34,Credit Card,Monthly
197,38,Male,Boots,Footwear,88,Washington,M,Lavender,Summer,3.9,Yes,Cash,Next Day Air,Yes,Yes,41,Credit Card,Fortnightly
201,25,Male,Dress,Clothing,61,Pennsylvania,S,Teal,Summer,3.3,Yes,PayPal,Next Day Air,Yes,Yes,29,Venmo,Monthly
202,69,Male,Blouse,Clothing,22,Missouri,S,Beige,Fall,4.3,Yes,Bank Transfer,Free Shipping,Yes,Yes,15,Bank Transfer,Annually
206,67,Male,Shirt,Clothing,64,Hawaii,M,Silver,Winter,3.0,Yes,Bank Transfer,Standard,Yes,Yes,25,PayPal,Weekly
207,24,Male,T-shirt,Clothing,55,Wisconsin,L,Silver,Summer,4.2,Yes,Venmo,Free Shipping,Yes,Yes,6,Venmo,Fortnightly
211,45,Male,Jacket,Outerwear,22,Vermont,L,Teal,Fall,3.0,Yes,Venmo,2-Day Shipping,Yes,Yes,6,PayPal,Fortnightly
212,69,Male,Skirt,Clothing,92,South Dakota,L,Maroon,Fall,4.2,Yes,Venmo,2-Day Shipping,Yes,Yes,45,Debit Card,Fortnightly
217,43,Male,Shorts,Clothing,61,Massachusetts,L,Yellow,Spring,3.7,Yes,Cash,Free Shipping,Yes,Yes,21,Venmo,Weekly
221,39,Male,Sneakers,Footwear,57,Arizona,S,Indigo,Spring,3.7,Yes,Debit Card,Express,Yes,Yes,48,Debit Card,Fortnightly
224,20,Male,Pants,Clothing,41,Wyoming,M,Turquoise,Spring,4.8,Yes,Venmo,Free Shipping,Yes,Yes,34,PayPal,Annually
226,25,Male,Jacket,Outerwear,22,Arkansas,M,Olive,Spring,3.2,Yes,Debit Card,Next Day Air,Yes,Yes,11,Bank Transfer,Annually
227,29,Male,Shoes,Footwear,74,Texas,L,Violet,Spring,3.3,Yes,Cash,Free Shipping,Yes,Yes,5,PayPal,Monthly
228,50,Male,Jeans,Clothing,90,Rhode Island,M,Turquoise,Winter,4.2,Yes,Venmo,Standard,Yes,Yes,25,Venmo,Fortnightly
230,70,Male,Sandals,Footwear,28,Ohio,S,Silver,Spring,4.6,Yes,Cash,Next Day Air,Yes,Yes,27,PayPal,Every 3 Months
232,28,Male,Blouse,Clothing,26,Tennessee,M,Blue,Spring,3.1,Yes,Bank Transfer,2-Day Shipping,Yes,Yes,18,Debit Card,Every 3 Months
234,19,Male,Sweater,Clothing,83,Arizona,XL,Yellow,Fall,4.5,Yes,PayPal,Next Day Air,Yes,Yes,27,Bank Transfer,Every 3 Months
237,38,Male,Coat,Outerwear,68,North Dakota,L,Green,Winter,3.4,Yes,Debit Card,Next Day Air,Yes,Yes,39,PayPal,Fortnightly
240,49,Male,Pants,Clothing,51,Vermont,L,Yellow,Summer,2.9,Yes,PayPal,Express,Yes,Yes,47,Credit Card,Bi-Weekly
241,47,Male,Sweater,Clothing,45,Montana,XL,Turquoise,Winter,3.5,Yes,Credit Card,Free Shipping,Yes,Yes,29,Bank Transfer,Fortnightly
242,36,Male,Hoodie,Clothing,88,Delaware,M,Peach,Winter,4.1,Yes,PayPal,Free Shipping,Yes,Yes,43,Venmo,Bi-Weekly
246,49,Male,Sandals,Footwear,53,Rhode Island,L,Charcoal,Summer,3.3,Yes,Cash,Next Day Air,Yes,Yes,45,Venmo,Fortnightly
248,29,Male,Sweater,Clothing,66,Montana,XL,Brown,Spring,4.4,Yes,Credit Card,Standard,Yes,Yes,14,Debit Card,Weekly
251,33,Male,Skirt,Clothing,25,Mississippi,L,Black,Fall,4.0,Yes,Debit Card,Express,Yes,Yes,9,Bank Transfer,Weekly
253,32,Male,Shorts,Clothing,41,Delaware,M,Violet,Summer,3.9,Yes,Cash,Free Shipping,Yes,Yes,33,Venmo,Fortnightly
254,52,Male,Boots,Footwear,73,Oklahoma,L,Cyan,Winter,4.9,Yes,PayPal,2-Day Shipping,Yes,Yes,15,Bank Transfer,Bi-Weekly
260,32,Male,Jeans,Clothing,57,Louisiana,M,Gold,Fall,2.9,Yes,Credit Card,Standard,Yes,Yes,13,Debit Card,Annually
262,21,Male,Jeans,Clothing,77,California,L,Magenta,Winter,4.9,Yes,Cash,Standard,Yes,Yes,21,Credit Card,Annually
263,37,Male,Pants,Clothing,40,Hawaii,M,Teal,Summer,3.7,Yes,Cash,Next Day Air,Yes,Yes,6,Debit Card,Annually
268,64,Male,Sweater,Clothing,54,Maryland,M,Olive,Spring,3.9,Yes,Venmo,2-Day Shipping,Yes,Yes,42,Venmo,Annually
271,33,Male,Jeans,Clothing,52,North Dakota,XL,Orange,Fall,4.6,Yes,Debit Card,Free Shipping,Yes,Yes,16,Bank Transfer,Annually
274,69,Male,Coat,Outerwear,33,North Dakota,S,Silver,Spring,4.2,Yes,Cash,Express,Yes,Yes,32,Debit Card,Quarterly
277,25,Male,Skirt,Clothing,30,South Dakota,XL,Turquoise,Fall,3.5,Yes,Debit Card,Express,Yes,Yes,11,Bank Transfer,Fortnightly
279,57,Male,Sweater,Clothing,95,Hawaii,M,Orange,Spring,3.7,Yes,Bank Transfer,Express,Yes,Yes,23,Debit Card,Annually
280,23,Male,Sneakers,Footwear,69,Arkansas,L,Turquoise,Summer,4.0,Yes,Credit Card,Standard,Yes,Yes,37,Bank Transfer,Monthly
284,32,Male,Sweater,Clothing,30,Montana,S,Maroon,Fall,3.2,Yes,Debit Card,Next Day Air,Yes,Yes,16,Venmo,Annually
285,63,Male,Skirt,Clothing,45,Ohio,M,Red,Summer,3.5,Yes,PayPal,Standard,Yes,Yes,4,PayPal,Quarterly
289,30,Male,T-shirt,Clothing,62,North Carolina,M,Lavender,Winter,3.7,Yes,Credit Card,2-Day Shipping,Yes,Yes,34,Venmo,Bi-Weekly
290,49,Male,Coat,Outerwear,85,New York,M,Yellow,Fall,4.5,Yes,Debit Card,2-Day Shipping,Yes,Yes,26,Credit Card,Monthly
291,58,Male,T-shirt,Clothing,33,Colorado,M,Indigo,Winter,3.7,Yes,Bank Transfer,Standard,Yes,Yes,50,PayPal,Weekly
292,57,Male,Dress,Clothing,26,Delaware,XL,Violet,Fall,3.3,Yes,Credit Card,Next Day Air,Yes,Yes,40,Bank Transfer,Monthly
297,25,Male,Sandals,Footwear,74,Indiana,S,Lavender,Spring,4.8,Yes,PayPal,2-Day Shipping,Yes,Yes,19,Credit Card,Weekly
298,48,Male,Shoes,Footwear,26,Delaware,XL,Purple,Summer,4.4,Yes,Bank Transfer,Standard,Yes,Yes,4,Credit Card,Bi-Weekly
299,69,Male,T-shirt,Clothing,53,Maryland,M,Lavender,Winter,4.0,Yes,Cash,Standard,Yes,Yes,11,Venmo,Every 3 Months
300,25,Male,Sneakers,Footwear,80,Pennsylvania,M,Maroon,Summer,3.2,Yes,Credit Card,Next Day Air,Yes,Yes,28,PayPal,Fortnightly
302,46,Male,Skirt,Clothing,95,Pennsylvania,M,Green,Spring,3.8,Yes,Debit Card,Standard,Yes,Yes,25,Credit Card,Every 3 Months
303,37,Male,Sweater,Clothing,44,Delaware,L,Olive,Summer,3.6,Yes,Venmo,Express,Yes,Yes,27,Bank Transfer,Every 3 Months
304,20,Male,Sandals,Footwear,60,Oregon,M,Turquoise,Summer,3.3,Yes,Cash,Next Day Air,Yes,Yes,49,Venmo,Weekly
305,40,Male,Dress,Clothing,84,Oregon,M,Green,Winter,3.4,Yes,Venmo,Next Day Air,Yes,Yes,45,Credit Card,Bi-Weekly
306,60,Male,Sweater,Clothing,59,Utah,M,Teal,Fall,3.5,Yes,Debit Card,2-Day Shipping,Yes,Yes,26,PayPal,Annually
313,38,Male,Pants,Clothing,89,Massachusetts,L,Green,Spring,3.4,Yes,Bank Transfer,Next Day Air,Yes,Yes,6,PayPal,Annually
314,42,Male,Dress,Clothing,77,Vermont,M,Pink,Spring,3.7,Yes,PayPal,Express,Yes,Yes,50,Credit Card,Every 3 Months
322,41,Male,Sneakers,Footwear,36,Vermont,L,Orange,Summer,4.7,Yes,Credit Card,Free Shipping,Yes,Yes,48,Debit Card,Quarterly
324,66,Male,Hoodie,Clothing,78,Tennessee,M,Orange,Winter,3.5,Yes,Venmo,Next Day Air,Yes,Yes,29,PayPal,Bi-Weekly
325,37,Male,Shirt,Clothing,82,Wyoming,M,Olive,Summer,4.8,Yes,Credit Card,Standard,Yes,Yes,37,Venmo,Quarterly
326,70,Male,Pants,Clothing,70,Vermont,M,Charcoal,Winter,4.3,Yes,Debit Card,Free Shipping,Yes,Yes,38,Debit Card,Annually
328,61,Male,Coat,Outerwear,42,Iowa,M,Teal,Summer,3.1,Yes,PayPal,Free Shipping,Yes,Yes,36,PayPal,Weekly
329,48,Male,Coat,Outerwear,50,Florida,M,Yellow,Fall,2.8,Yes,Debit Card,Free Shipping,Yes,Yes,9,Credit Card,Weekly
330,70,Male,Socks,Clothing,31,Nevada,S,White,Summer,2.9,Yes,Debit Card,2-Day Shipping,Yes,Yes,34,Bank Transfer,Monthly
331,46,Male,Sweater,Clothing,51,North Dakota,M,Beige,Winter,3.7,Yes,Bank Transfer,Express,Yes,Yes,43,Venmo,Bi-Weekly
333,19,Male,Shirt,Clothing,86,New York,M,Maroon,Winter,2.8,Yes,Cash,2-Day Shipping,Yes,Yes,5,Credit Card,Monthly
334,39,Male,Sweater,Clothing,64,Alaska,M,Teal,Winter,4.5,Yes,Cash,Standard,Yes,Yes,15,Bank Transfer,Bi-Weekly
335,41,Male,Blouse,Clothing,46,Kansas,M,Lavender,Fall,2.6,Yes,PayPal,Next Day Air,Yes,Yes,30,Credit Card,Annually
336,20,Male,Sweater,Clothing,85,Oregon,L,Maroon,Spring,3.7,Yes,Cash,Standard,Yes,Yes,44,Venmo,Every 3 Months
338,32,Male,Sweater,Clothing,59,New Mexico,M,Cyan,Winter,4.3,Yes,Cash,2-Day Shipping,Yes,Yes,16,Bank Transfer,Annually
340,40,Male,Shorts,Clothing,33,Pennsylvania,M,Teal,Spring,3.8,Yes,Credit Card,2-Day Shipping,Yes,Yes,21,Credit Card,Every 3 Months
341,40,Male,Shorts,Clothing,47,New Jersey,L,Blue,Summer,3.5,Yes,Cash,Express,Yes,Yes,39,Venmo,Every 3 Months
343,64,Male,Coat,Outerwear,36,Kentucky,M,Olive,Spring,2.6,Yes,Bank Transfer,Next Day Air,Yes,Yes,48,Credit Card,Every 3 Months
344,27,Male,Sandals,Footwear,39,Nebraska,M,Purple,Summer,4.4,Yes,Cash,Next Day Air,Yes,Yes,26,Venmo,Monthly
345,24,Male,Skirt,Clothing,71,Virginia,M,Charcoal,Winter,4.0,Yes,PayPal,Standard,Yes,Yes,46,Debit Card,Monthly
346,48,Male,Shoes,Footwear,59,Wyoming,S,Olive,Winter,4.4,Yes,Cash,Next Day Air,Yes,Yes,27,Bank Transfer,Annually
349,56,Male,Blouse,Clothing,59,South Carolina,M,Beige,Fall,2.7,Yes,Bank Transfer,Free Shipping,Yes,Yes,17,PayPal,Fortnightly
351,42,Male,Sweater,Clothing,68,Kentucky,M,Violet,Spring,2.6,Yes,Venmo,2-Day Shipping,Yes,Yes,47,Bank Transfer,Fortnightly
352,28,Male,Skirt,Clothing,90,New York,M,Teal,Winter,3.9,Yes,Cash,Standard,Yes,Yes,24,Debit Card,Bi-Weekly
361,51,Male,Pants,Clothing,30,Rhode Island,M,Teal,Summer,3.0,Yes,Bank Transfer,Standard,Yes,Yes,18,Debit Card,Fortnightly
363,53,Male,Sneakers,Footwear,64,Texas,M,Charcoal,Fall,3.4,Yes,Cash,Free Shipping,Yes,Yes,1,Venmo,Fortnightly
364,55,Male,Shorts,Clothing,88,Florida,L,Yellow,Winter,3.1,Yes,Cash,Free Shipping,Yes,Yes,42,Bank Transfer,Fortnightly
365,62,Male,Shoes,Footwear,88,North Dakota,L,Charcoal,Summer,3.0,Yes,Debit Card,Free Shipping,Yes,Yes,7,Venmo,Every 3 Months
372,27,Male,Sneakers,Footwear,83,North Carolina,S,Pink,Winter,3.2,Yes,Bank Transfer,2-Day Shipping,Yes,Yes,47,PayPal,Monthly
373,24,Male,Sweater,Clothing,85,Pennsylvania,L,Orange,Summer,3.7,Yes,Credit Card,Standard,Yes,Yes,7,Debit Card,Weekly
374,23,Male,Coat,Outerwear,27,North Dakota,L,White,Summer,4.6,Yes,Bank Transfer,Express,Yes,Yes,11,Venmo,Bi-Weekly
377,51,Male,Shoes,Footwear,51,South Carolina,S,Gray,Fall,4.9,Yes,PayPal,Express,Yes,Yes,2,Venmo,Bi-Weekly
379,54,Male,Dress,Clothing,62,Nevada,L,Orange,Winter,4.9,Yes,Cash,Next Day Air,Yes,Yes,23,Credit Card,Monthly
380,32,Male,T-shirt,Clothing,29,Montana,S,Magenta,Fall,4.7,Yes,Debit Card,2-Day Shipping,Yes,Yes,46,Debit Card,Bi-Weekly
385,70,Male,Sweater,Clothing,33,California,M,Beige,Fall,4.5,Yes,Credit Card,2-Day Shipping,Yes,Yes,6,Venmo,Annually
386,67,Male,Shorts,Clothing,93,West Virginia,S,Yellow,Fall,2.7,Yes,Credit Card,Next Day Air,Yes,Yes,12,Credit Card,Bi-Weekly
390,27,Male,Boots,Footwear,42,Virginia,L,Purple,Spring,4.2,Yes,Venmo,Standard,Yes,Yes,28,Bank Transfer,Monthly
393,26,Male,T-shirt,Clothing,82,Idaho,XL,Black,Spring,3.3,Yes,PayPal,Next Day Air,Yes,Yes,38,Credit Card,Annually
394,33,Male,Shoes,Footwear,65,Vermont,L,Maroon,Fall,4.2,Yes,Credit Card,Standard,Yes,Yes,6,PayPal,Fortnightly
397,46,Male,Dress,Clothing,88,South Carolina,S,Black,Fall,3.9,Yes,Bank Transfer,Standard,Yes,Yes,24,Bank Transfer,Annually
399,20,Male,Boots,Footwear,67,Montana,S,Silver,Winter,4.6,Yes,PayPal,Free Shipping,Yes,Yes,25,Debit Card,Every 3 Months
401,39,Male,Boots,Footwear,66,Utah,M,Green,Winter,4.8,Yes,Venmo,Free Shipping,Yes,Yes,14,PayPal,Fortnightly
404,19,Male,Sneakers,Footwear,45,Nevada,M,Orange,Winter,4.5,Yes,Credit Card,Next Day Air,Yes,Yes,12,Bank Transfer,Annually
408,45,Male,Hoodie,Clothing,76,North Carolina,XL,Teal,Spring,3.1,Yes,Debit Card,Next Day Air,Yes,Yes,5,Credit Card,Bi-Weekly
410,35,Male,Shorts,Clothing,51,Minnesota,M,Brown,Winter,3.3,Yes,Debit Card,2-Day Shipping,Yes,Yes,32,Bank Transfer,Monthly
411,29,Male,Sweater,Clothing,26,Virginia,L,Lavender,Spring,4.8,Yes,Debit Card,2-Day Shipping,Yes,Yes,1,Credit Card,Quarterly
412,59,Male,Jeans,Clothing,29,Michigan,M,Indigo,Summer,2.8,Yes,Cash,Express,Yes,Yes,15,PayPal,Annually
416,67,Male,Coat,Outerwear,31,Connecticut,M,Lavender,Winter,2.6,Yes,Venmo,Express,Yes,Yes,40,Bank Transfer,Monthly
418,23,Male,Sandals,Footwear,81,Mississippi,L,Beige,Fall,4.5,Yes,PayPal,Free Shipping,Yes,Yes,48,Debit Card,Quarterly
419,18,Male,Sweater,Clothing,73,Illinois,L,Purple,Spring,3.0,Yes,Cash,Standard,Yes,Yes,27,Venmo,Bi-Weekly
420,53,Male,Shorts,Clothing,91,Utah,S,Teal,Winter,3.5,Yes,Credit Card,Free Shipping,Yes,Yes,14,Credit Card,Every 3 Months
421,32,Male,Socks,Clothing,54,North Carolina,S,Peach,Spring,3.8,Yes,Credit Card,Free Shipping,Yes,Yes,18,Debit Card,Bi-Weekly
425,66,Male,Sweater,Clothing,23,Illinois,M,Gold,Winter,4.3,Yes,Credit Card,Standard,Yes,Yes,42,PayPal,Fortnightly
427,43,Male,Pants,Clothing,71,Louisiana,M,Violet,Winter,4.7,Yes,Cash,Express,Yes,Yes,19,Credit Card,Quarterly
429,21,Male,Coat,Outerwear,64,Wyoming,XL,Gold,Winter,2.9,Yes,Venmo,Free Shipping,Yes,Yes,2,Debit Card,Fortnightly
433,47,Male,Shirt,Clothing,86,Indiana,S,Indigo,Fall,3.3,Yes,Debit Card,Free Shipping,Yes,Yes,26,Venmo,Weekly
436,51,Male,Coat,Outerwear,28,Montana,XL,Olive,Winter,3.6,Yes,PayPal,Next Day Air,Yes,Yes,42,Bank Transfer,Monthly
437,40,Male,Pants,Clothing,46,Tennessee,L,Cyan,Summer,4.6,Yes,Cash,Free Shipping,Yes,Yes,41,Bank Transfer,Weekly
442,43,Male,Hoodie,Clothing,81,Florida,M,Maroon,Winter,4.2,Yes,Bank Transfer,Standard,Yes,Yes,32,Credit Card,Annually
446,42,Male,Boots,Footwear,29,Iowa,M,Olive,Fall,4.9,Yes,Bank Transfer,Standard,Yes,Yes,18,Venmo,Annually
448,60,Male,Shorts,Clothing,82,Washington,S,Turquoise,Spring,3.6,Yes,Venmo,Standard,Yes,Yes,7,Bank Transfer,Every 3 Months
453,45,Male,Pants,Clothing,45,Missouri,M,Violet,Summer,3.3,Yes,Debit Card,Express,Yes,Yes,39,PayPal,Fortnightly
457,50,Male,Blouse,Clothing,96,North Carolina,S,Indigo,Fall,4.0,Yes,Bank Transfer,2-Day Shipping,Yes,Yes,33,Credit Card,Quarterly
459,47,Male,Shorts,Clothing,91,Arkansas,L,Black,Winter,4.0,Yes,Debit Card,2-Day Shipping,Yes,Yes,48,PayPal,Monthly
462,18,Male,Boots,Footwear,93,Ohio,M,Yellow,Winter,3.9,Yes,Cash,Express,Yes,Yes,20,Venmo,Weekly
463,59,Male,Jacket,Outerwear,81,Illinois,M,White,Fall,3.3,Yes,Debit Card,Express,Yes,Yes,48,Venmo,Every 3 Months
467,38,Male,Jeans,Clothing,24,Vermont,L,Turquoise,Winter,4.6,Yes,Credit Card,Free Shipping,Yes,Yes,25,PayPal,Weekly
470,21,Male,Shorts,Clothing,46,Alabama,L,Pink,Fall,4.1,Yes,Debit Card,2-Day Shipping,Yes,Yes,30,Debit Card,Bi-Weekly
473,20,Male,Jeans,Clothing,39,Georgia,L,Gray,Winter,3.9,Yes,Cash,Free Shipping,Yes,Yes,3,Bank Transfer,Quarterly
476,21,Male,Sneakers,Footwear,66,Ohio,L,Magenta,Summer,2.7,Yes,Cash,Free Shipping,Yes,Yes,18,Debit Card,Annually
478,42,Male,Sweater,Clothing,56,North Dakota,M,Green,Summer,3.7,Yes,Credit Card,Free Shipping,Yes,Yes,49,Debit Card,Weekly
481,68,Male,Hoodie,Clothing,88,Vermont,M,Gray,Summer,4.8,Yes,Credit Card,Standard,Yes,Yes,30,Debit Card,Bi-Weekly
486,48,Male,Shoes,Footwear,44,Tennessee,S,Blue,Spring,2.6,Yes,Debit Card,Next Day Air,Yes,Yes,36,Debit Card,Fortnightly
489,58,Male,Sweater,Clothing,29,Maine,L,Olive,Spring,4.6,Yes,Venmo,Standard,Yes,Yes,32,Venmo,Weekly
490,49,Male,Socks,Clothing,85,South Dakota,M,Green,Summer,3.2,Yes,Venmo,Standard,Yes,Yes,40,PayPal,Annually
492,49,Male,Coat,Outerwear,69,Vermont,M,Silver,Summer,3.7,Yes,Bank Transfer,2-Day Shipping,Yes,Yes,24,Credit Card,Bi-Weekly
493,50,Male,Shirt,Clothing,62,Michigan,M,Black,Fall,3.9,Yes,PayPal,Standard,Yes,Yes,11,Debit Card,Weekly
495,38,Male,Boots,Footwear,68,Indiana,M,Indigo,Winter,4.5,Yes,PayPal,Express,Yes,Yes,42,Debit Card,Weekly
497,30,Male,Dress,Clothing,63,California,S,Maroon,Fall,3.3,Yes,Venmo,Express,Yes,Yes,31,Venmo,Fortnightly
499,43,Male,Boots,Footwear,78,Iowa,M,Lavender,Spring,3.6,Yes,PayPal,Free Shipping,Yes,Yes,27,Bank Transfer,Monthly
500,36,Male,Shoes,Footwear,99,Rhode Island,L,Silver,Winter,4.8,Yes,Credit Card,Express,Yes,Yes,24,PayPal,Monthly
501,36,Male,T-shirt,Clothing,31,Washington,L,Purple,Fall,4.8,Yes,Bank Transfer,Next Day Air,Yes,Yes,35,Venmo,Every 3 Months
502,64,Male,Boots,Footwear,45,Florida,M,Cyan,Spring,2.9,Yes,Debit Card,Next Day Air,Yes,Yes,21,Venmo,Annually
503,59,Male,Pants,Clothing,30,South Carolina,S,Cyan,Fall,2.8,Yes,Cash,Express,Yes,Yes,8,PayPal,Fortnightly
504,55,Male,Shoes,Footwear,24,West Virginia,M,Lavender,Summer,3.2,Yes,Credit Card,Next Day Air,Yes,Yes,26,Bank Transfer,Quarterly
505,42,Male,Shoes,Footwear,22,Missouri,M,Maroon,Winter,3.9,Yes,Bank Transfer,Free Shipping,Yes,Yes,26,PayPal,Annually
510,41,Male,T-shirt,Clothing,80,Delaware,L,Cyan,Summer,3.9,Yes,Bank Transfer,Free Shipping,Yes,Yes,17,Debit Card,Weekly
511,21,Male,Shirt,Clothing,87,West Virginia,M,Teal,Fall,3.9,Yes,Credit Card,2-Day Shipping,Yes,Yes,22,Venmo,Annually
512,61,Male,Shirt,Clothing,46,Hawaii,L,Yellow,Fall,3.1,Yes,Debit Card,Free Shipping,Yes,Yes,8,PayPal,Annually
515,64,Male,Skirt,Clothing,62,Indiana,S,Olive,Winter,4.3,Yes,Debit Card,Standard,Yes,Yes,47,PayPal,Quarterly
517,34,Male,Hoodie,Clothing,41,West Virginia,L,Indigo,Fall,2.8,Yes,Cash,2-Day Shipping,Yes,Yes,19,Debit Card,Bi-Weekly
519,24,Male,Blouse,Clothing,100,Oregon,M,Beige,Fall,2.9,Yes,PayPal,Next Day Air,Yes,Yes,16,Venmo,Every 3 Months
522,36,Male,Shorts,Clothing,41,Vermont,L,Gold,Winter,3.5,Yes,Credit Card,Standard,Yes,Yes,50,Bank Transfer,Annually
524,46,Male,Sandals,Footwear,40,Delaware,M,Orange,Spring,4.9,Yes,Cash,Express,Yes,Yes,5,PayPal,Quarterly
525,59,Male,Shirt,Clothing,39,Pennsylvania,M,Gold,Summer,4.8,Yes,Venmo,Free Shipping,Yes,Yes,44,PayPal,Annually
526,51,Male,Coat,Outerwear,37,Iowa,M,Cyan,Spring,3.2,Yes,Credit Card,Next Day Air,Yes,Yes,41,Debit Card,Monthly
528,21,Male,T-shirt,Clothing,23,South Carolina,L,Yellow,Winter,4.3,Yes,Bank Transfer,Next Day Air,Yes,Yes,47,Bank Transfer,Every 3 Months
530,32,Male,Shorts,Clothing,84,California,M,Orange,Fall,3.7,Yes,Cash,Standard,Yes,Yes,6,Credit Card,Monthly
533,26,Male,Pants,Clothing,76,Texas,L,Black,Winter,4.1,Yes,Bank Transfer,Express,Yes,Yes,35,Bank Transfer,Every 3 Months
534,57,Male,Sandals,Footwear,60,North Carolina,L,Pink,Spring,4.5,Yes,PayPal,Next Day Air,Yes,Yes,17,Debit Card,Weekly
536,56,Male,T-shirt,Clothing,45,West Virginia,L,Maroon,Spring,3.2,Yes,Credit Card,Free Shipping,Yes,Yes,24,Bank Transfer,Weekly
544,53,Male,Skirt,Clothing,98,Alabama,S,Red,Spring,4.3,Yes,Debit Card,Express,Yes,Yes,11,Credit Card,Monthly
545,34,Male,Sandals,Footwear,64,Washington,S,Yellow,Summer,3.3,Yes,Cash,Standard,Yes,Yes,30,Bank Transfer,Every 3 Months
546,33,Male,Coat,Outerwear,32,Alabama,L,Magenta,Summer,3.5,Yes,Bank Transfer,2-Day Shipping,Yes,Yes,48,Debit Card,Annually
547,62,Male,Hoodie,Clothing,74,New Mexico,M,Brown,Winter,3.4,Yes,Cash,Free Shipping,Yes,Yes,45,Venmo,Bi-Weekly
548,38,Male,Jacket,Outerwear,50,Nevada,M,Blue,Winter,2.8,Yes,Debit Card,Free Shipping,Yes,Yes,26,Venmo,Weekly
553,24,Male,T-shirt,Clothing,94,Missouri,M,Peach,Fall,3.5,Yes,Bank Transfer,Express,Yes,Yes,18,Bank Transfer,Weekly
555,56,Male,Sneakers,Footwear,47,Minnesota,M,Red,Summer,3.0,Yes,PayPal,Express,Yes,Yes,34,Bank Transfer,Weekly
558,18,Male,Shirt,Clothing,60,Alaska,M,White,Spring,2.9,Yes,PayPal,Free Shipping,Yes,Yes,31,Debit Card,Weekly
559,50,Male,Sneakers,Footwear,77,Iowa,L,Teal,Fall,3.2,Yes,Venmo,Express,Yes,Yes,43,Debit Card,Every 3 Months
562,65,Male,Jacket,Outerwear,65,Alabama,M,Blue,Fall,2.6,Yes,Credit Card,Next Day Air,Yes,Yes,25,PayPal,Fortnightly
563,53,Male,Jeans,Clothing,62,Missouri,M,Blue,Summer,3.5,Yes,PayPal,Standard,Yes,Yes,40,Debit Card,Annually
564,61,Male,Shoes,Footwear,99,Idaho,M,Black,Fall,4.4,Yes,PayPal,Standard,Yes,Yes,16,Debit Card,Quarterly
565,67,Male,Hoodie,Clothing,58,Florida,M,Olive,Winter,3.4,Yes,Cash,Next Day Air,Yes,Yes,30,Bank Transfer,Weekly
568,21,Male,Blouse,Clothing,50,New Hampshire,S,Red,Winter,3.0,Yes,Venmo,Next Day Air,Yes,Yes,24,Venmo,Fortnightly
569,44,Male,Pants,Clothing,88,Utah,L,Red,Summer,4.0,Yes,Bank Transfer,Free Shipping,Yes,Yes,36,PayPal,Monthly
570,65,Male,Skirt,Clothing,33,Alabama,M,Pink,Fall,4.4,Yes,PayPal,Express,Yes,Yes,46,Credit Card,Every 3 Months
572,54,Male,Jacket,Outerwear,76,Kentucky,XL,Cyan,Spring,3.6,Yes,Venmo,Free Shipping,Yes,Yes,37,Venmo,Weekly
574,58,Male,Pants,Clothing,68,California,M,Charcoal,Summer,3.2,Yes,Cash,2-Day Shipping,Yes,Yes,23,Credit Card,Bi-Weekly
575,54,Male,Sneakers,Footwear,79,Maine,L,Red,Fall,4.8,Yes,PayPal,Free Shipping,Yes,Yes,20,Bank Transfer,Bi-Weekly
576,58,Male,Jeans,Clothing,86,Nebraska,M,Peach,Fall,4.8,Yes,Venmo,Express,Yes,Yes,38,PayPal,Monthly
579,69,Male,Sandals,Footwear,90,Maine,M,Purple,Fall,4.6,Yes,Debit Card,Next Day Air,Yes,Yes,22,Credit Card,Fortnightly
580,58,Male,Sandals,Footwear,41,California,M,Violet,Winter,3.7,Yes,Debit Card,Free Shipping,Yes,Yes,48,Credit Card,Annually
581,49,Male,Sweater,Clothing,80,Iowa,M,Orange,Spring,4.1,Yes,PayPal,Free Shipping,Yes,Yes,10,PayPal,Weekly
585,70,Male,Socks,Clothing,94,Indiana,M,White,Spring,4.7,Yes,PayPal,Free Shipping,Yes,Yes,20,Debit Card,Monthly
587,45,Male,Hoodie,Clothing,20,Wisconsin,S,Blue,Winter,4.9,Yes,Venmo,2-Day Shipping,Yes,Yes,9,Venmo,Annually
588,29,Male,Socks,Clothing,86,Washington,S,Maroon,Fall,4.2,Yes,PayPal,Express,Yes,Yes,48,Debit Card,Every 3 Months
589,47,Male,Boots,Footwear,60,South Dakota,M,Violet,Fall,3.0,Yes,Debit Card,Standard,Yes,Yes,9,Debit Card,Quarterly
590,28,Male,Shirt,Clothing,70,Minnesota,M,Orange,Fall,3.4,Yes,Debit Card,2-Day Shipping,Yes,Yes,40,PayPal,Annually
593,60,Male,Boots,Footwear,29,North Dakota,M,Brown,Fall,3.2,Yes,Venmo,Free Shipping,Yes,Yes,42,Venmo,Every 3 Months
595,35,Male,Hoodie,Clothing,83,Oklahoma,S,Brown,Winter,2.5,Yes,Cash,Next Day Air,Yes,Yes,6,Debit Card,Monthly
596,30,Male,Shoes,Footwear,77,Delaware,M,Silver,Summer,3.6,Yes,Credit Card,Next Day Air,Yes,Yes,47,PayPal,Quarterly
600,51,Male,Boots,Footwear,26,Massachusetts,L,Teal,Spring,4.2,Yes,Cash,Standard,Yes,Yes,27,Debit Card,Every 3 Months
610,51,Male,Sweater,Clothing,54,Ohio,L,Purple,Fall,4.6,Yes,Cash,Next Day Air,Yes,Yes,49,Credit Card,Fortnightly
611,53,Male,Shorts,Clothing,72,Oklahoma,M,Charcoal,Summer,2.5,Yes,Debit Card,Free Shipping,Yes,Yes,27,Bank Transfer,Every 3 Months
616,67,Male,Sandals,Footwear,100,Maryland,L,Olive,Summer,2.6,Yes,Debit Card,Next Day Air,Yes,Yes,23,Venmo,Annually
619,61,Male,Jacket,Outerwear,94,Indiana,L,Cyan,Spring,4.0,Yes,Credit Card,Express,Yes,Yes,21,Debit Card,Bi-Weekly
623,69,Male,Socks,Clothing,63,Georgia,S,Peach,Spring,4.0,Yes,Credit Card,Next Day Air,Yes,Yes,44,Bank Transfer,Fortnightly
624,19,Male,Shoes,Footwear,70,Nevada,M,White,Fall,4.7,Yes,Bank Transfer,Standard,Yes,Yes,48,PayPal,Bi-Weekly
625,55,Male,Pants,Clothing,87,South Carolina,XL,Pink,Fall,3.4,Yes,Venmo,Express,Yes,Yes,21,PayPal,Annually
628,42,Male,Sandals,Footwear,44,Oregon,L,Black,Winter,4.1,Yes,Venmo,Express,Yes,Yes,24,PayPal,Monthly
629,69,Male,Sweater,Clothing,85,Massachusetts,M,White,Fall,3.7,Yes,Venmo,2-Day Shipping,Yes,Yes,29,Credit Card,Monthly
630,26,Male,Shoes,Footwear,90,Vermont,L,Beige,Spring,4.7,Yes,Bank Transfer,Standard,Yes,Yes,11,Debit Card,Annually
634,66,Male,Sandals,Footwear,33,Minnesota,M,Orange,Spring,2.9,Yes,Bank Transfer,Express,Yes,Yes,50,Debit Card,Quarterly
635,36,Male,Sneakers,Footwear,60,Ohio,M,Teal,Summer,3.9,Yes,Bank Transfer,Standard,Yes,Yes,46,PayPal,Weekly
639,53,Male,Sandals,Footwear,20,Maryland,S,Blue,Summer,2.7,Yes,Venmo,Express,Yes,Yes,41,PayPal,Monthly
640,54,Male,Dress,Clothing,24,Mississippi,L,Olive,Spring,4.0,Yes,Credit Card,2-Day Shipping,Yes,Yes,50,Credit Card,Annually
642,47,Male,Blouse,Clothing,78,Alaska,M,Red,Winter,3.9,Yes,Venmo,2-Day Shipping,Yes,Yes,23,Credit Card,Every 3 Months
643,64,Male,Skirt,Clothing,25,Arkansas,L,Red,Spring,2.8,Yes,Credit Card,2-Day Shipping,Yes,Yes,14,Debit Card,Bi-Weekly
644,18,Male,Sweater,Clothing,57,Oregon,XL,Green,Winter,3.2,Yes,Venmo,Next Day Air,Yes,Yes,10,Bank Transfer,Every 3 Months
646,62,Male,Hoodie,Clothing,42,Oklahoma,S,Purple,Summer,4.2,Yes,Credit Card,Express,Yes,Yes,15,Venmo,Bi-Weekly
647,51,Male,Boots,Footwear,54,Indiana,XL,Pink,Spring,4.9,Yes,Debit Card,Standard,Yes,Yes,19,Venmo,Bi-Weekly
648,54,Male,Blouse,Clothing,70,Mississippi,XL,Charcoal,Summer,3.7,Yes,Bank Transfer,Express,Yes,Yes,23,Credit Card,Fortnightly
657,42,Male,Jeans,Clothing,23,Pennsylvania,M,Beige,Summer,3.9,Yes,Debit Card,Standard,Yes,Yes,6,PayPal,Quarterly
658,48,Male,Jacket,Outerwear,80,Arizona,M,White,Winter,4.3,Yes,PayPal,Free Shipping,Yes,Yes,6,PayPal,Quarterly
661,50,Male,Coat,Outerwear,79,Montana,M,Olive,Fall,5.0,Yes,Debit Card,2-Day Shipping,Yes,Yes,39,Credit Card,Quarterly
664,59,Male,Dress,Clothing,83,Alaska,M,Charcoal,Fall,4.7,Yes,Cash,Express,Yes,Yes,23,Credit Card,Monthly
665,63,Male,Pants,Clothing,83,Colorado,M,Indigo,Winter,4.4,Yes,Cash,Express,Yes,Yes,41,PayPal,Bi-Weekly
666,41,Male,Pants,Clothing,55,New Mexico,M,Peach,Spring,4.9,Yes,Cash,2-Day Shipping,Yes,Yes,50,Credit Card,Annually
667,35,Male,Hoodie,Clothing,26,Colorado,L,Turquoise,Winter,3.1,Yes,Cash,Free Shipping,Yes,Yes,30,Debit Card,Quarterly
669,49,Male,T-shirt,Clothing,85,Hawaii,S,Turquoise,Fall,2.9,Yes,Credit Card,Express,Yes,Yes,35,Bank Transfer,Monthly
670,43,Male,Jacket,Outerwear,89,Illinois,M,Gray,Spring,3.3,Yes,PayPal,Free Shipping,Yes,Yes,45,Venmo,Bi-Weekly
674,35,Male,Shirt,Clothing,66,Oklahoma,M,Indigo,Spring,4.2,Yes,Cash,Free Shipping,Yes,Yes,27,Venmo,Bi-Weekly
677,28,Male,Pants,Clothing,60,Connecticut,M,Peach,Winter,2.9,Yes,Debit Card,2-Day Shipping,Yes,Yes,38,Venmo,Bi-Weekly
678,60,Male,Socks,Clothing,62,Washington,S,Turquoise,Summer,2.7,Yes,PayPal,Express,Yes,Yes,41,PayPal,Annually
680,56,Male,Sandals,Footwear,95,Michigan,M,Turquoise,Fall,3.4,Yes,PayPal,Express,Yes,Yes,37,Venmo,Fortnightly
681,58,Male,Sneakers,Footwear,25,Tennessee,M,Magenta,Spring,4.2,Yes,Venmo,Express,Yes,Yes,3,PayPal,Annually
682,30,Male,Shirt,Clothing,59,Louisiana,XL,Purple,Winter,3.8,Yes,PayPal,2-Day Shipping,Yes,Yes,24,Credit Card,Every 3 Months
683,23,Male,Jacket,Outerwear,29,Missouri,M,Brown,Summer,4.0,Yes,Debit Card,Standard,Yes,Yes,49,Credit Card,Bi-Weekly
684,33,Male,Sandals,Footwear,36,Michigan,S,Violet,Winter,2.7,Yes,Venmo,Free Shipping,Yes,Yes,3,Bank Transfer,Monthly
687,70,Male,Sweater,Clothing,35,Indiana,L,Beige,Fall,3.0,Yes,PayPal,2-Day Shipping,Yes,Yes,33,Venmo,Fortnightly
690,19,Male,Hoodie,Clothing,91,Pennsylvania,M,Orange,Summer,4.7,Yes,Cash,Express,Yes,Yes,35,Credit Card,Every 3 Months
691,25,Male,Shorts,Clothing,68,Alaska,XL,Red,Spring,4.8,Yes,Bank Transfer,Standard,Yes,Yes,45,Bank Transfer,Weekly
695,41,Male,Dress,Clothing,21,Kentucky,S,Charcoal,Fall,3.5,Yes,Venmo,2-Day Shipping,Yes,Yes,38,Venmo,Every 3 Months
696,30,Male,Shorts,Clothing,67,Nevada,XL,Peach,Summer,3.7,Yes,Bank Transfer,Next Day Air,Yes,Yes,15,Debit Card,Every 3 Months
699,55,Male,Boots,Footwear,41,Iowa,M,Yellow,Winter,3.8,Yes,PayPal,Standard,Yes,Yes,40,Debit Card,Weekly
701,57,Male,Pants,Clothing,79,Wisconsin,L,Olive,Winter,4.1,Yes,Venmo,Standard,Yes,Yes,5,PayPal,Monthly
702,51,Male,Boots,Footwear,90,Idaho,L,Red,Fall,3.3,Yes,Cash,Next Day Air,Yes,Yes,5,Debit Card,Every 3 Months
704,63,Male,Dress,Clothing,87,Connecticut,L,Pink,Summer,3.0,Yes,Debit Card,Standard,Yes,Yes,21,Venmo,Weekly
705,34,Male,Hoodie,Clothing,66,Idaho,S,Black,Spring,3.2,Yes,Venmo,Express,Yes,Yes,18,PayPal,Annually
707,46,Male,Jeans,Clothing,47,Iowa,L,Turquoise,Summer,4.8,Yes,Venmo,Express,Yes,Yes,27,Debit Card,Weekly
708,59,Male,Shirt,Clothing,38,Louisiana,L,Purple,Spring,3.7,Yes,Debit Card,Next Day Air,Yes,Yes,21,Venmo,Annually
710,49,Male,Jacket,Outerwear,79,Massachusetts,L,Charcoal,Summer,4.6,Yes,Debit Card,Standard,Yes,Yes,23,Debit Card,Monthly
712,64,Male,Boots,Footwear,60,New Hampshire,M,Maroon,Spring,3.5,Yes,PayPal,2-Day Shipping,Yes,Yes,13,Bank Transfer,Bi-Weekly
713,42,Male,Blouse,Clothing,81,New Hampshire,XL,Black,Summer,3.8,Yes,Credit Card,Next Day Air,Yes,Yes,36,Bank Transfer,Quarterly
714,37,Male,Hoodie,Clothing,90,Oregon,M,Lavender,Summer,2.6,Yes,Bank Transfer,Express,Yes,Yes,39,Bank Transfer,Bi-Weekly
716,33,Male,Jeans,Clothing,63,Delaware,L,Green,Spring,2.6,Yes,Venmo,Express,Yes,Yes,37,Debit Card,Quarterly
718,21,Male,Socks,Clothing,90,Alaska,L,Green,Spring,4.2,Yes,Debit Card,Express,Yes,Yes,7,Venmo,Every 3 Months
719,22,Male,Shirt,Clothing,22,Florida,M,Peach,Summer,4.6,Yes,Bank Transfer,Standard,Yes,Yes,25,Bank Transfer,Annually
720,63,Male,Shorts,Clothing,22,Mississippi,L,Turquoise,Summer,3.3,Yes,Venmo,Next Day Air,Yes,Yes,42,Venmo,Bi-Weekly
722,43,Male,Blouse,Clothing,57,California,L,Silver,Summer,4.4,Yes,Debit Card,Next Day Air,Yes,Yes,41,Debit Card,Every 3 Months
727,32,Male,Shorts,Clothing,78,North Dakota,L,Yellow,Summer,3.6,Yes,PayPal,Next Day Air,Yes,Yes,20,Bank Transfer,Every 3 Months
728,62,Male,Sweater,Clothing,97,Arkansas,S,Gray,Winter,4.8,Yes,Credit Card,Next Day Air,Yes,Yes,37,Venmo,Every 3 Months
729,29,Male,Jeans,Clothing,78,Nebraska,M,Pink,Winter,3.7,Yes,Debit Card,Next Day Air,Yes,Yes,12,PayPal,Every 3 Months
731,48,Male,Boots,Footwear,25,Massachusetts,M,Indigo,Summer,3.9,Yes,Venmo,Standard,Yes,Yes,28,Venmo,Fortnightly
732,43,Male,Coat,Outerwear,28,Arkansas,M,Red,Spring,3.5,Yes,Credit Card,Free Shipping,Yes,Yes,30,PayPal,Fortnightly
734,45,Male,Dress,Clothing,36,Rhode Island,L,Cyan,Fall,2.7,Yes,Cash,2-Day Shipping,Yes,Yes,20,Debit Card,Bi-Weekly
735,65,Male,Shirt,Clothing,69,New Jersey,S,Violet,Winter,3.1,Yes,Venmo,Express,Yes,Yes,39,Bank Transfer,Every 3 Months
737,18,Male,Dress,Clothing,58,Colorado,L,Maroon,Spring,2.9,Yes,Debit Card,2-Day Shipping,Yes,Yes,32,Credit Card,Every 3 Months
740,64,Male,Shorts,Clothing,29,Minnesota,S,Purple,Summer,3.5,Yes,Cash,Free Shipping,Yes,Yes,26,Venmo,Bi-Weekly
741,26,Male,Jeans,Clothing,69,South Dakota,M,Orange,Summer,2.8,Yes,Bank Transfer,Next Day Air,Yes,Yes,22,Credit Card,Fortnightly
742,22,Male,T-shirt,Clothing,79,West Virginia,XL,Yellow,Summer,4.7,Yes,Debit Card,Free Shipping,Yes,Yes,23,Bank Transfer,Every 3 Months
743,64,Male,Pants,Clothing,39,Nevada,M,Charcoal,Summer,3.1,Yes,Debit Card,Express,Yes,Yes,21,Debit Card,Quarterly
745,67,Male,Boots,Footwear,66,Illinois,S,Charcoal,Spring,4.1,Yes,Debit Card,Next Day Air,Yes,Yes,42,Debit Card,Bi-Weekly
746,46,Male,T-shirt,Clothing,92,Michigan,L,Orange,Fall,4.7,Yes,Credit Card,Standard,Yes,Yes,4,Venmo,Monthly
747,40,Male,Sandals,Footwear,45,Michigan,M,Red,Winter,2.5,Yes,Debit Card,Free Shipping,Yes,Yes,47,Credit Card,Annually
748,51,Male,Shorts,Clothing,74,Oklahoma,L,Gold,Spring,4.4,Yes,Venmo,Next Day Air,Yes,Yes,13,Bank Transfer,Weekly
751,25,Male,T-shirt,Clothing,95,Maryland,L,Violet,Fall,3.4,Yes,Bank Transfer,Free Shipping,Yes,Yes,5,Venmo,Annually
756,66,Male,Coat,Outerwear,24,Florida,M,Violet,Spring,3.3,Yes,Venmo,Free Shipping,Yes,Yes,22,PayPal,Weekly
759,66,Male,Shoes,Footwear,71,Massachusetts,L,Peach,Summer,4.6,Yes,Bank Transfer,2-Day Shipping,Yes,Yes,39,Bank Transfer,Every 3 Months
760,51,Male,Dress,Clothing,49,Rhode Island,XL,Green,Winter,2.6,Yes,Bank Transfer,Next Day Air,Yes,Yes,25,Credit Card,Fortnightly
764,61,Male,Sweater,Clothing,50,North Carolina,M,Brown,Spring,2.9,Yes,Debit Card,2-Day Shipping,Yes,Yes,6,Credit Card,Monthly
765,55,Male,Skirt,Clothing,39,Virginia,XL,Silver,Fall,4.2,Yes,Bank Transfer,Free Shipping,Yes,Yes,6,Debit Card,Quarterly
771,19,Male,Sneakers,Footwear,54,Vermont,M,Gray,Spring,3.3,Yes,Venmo,Express,Yes,Yes,8,Credit Card,Annually
772,22,Male,Sweater,Clothing,68,Hawaii,L,Cyan,Fall,2.6,Yes,Credit Card,Next Day Air,Yes,Yes,34,Bank Transfer,Fortnightly
773,18,Male,Jeans,Clothing,22,Illinois,L,Teal,Fall,3.6,Yes,Cash,Free Shipping,Yes,Yes,40,Debit Card,Bi-Weekly
777,49,Male,Shirt,Clothing,60,Alabama,M,Maroon,Spring,5.0,Yes,PayPal,Standard,Yes,Yes,8,Venmo,Every 3 Months
778,55,Male,Socks,Clothing,32,Wyoming,XL,Silver,Spring,2.5,Yes,Credit Card,Express,Yes,Yes,37,Venmo,Weekly
784,63,Male,T-shirt,Clothing,65,Louisiana,L,Purple,Winter,4.5,Yes,Debit Card,Next Day Air,Yes,Yes,38,PayPal,Fortnightly
786,46,Male,Shorts,Clothing,62,Louisiana,S,Purple,Spring,4.0,Yes,Bank Transfer,Next Day Air,Yes,Yes,37,PayPal,Fortnightly
793,34,Male,Sneakers,Footwear,45,New Jersey,M,Violet,Spring,4.2,Yes,Venmo,Next Day Air,Yes,Yes,45,Venmo,Weekly
794,24,Male,Pants,Clothing,35,Alabama,L,Maroon,Summer,3.8,Yes,Cash,Free Shipping,Yes,Yes,16,Credit Card,Monthly
797,42,Male,Socks,Clothing,78,Arizona,XL,Black,Fall,4.0,Yes,Debit Card,2-Day Shipping,Yes,Yes,43,Credit Card,Annually
798,42,Male,Coat,Outerwear,82,Maryland,M,Violet,Fall,4.0,Yes,Cash,2-Day Shipping,Yes,Yes,38,Debit Card,Weekly
799,29,Male,Socks,Clothing,39,Alaska,M,Violet,Spring,3.8,Yes,Cash,2-Day Shipping,Yes,Yes,48,PayPal,Every 3 Months
803,38,Male,Pants,Clothing,41,Delaware,M,Teal,Winter,3.5,Yes,Venmo,Next Day Air,Yes,Yes,2,Bank Transfer,Weekly
804,32,Male,Shorts,Clothing,38,Connecticut,L,Silver,Winter,2.8,Yes,Credit Card,Express,Yes,Yes,30,Venmo,Every 3 Months
806,41,Male,Dress,Clothing,30,Connecticut,L,White,Summer,3.7,Yes,Venmo,Next Day Air,Yes,Yes,40,Debit Card,Monthly
807,56,Male,Jeans,Clothing,56,Florida,L,Charcoal,Summer,2.7,Yes,Credit Card,Standard,Yes,Yes,46,PayPal,Quarterly
808,27,Male,T-shirt,Clothing,89,New York,S,Brown,Winter,3.3,Yes,Bank Transfer,Express,Yes,Yes,15,Credit Card,Weekly
810,48,Male,Boots,Footwear,81,South Carolina,M,Violet,Fall,4.9,Yes,PayPal,Next Day Air,Yes,Yes,30,PayPal,Bi-Weekly
812,18,Male,Sneakers,Footwear,35,Illinois,M,Green,Winter,2.7,Yes,Debit Card,Free Shipping,Yes,Yes,36,Venmo,Quarterly
813,64,Male,Boots,Footwear,56,Alaska,M,Olive,Summer,3.2,Yes,PayPal,Standard,Yes,Yes,32,Credit Card,Weekly
815,31,Male,Shirt,Clothing,62,Minnesota,M,Pink,Winter,3.8,Yes,Cash,Express,Yes,Yes,8,PayPal,Monthly
821,56,Male,Sneakers,Footwear,39,Louisiana,M,Turquoise,Spring,2.5,Yes,Cash,2-Day Shipping,Yes,Yes,27,Debit Card,Monthly
822,62,Male,Hoodie,Clothing,39,Vermont,M,Green,Spring,3.9,Yes,Cash,Standard,Yes,Yes,31,Credit Card,Bi-Weekly
823,35,Male,Shirt,Clothing,59,Mississippi,L,Magenta,Winter,3.4,Yes,Cash,Standard,Yes,Yes,23,Bank Transfer,Annually
827,54,Male,Dress,Clothing,94,Massachusetts,M,Purple,Winter,3.6,Yes,Credit Card,Standard,Yes,Yes,36,PayPal,Weekly
828,31,Male,Shoes,Footwear,51,Colorado,S,Green,Fall,4.1,Yes,Credit Card,Free Shipping,Yes,Yes,33,Bank Transfer,Fortnightly
829,24,Male,Socks,Clothing,62,Nevada,M,Peach,Fall,3.7,Yes,Bank Transfer,2-Day Shipping,Yes,Yes,27,PayPal,Bi-Weekly
830,42,Male,Socks,Clothing,57,Idaho,S,Silver,Spring,3.1,Yes,Debit Card,2-Day Shipping,Yes,Yes,14,Credit Card,Fortnightly
831,41,Male,Shorts,Clothing,76,Wyoming,M,Maroon,Fall,4.2,Yes,Cash,Express,Yes,Yes,5,Credit Card,Annually
836,35,Male,Boots,Footwear,26,Maryland,L,Indigo,Summer,2.5,Yes,Debit Card,Next Day Air,Yes,Yes,21,Debit Card,Weekly
839,33,Male,Coat,Outerwear,29,Kentucky,M,Gray,Spring,4.3,Yes,Bank Transfer,Express,Yes,Yes,49,Credit Card,Annually
840,48,Male,Shirt,Clothing,31,Illinois,L,Teal,Spring,2.6,Yes,Cash,Free Shipping,Yes,Yes,10,Debit Card,Every 3 Months
841,42,Male,Shirt,Clothing,24,Alabama,L,Teal,Summer,4.2,Yes,Bank Transfer,2-Day Shipping,Yes,Yes,18,PayPal,Weekly
843,59,Male,Shirt,Clothing,87,Missouri,M,Violet,Spring,3.6,Yes,Venmo,Express,Yes,Yes,25,PayPal,Weekly
844,65,Male,Hoodie,Clothing,80,Pennsylvania,S,Beige,Summer,3.2,Yes,Cash,Express,Yes,Yes,6,PayPal,Weekly
845,59,Male,Sandals,Footwear,48,Missouri,L,Purple,Winter,4.4,Yes,PayPal,Express,Yes,Yes,44,Venmo,Bi-Weekly
847,49,Male,Boots,Footwear,72,Kentucky,M,Pink,Spring,3.7,Yes,Bank Transfer,Express,Yes,Yes,42,Debit Card,Quarterly
848,53,Male,Hoodie,Clothing,44,New Jersey,L,Blue,Fall,4.1,Yes,Bank Transfer,Standard,Yes,Yes,30,PayPal,Monthly
850,23,Male,Jeans,Clothing,61,Missouri,S,Charcoal,Spring,4.3,Yes,Debit Card,Express,Yes,Yes,24,PayPal,Quarterly
852,35,Male,Sandals,Footwear,86,Massachusetts,M,Red,Summer,2.9,Yes,Credit Card,Express,Yes,Yes,19,Debit Card,Monthly
853,34,Male,Dress,Clothing,60,Florida,L,Yellow,Spring,4.2,Yes,Venmo,Next Day Air,Yes,Yes,23,Debit Card,Every 3 Months
855,21,Male,Pants,Clothing,44,California,L,Blue,Spring,4.3,Yes,Bank Transfer,Free Shipping,Yes,Yes,22,Venmo,Monthly
856,70,Male,Socks,Clothing,76,Oregon,L,Gold,Spring,3.0,Yes,Cash,2-Day Shipping,Yes,Yes,14,Credit Card,Quarterly
857,55,Male,Shirt,Clothing,33,Alaska,M,Gold,Summer,3.5,Yes,Debit Card,Express,Yes,Yes,47,Debit Card,Fortnightly
858,43,Male,Shorts,Clothing,60,Missouri,L,Cyan,Fall,3.0,Yes,Cash,Standard,Yes,Yes,50,Debit Card,Every 3 Months
859,19,Male,Jacket,Outerwear,26,Oklahoma,L,Olive,Fall,3.1,Yes,PayPal,Free Shipping,Yes,Yes,33,PayPal,Weekly
860,47,Male,Hoodie,Clothing,73,Wisconsin,M,Teal,Winter,4.0,Yes,Credit Card,Next Day Air,Yes,Yes,7,Debit Card,Monthly
862,46,Male,Skirt,Clothing,100,Virginia,XL,Green,Spring,3.3,Yes,PayPal,2-Day Shipping,Yes,Yes,35,Credit Card,Every 3 Months
863,19,Male,Coat,Outerwear,84,Arkansas,M,Charcoal,Winter,4.9,Yes,PayPal,Standard,Yes,Yes,13,PayPal,Fortnightly
864,49,Male,Sneakers,Footwear,41,Vermont,M,Cyan,Summer,3.9,Yes,PayPal,Standard,Yes,Yes,42,PayPal,Fortnightly
865,51,Male,Jeans,Clothing,59,Kentucky,S,Charcoal,Winter,3.9,Yes,PayPal,Next Day Air,Yes,Yes,5,PayPal,Annually
868,37,Male,Jacket,Outerwear,20,Colorado,M,Turquoise,Spring,3.1,Yes,Debit Card,Free Shipping,Yes,Yes,23,Bank Transfer,Fortnightly
869,40,Male,Dress,Clothing,83,North Carolina,M,Green,Summer,3.2,Yes,Credit Card,Next Day Air,Yes,Yes,2,Credit Card,Every 3 Months
871,66,Male,Hoodie,Clothing,66,West Virginia,M,Blue,Fall,2.5,Yes,Cash,Standard,Yes,Yes,6,Bank Transfer,Bi-Weekly
874,51,Male,Boots,Footwear,77,Mississippi,M,Pink,Summer,4.2,Yes,PayPal,Free Shipping,Yes,Yes,24,Venmo,Quarterly
875,25,Male,Jacket,Outerwear,65,Maine,M,Magenta,Fall,4.4,Yes,PayPal,Free Shipping,Yes,Yes,10,Venmo,Every 3 Months
876,37,Male,Sandals,Footwear,39,North Dakota,L,Gray,Summer,4.1,Yes,Venmo,Free Shipping,Yes,Yes,7,Bank Transfer,Every 3 Months
880,62,Male,Skirt,Clothing,76,Wyoming,S,Lavender,Spring,4.1,Yes,Credit Card,Free Shipping,Yes,Yes,14,PayPal,Quarterly
882,52,Male,Sandals,Footwear,61,South Carolina,M,Silver,Summer,2.7,Yes,Credit Card,Next Day Air,Yes,Yes,18,Venmo,Annually
884,28,Male,Sneakers,Footwear,37,Pennsylvania,S,Gold,Fall,4.3,Yes,Venmo,Free Shipping,Yes,Yes,30,Bank Transfer,Monthly
885,67,Male,Skirt,Clothing,91,Hawaii,L,Yellow,Winter,4.1,Yes,Venmo,Express,Yes,Yes,34,Bank Transfer,Weekly
886,41,Male,Dress,Clothing,99,Ohio,L,Purple,Fall,4.4,Yes,Credit Card,Free Shipping,Yes,Yes,49,Debit Card,Every 3 Months
887,19,Male,Shorts,Clothing,54,Utah,S,Brown,Summer,3.6,Yes,PayPal,Express,Yes,Yes,48,Bank Transfer,Monthly
893,31,Male,Shorts,Clothing,64,New Mexico,L,Gray,Summer,2.7,Yes,Venmo,Free Shipping,Yes,Yes,43,Debit Card,Monthly
895,44,Male,Hoodie,Clothing,60,Wyoming,L,Purple,Spring,3.8,Yes,Venmo,Free Shipping,Yes,Yes,3,Debit Card,Quarterly
898,29,Male,Shirt,Clothing,91,Illinois,M,Gray,Spring,3.4,Yes,PayPal,Express,Yes,Yes,46,Venmo,Weekly
900,65,Male,Sweater,Clothing,58,Rhode Island,M,Peach,Summer,4.0,Yes,Debit Card,Standard,Yes,Yes,20,PayPal,Annually
904,44,Male,Jacket,Outerwear,45,Washington,M,Blue,Winter,3.3,Yes,Bank Transfer,Express,Yes,Yes,3,PayPal,Quarterly
905,69,Male,T-shirt,Clothing,99,Alaska,L,Magenta,Spring,2.9,Yes,Credit Card,Free Shipping,Yes,Yes,46,PayPal,Every 3 Months
906,46,Male,Dress,Clothing,68,Mississippi,S,Cyan,Spring,2.8,Yes,Credit Card,Standard,Yes,Yes,16,Venmo,Annually
907,41,Male,Pants,Clothing,56,South Carolina,M,Red,Spring,4.2,Yes,Debit Card,Standard,Yes,Yes,21,Debit Card,Bi-Weekly
908,32,Male,Sweater,Clothing,43,Missouri,L,Cyan,Winter,4.4,Yes,PayPal,Express,Yes,Yes,34,Credit Card,Bi-Weekly
911,49,Male,Hoodie,Clothing,25,South Carolina,S,Pink,Spring,3.4,Yes,Bank Transfer,Express,Yes,Yes,22,Credit Card,Monthly
912,53,Male,Pants,Clothing,74,Vermont,M,Black,Winter,2.8,Yes,Cash,2-Day Shipping,Yes,Yes,2,Bank Transfer,Quarterly
913,24,Male,Hoodie,Clothing,56,Arkansas,M,Green,Winter,3.4,Yes,Bank Transfer,Next Day Air,Yes,Yes,32,Bank Transfer,Monthly
915,43,Male,Dress,Clothing,67,Washington,L,Purple,Summer,4.1,Yes,PayPal,Standard,Yes,Yes,27,Venmo,Every 3 Months
917,49,Male,Jeans,Clothing,34,Illinois,S,Blue,Spring,2.7,Yes,Cash,Standard,Yes,Yes,16,Venmo,Monthly
918,69,Male,Sweater,Clothing,64,Missouri,M,Maroon,Spring,3.7,Yes,Debit Card,Standard,Yes,Yes,11,Bank Transfer,Quarterly
920,41,Male,Shirt,Clothing,82,Massachusetts,L,Green,Winter,2.6,Yes,PayPal,2-Day Shipping,Yes,Yes,17,Debit Card,Bi-Weekly
922,70,Male,Coat,Outerwear,24,South Dakota,L,Silver,Summer,4.1,Yes,Venmo,Express,Yes,Yes,18,PayPal,Weekly
923,63,Male,Sneakers,Footwear,60,Georgia,M,Cyan,Fall,4.2,Yes,Venmo,Standard,Yes,Yes,13,Credit Card,Monthly
924,55,Male,Shirt,Clothing,24,Arkansas,M,Silver,Spring,4.2,Yes,PayPal,2-Day Shipping,Yes,Yes,7,PayPal,Weekly
928,28,Male,Sneakers,Footwear,78,New Mexico,L,Black,Summer,4.4,Yes,Bank Transfer,Standard,Yes,Yes,8,Venmo,Bi-Weekly
930,59,Male,Boots,Footwear,94,Nebraska,M,White,Fall,4.5,Yes,Venmo,2-Day Shipping,Yes,Yes,26,Debit Card,Fortnightly
932,24,Male,Coat,Outerwear,36,Nebraska,M,Silver,Winter,4.1,Yes,Cash,Standard,Yes,Yes,24,Bank Transfer,Fortnightly
933,62,Male,Skirt,Clothing,24,Indiana,L,Blue,Winter,3.2,Yes,Venmo,Standard,Yes,Yes,45,Debit Card,Bi-Weekly
935,45,Male,Jeans,Clothing,47,Oregon,S,Yellow,Spring,3.7,Yes,Bank Transfer,Express,Yes,Yes,21,Bank Transfer,Monthly
938,32,Male,Shorts,Clothing,24,Iowa,M,Magenta,Summer,2.7,Yes,Debit Card,Express,Yes,Yes,18,Venmo,Quarterly
939,36,Male,Blouse,Clothing,97,Wisconsin,S,Teal,Fall,4.8,Yes,Bank Transfer,Free Shipping,Yes,Yes,21,Debit Card,Fortnightly
940,25,Male,T-shirt,Clothing,89,New York,L,Indigo,Winter,4.8,Yes,Venmo,Next Day Air,Yes,Yes,24,Credit Card,Monthly
943,26,Male,Dress,Clothing,91,Arizona,M,Cyan,Winter,3.2,Yes,Cash,Express,Yes,Yes,38,PayPal,Bi-Weekly
947,46,Male,Coat,Outerwear,24,Pennsylvania,XL,Blue,Spring,2.8,Yes,PayPal,Next Day Air,Yes,Yes,4,PayPal,Quarterly
950,33,Male,Jeans,Clothing,36,Montana,M,Olive,Summer,3.4,Yes,Cash,Standard,Yes,Yes,49,Venmo,Monthly
952,47,Male,Dress,Clothing,51,Alaska,M,Cyan,Summer,2.9,Yes,Venmo,Express,Yes,Yes,34,Bank Transfer,Monthly
956,55,Male,Dress,Clothing,75,Mississippi,L,Lavender,Summer,3.4,Yes,Venmo,Free Shipping,Yes,Yes,4,PayPal,Monthly
957,29,Male,Shirt,Clothing,99,Mississippi,XL,Cyan,Spring,2.9,Yes,Venmo,2-Day Shipping,Yes,Yes,42,Debit Card,Quarterly
959,70,Male,Sneakers,Footwear,53,Washington,XL,Beige,Winter,4.4,Yes,Cash,Free Shipping,Yes,Yes,31,Credit Card,Bi-Weekly
962,62,Male,Boots,Footwear,72,Pennsylvania,L,Olive,Fall,3.7,Yes,Venmo,Next Day Air,Yes,Yes,37,Debit Card,Quarterly
964,21,Male,Boots,Footwear,63,South Carolina,L,Green,Spring,2.5,Yes,Cash,2-Day Shipping,Yes,Yes,14,Credit Card,Weekly
965,42,Male,Sandals,Footwear,51,Arizona,M,Beige,Spring,2.6,Yes,Bank Transfer,Next Day Air,Yes,Yes,12,Venmo,Bi-Weekly
969,57,Male,Shorts,Clothing,67,North Carolina,L,Gray,Summer,3.1,Yes,Debit Card,Next Day Air,Yes,Yes,48,Bank Transfer,Quarterly
970,40,Male,Coat,Outerwear,31,California,S,Pink,Fall,3.2,Yes,Debit Card,Express,Yes,Yes,37,PayPal,Monthly
973,61,Male,Sneakers,Footwear,61,Colorado,L,Gold,Winter,3.0,Yes,Venmo,Standard,Yes,Yes,33,Credit Card,Weekly
974,60,Male,Jacket,Outerwear,75,Colorado,M,Teal,Fall,3.5,Yes,Venmo,2-Day Shipping,Yes,Yes,30,Bank Transfer,Quarterly
975,69,Male,Skirt,Clothing,90,North Carolina,M,Beige,Spring,3.6,Yes,Credit Card,2-Day Shipping,Yes,Yes,23,Bank Transfer,Monthly
976,58,Male,Sweater,Clothing,40,Washington,M,Olive,Summer,3.8,Yes,Bank Transfer,2-Day Shipping,Yes,Yes,2,Bank Transfer,Weekly
977,34,Male,T-shirt,Clothing,90,Florida,M,Gray,Fall,3.6,Yes,PayPal,Express,Yes,Yes,50,Credit Card,Every 3 Months
981,56,Male,Boots,Footwear,98,Maryland,S,Magenta,Spring,4.0,Yes,Bank Transfer,Free Shipping,Yes,Yes,39,PayPal,Every 3 Months
983,35,Male,Coat,Outerwear,62,Texas,S,Red,Summer,3.2,Yes,Venmo,Standard,Yes,Yes,37,PayPal,Monthly
985,26,Male,Shoes,Footwear,78,Utah,M,Green,Summer,3.4,Yes,Cash,Free Shipping,Yes,Yes,8,Credit Card,Bi-Weekly
989,50,Male,Pants,Clothing,84,Ohio,M,Orange,Winter,4.9,Yes,Venmo,2-Day Shipping,Yes,Yes,47,PayPal,Fortnightly
992,20,Male,Shorts,Clothing,97,Wisconsin,XL,White,Spring,2.7,Yes,Debit Card,Standard,Yes,Yes,40,Bank Transfer,Bi-Weekly
993,46,Male,Jacket,Outerwear,99,Louisiana,M,Gray,Winter,4.6,Yes,Credit Card,Express,Yes,Yes,50,Debit Card,Weekly
995,53,Male,Shoes,Footwear,68,New York,L,Violet,Fall,3.2,Yes,PayPal,Express,Yes,Yes,20,Debit Card,Monthly
997,29,Male,Sandals,Footwear,91,Delaware,L,Maroon,Summer,4.9,Yes,Bank Transfer,Standard,Yes,Yes,32,Bank Transfer,Quarterly
999,51,Male,Shoes,Footwear,90,Connecticut,M,White,Spring,3.8,Yes,Venmo,Next Day Air,Yes,Yes,48,Bank Transfer,Bi-Weekly
1000,50,Male,Socks,Clothing,28,New Mexico,L,Brown,Spring,2.9,Yes,Venmo,Standard,Yes,Yes,23,Debit Card,Monthly
1001,43,Male,Socks,Clothing,46,Georgia,M,Red,Winter,3.9,Yes,Credit Card,Express,Yes,Yes,1,Bank Transfer,Bi-Weekly
1002,61,Male,Dress,Clothing,60,Washington,M,Orange,Fall,3.6,Yes,Credit Card,Standard,Yes,Yes,4,Debit Card,Fortnightly
1007,21,Male,Pants,Clothing,83,Michigan,S,Lavender,Summer,4.5,Yes,Credit Card,Next Day Air,Yes,Yes,50,Venmo,Quarterly
1010,39,Male,Hoodie,Clothing,30,Louisiana,M,Silver,Summer,3.1,Yes,Bank Transfer,Express,Yes,Yes,11,Venmo,Annually
1011,54,Male,Jeans,Clothing,24,South Dakota,XL,Gray,Spring,4.7,Yes,PayPal,2-Day Shipping,Yes,Yes,37,Credit Card,Fortnightly
1013,28,Male,Sandals,Footwear,37,New Mexico,L,Teal,Summer,3.8,Yes,Cash,Express,Yes,Yes,27,Credit Card,Annually
1015,28,Male,Shoes,Footwear,97,Ohio,M,Violet,Summer,3.0,Yes,Bank Transfer,Standard,Yes,Yes,36,Debit Card,Fortnightly
1018,21,Male,Jacket,Outerwear,53,Oklahoma,L,Orange,Fall,2.5,Yes,Cash,Express,Yes,Yes,14,Credit Card,Annually
1020,32,Male,Shirt,Clothing,76,Kentucky,S,Beige,Winter,2.8,Yes,Debit Card,Standard,Yes,Yes,33,Venmo,Bi-Weekly
1022,55,Male,Coat,Outerwear,51,Massachusetts,S,Lavender,Winter,4.9,Yes,Credit Card,2-Day Shipping,Yes,Yes,39,PayPal,Weekly
1025,28,Male,T-shirt,Clothing,66,Pennsylvania,M,Purple,Summer,3.5,Yes,Debit Card,Free Shipping,Yes,Yes,18,Venmo,Quarterly
1026,60,Male,Shirt,Clothing,84,Nebraska,M,Olive,Winter,4.9,Yes,Bank Transfer,Free Shipping,Yes,Yes,15,Credit Card,Annually
1031,58,Male,Coat,Outerwear,89,Kentucky,L,Blue,Winter,3.3,Yes,Credit Card,Next Day Air,Yes,Yes,37,Debit Card,Quarterly
1033,55,Male,Boots,Footwear,36,Maine,M,Lavender,Fall,4.0,Yes,Bank Transfer,Free Shipping,Yes,Yes,44,Credit Card,Quarterly
1034,19,Male,Pants,Clothing,52,Montana,S,Silver,Spring,4.6,Yes,Credit Card,Free Shipping,Yes,Yes,41,Bank Transfer,Quarterly
1035,68,Male,Socks,Clothing,29,Maryland,M,Olive,Fall,4.2,Yes,Venmo,Next Day Air,Yes,Yes,44,Bank Transfer,Weekly
1036,61,Male,Blouse,Clothing,89,Georgia,M,Brown,Fall,2.8,Yes,Venmo,Express,Yes,Yes,32,Venmo,Annually
1039,41,Male,Pants,Clothing,74,Nebraska,XL,Cyan,Fall,3.0,Yes,Bank Transfer,Express,Yes,Yes,3,Bank Transfer,Weekly
1044,28,Male,Jeans,Clothing,76,Hawaii,M,Green,Spring,3.3,Yes,Bank Transfer,2-Day Shipping,Yes,Yes,28,Debit Card,Fortnightly
1045,39,Male,Jeans,Clothing,30,Oregon,L,Teal,Summer,4.4,Yes,Credit Card,Next Day Air,Yes,Yes,17,Bank Transfer,Every 3 Months
1046,54,Male,Sweater,Clothing,79,New Mexico,L,Black,Fall,3.5,Yes,Cash,2-Day Shipping,Yes,Yes,11,PayPal,Bi-Weekly
1047,40,Male,Sneakers,Footwear,22,Illinois,M,Magenta,Winter,4.2,Yes,Credit Card,Standard,Yes,Yes,12,Venmo,Annually
1048,31,Male,Socks,Clothing,36,Utah,S,Olive,Fall,4.2,Yes,Debit Card,Standard,Yes,Yes,7,Credit Card,Fortnightly
1049,30,Male,Socks,Clothing,77,Maine,L,Yellow,Fall,2.7,Yes,Cash,Standard,Yes,Yes,19,Venmo,Fortnightly
1051,48,Male,Sneakers,Footwear,64,Florida,M,Beige,Winter,3.8,Yes,Credit Card,Next Day Air,Yes,Yes,19,Venmo,Monthly
1052,45,Male,Socks,Clothing,53,Ohio,M,Indigo,Fall,2.6,Yes,PayPal,Free Shipping,Yes,Yes,39,PayPal,Annually
1053,60,Male,Shoes,Footwear,36,Virginia,XL,Pink,Fall,3.0,Yes,Venmo,2-Day Shipping,Yes,Yes,1,Credit Card,Fortnightly
1054,59,Male,Blouse,Clothing,70,Kansas,M,Blue,Spring,3.3,No,Cash,2-Day Shipping,Yes,Yes,10,Debit Card,Bi-Weekly
1055,18,Male,Shorts,Clothing,96,Arkansas,L,Cyan,Winter,4.9,No,Debit Card,Express,Yes,Yes,48,PayPal,Quarterly
1056,70,Male,Jacket,Outerwear,27,Massachusetts,M,Orange,Spring,3.3,No,PayPal,Next Day Air,Yes,Yes,24,Debit Card,Annually
1057,20,Male,Sweater,Clothing,64,Idaho,L,Black,Winter,2.9,No,Debit Card,2-Day Shipping,Yes,Yes,42,Venmo,Fortnightly
1058,65,Male,Jacket,Outerwear,23,Wisconsin,S,Maroon,Spring,4.4,No,Bank Transfer,2-Day Shipping,Yes,Yes,20,Credit Card,Weekly
1060,22,Male,Jacket,Outerwear,34,North Carolina,M,Beige,Winter,2.5,No,Venmo,Standard,Yes,Yes,25,Debit Card,Monthly
1061,27,Male,Sweater,Clothing,35,Iowa,S,Gray,Summer,2.6,No,PayPal,Next Day Air,Yes,Yes,21,Debit Card,Every 3 Months
1062,36,Male,Coat,Outerwear,62,Idaho,M,Gray,Summer,4.4,No,Debit Card,Free Shipping,Yes,Yes,12,Venmo,Every 3 Months
1063,59,Male,Boots,Footwear,75,Ohio,M,Brown,Fall,2.6,No,Venmo,Next Day Air,Yes,Yes,21,Debit Card,Every 3 Months
1068,18,Male,Dress,Clothing,43,Pennsylvania,S,Peach,Summer,2.7,No,Venmo,2-Day Shipping,Yes,Yes,22,PayPal,Quarterly
1069,55,Male,Shirt,Clothing,94,Wyoming,M,Olive,Fall,2.5,No,Bank Transfer,Standard,Yes,Yes,47,Credit Card,Weekly
1070,38,Male,Skirt,Clothing,81,Maryland,XL,White,Fall,4.3,No,Credit Card,Next Day Air,Yes,Yes,33,Venmo,Every 3 Months
1073,48,Male,Shorts,Clothing,92,Idaho,L,Gold,Fall,3.5,No,Bank Transfer,Express,Yes,Yes,34,Debit Card,Fortnightly
1077,33,Male,Coat,Outerwear,72,North Dakota,L,Charcoal,Spring,2.9,No,Bank Transfer,Standard,Yes,Yes,47,Venmo,Bi-Weekly
1078,58,Male,Jacket,Outerwear,28,West Virginia,M,Pink,Winter,3.7,No,Cash,Standard,Yes,Yes,5,PayPal,Quarterly
1079,37,Male,Sweater,Clothing,59,Arizona,M,Silver,Fall,4.4,No,Cash,Express,Yes,Yes,49,Credit Card,Fortnightly
1080,18,Male,Coat,Outerwear,33,Oklahoma,S,Blue,Summer,4.4,No,Bank Transfer,Free Shipping,Yes,Yes,48,Bank Transfer,Monthly
1088,45,Male,Jeans,Clothing,71,West Virginia,S,White,Winter,3.4,No,PayPal,Next Day Air,Yes,Yes,7,Bank Transfer,Monthly
1089,49,Male,Pants,Clothing,21,Louisiana,M,Turquoise,Winter,2.7,No,Bank Transfer,Free Shipping,Yes,Yes,2,PayPal,Weekly
1094,60,Male,Sneakers,Footwear,48,Delaware,S,Indigo,Winter,4.2,No,PayPal,2-Day Shipping,Yes,Yes,46,Venmo,Every 3 Months
1096,19,Male,Coat,Outerwear,34,Tennessee,S,Peach,Summer,3.0,No,Debit Card,Free Shipping,Yes,Yes,30,Bank Transfer,Quarterly
1097,57,Male,Coat,Outerwear,46,New Hampshire,S,Beige,Fall,2.6,No,Credit Card,Standard,Yes,Yes,48,Credit Card,Annually
1100,19,Male,Sweater,Clothing,73,North Carolina,M,Peach,Fall,2.6,No,Cash,Next Day Air,Yes,Yes,45,Bank Transfer,Fortnightly
1101,50,Male,Pants,Clothing,28,Nevada,L,Gold,Spring,4.4,No,Debit Card,Express,Yes,Yes,2,Credit Card,Weekly
1104,35,Male,Hoodie,Clothing,23,Tennessee,S,Charcoal,Spring,4.3,No,Debit Card,Free Shipping,Yes,Yes,8,Debit Card,Bi-Weekly
1106,33,Male,T-shirt,Clothing,83,Massachusetts,S,Olive,Spring,3.0,No,Credit Card,Next Day Air,Yes,Yes,6,Venmo,Every 3 Months
1110,66,Male,Hoodie,Clothing,97,Oklahoma,L,Violet,Winter,4.9,No,Debit Card,Next Day Air,Yes,Yes,2,Venmo,Weekly
1112,22,Male,Shoes,Footwear,66,New York,S,Olive,Summer,4.1,No,Bank Transfer,Next Day Air,Yes,Yes,4,Credit Card,Bi-Weekly
1113,69,Male,Hoodie,Clothing,67,Washington,XL,Pink,Spring,4.6,No,Credit Card,Free Shipping,Yes,Yes,32,PayPal,Quarterly
1115,55,Male,Skirt,Clothing,25,New Hampshire,L,Violet,Fall,2.6,No,Cash,Next Day Air,Yes,Yes,47,Bank Transfer,Every 3 Months
1121,22,Male,Sneakers,Footwear,84,Pennsylvania,M,Magenta,Winter,4.0,No,Venmo,Next Day Air,Yes,Yes,40,Debit Card,Monthly
1126,27,Male,Sandals,Footwear,90,North Dakota,M,Lavender,Summer,2.7,No,Debit Card,2-Day Shipping,Yes,Yes,10,Bank Transfer,Weekly
1130,37,Male,Hoodie,Clothing,65,New Hampshire,XL,White,Winter,4.7,No,Credit Card,Express,Yes,Yes,46,Venmo,Fortnightly
1132,67,Male,Shirt,Clothing,73,Illinois,M,Black,Spring,3.7,No,Credit Card,Express,Yes,Yes,20,Bank Transfer,Monthly
1135,62,Male,T-shirt,Clothing,81,Wisconsin,M,Brown,Summer,4.6,No,Bank Transfer,Express,Yes,Yes,2,Venmo,Every 3 Months
1136,65,Male,Skirt,Clothing,90,Massachusetts,L,Peach,Winter,3.6,No,PayPal,2-Day Shipping,Yes,Yes,32,Bank Transfer,Quarterly
1138,46,Male,Shirt,Clothing,91,New Mexico,XL,Pink,Winter,2.8,No,Credit Card,2-Day Shipping,Yes,Yes,16,Bank Transfer,Every 3 Months
1139,18,Male,Pants,Clothing,36,Iowa,M,Purple,Summer,4.7,No,Venmo,Express,Yes,Yes,32,Venmo,Fortnightly
1140,58,Male,Coat,Outerwear,53,Alabama,L,Purple,Spring,3.9,No,PayPal,Standard,Yes,Yes,42,Debit Card,Bi-Weekly
1144,68,Male,Boots,Footwear,23,Nevada,L,Teal,Winter,4.4,No,Cash,Standard,Yes,Yes,43,PayPal,Quarterly
1145,41,Male,Jeans,Clothing,54,South Carolina,S,Indigo,Fall,4.4,No,PayPal,2-Day Shipping,Yes,Yes,25,Bank Transfer,Fortnightly
1147,48,Male,Sneakers,Footwear,38,Wisconsin,M,Indigo,Summer,4.2,No,Debit Card,Standard,Yes,Yes,7,Bank Transfer,Every 3 Months
1152,41,Male,Blouse,Clothing,86,Ohio,M,Gray,Spring,4.2,No,Bank Transfer,Express,Yes,Yes,24,Credit Card,Weekly
1154,27,Male,Shirt,Clothing,41,Idaho,M,Pink,Summer,4.0,No,PayPal,Free Shipping,Yes,Yes,6,Bank Transfer,Quarterly
1155,49,Male,Dress,Clothing,82,Georgia,L,Cyan,Spring,2.9,No,Venmo,2-Day Shipping,Yes,Yes,44,Credit Card,Bi-Weekly
1156,67,Male,T-shirt,Clothing,53,Tennessee,S,Red,Fall,2.6,No,Debit Card,Express,Yes,Yes,47,PayPal,Quarterly
1157,20,Male,Shoes,Footwear,21,Hawaii,M,Gold,Summer,4.8,No,PayPal,Express,Yes,Yes,6,Venmo,Every 3 Months
1162,63,Male,Shorts,Clothing,52,Oklahoma,S,Orange,Fall,3.1,No,Bank Transfer,2-Day Shipping,Yes,Yes,37,PayPal,Monthly
1163,47,Male,Sandals,Footwear,92,North Carolina,M,Blue,Winter,4.2,No,Venmo,Express,Yes,Yes,13,PayPal,Weekly
1164,26,Male,Pants,Clothing,56,Tennessee,L,White,Summer,3.0,No,Credit Card,2-Day Shipping,Yes,Yes,24,Debit Card,Monthly
1165,68,Male,Dress,Clothing,96,Montana,M,Green,Winter,4.2,No,Credit Card,Standard,Yes,Yes,47,PayPal,Quarterly
1166,51,Male,T-shirt,Clothing,64,Wisconsin,M,Silver,Winter,2.9,No,Cash,Next Day Air,Yes,Yes,21,Venmo,Every 3 Months
1168,60,Male,Socks,Clothing,83,New Jersey,XL,Beige,Summer,3.6,No,PayPal,Free Shipping,Yes,Yes,16,PayPal,Quarterly
1172,41,Male,Socks,Clothing,55,Louisiana,M,Lavender,Spring,3.9,No,Bank Transfer,Next Day Air,Yes,Yes,15,Debit Card,Annually
1177,36,Male,Dress,Clothing,83,Oregon,M,Red,Winter,4.6,No,Credit Card,Free Shipping,Yes,Yes,39,PayPal,Quarterly
1178,54,Male,Skirt,Clothing,21,Iowa,M,Black,Spring,4.8,No,Cash,Standard,Yes,Yes,24,Debit Card,Monthly
1179,37,Male,Dress,Clothing,22,South Carolina,M,Teal,Spring,4.9,No,Credit Card,Express,Yes,Yes,23,Debit Card,Annually
1180,20,Male,T-shirt,Clothing,33,Indiana,M,Blue,Summer,2.8,No,Debit Card,Free Shipping,Yes,Yes,44,Bank Transfer,Annually
1182,61,Male,Shorts,Clothing,96,New York,L,Teal,Summer,3.5,No,Cash,Free Shipping,Yes,Yes,43,Bank Transfer,Quarterly
1184,23,Male,Pants,Clothing,39,Louisiana,M,Yellow,Spring,4.5,No,PayPal,2-Day Shipping,Yes,Yes,4,Credit Card,Weekly
1186,47,Male,Jeans,Clothing,64,Maine,M,Magenta,Spring,3.9,No,Debit Card,Standard,Yes,Yes,29,Credit Card,Monthly
1187,63,Male,Jeans,Clothing,68,Indiana,M,Beige,Summer,4.1,No,Cash,2-Day Shipping,Yes,Yes,27,Credit Card,Annually
1189,68,Male,Blouse,Clothing,29,Mississippi,M,Magenta,Summer,3.3,No,Credit Card,Next Day Air,Yes,Yes,11,Credit Card,Weekly
1190,64,Male,Shirt,Clothing,97,Arkansas,XL,Teal,Summer,4.9,No,Venmo,Free Shipping,Yes,Yes,28,Debit Card,Annually
1191,62,Male,Shirt,Clothing,45,South Carolina,M,Orange,Winter,4.3,No,Bank Transfer,Next Day Air,Yes,Yes,31,Credit Card,Weekly
1192,34,Male,T-shirt,Clothing,70,Indiana,L,Charcoal,Winter,4.1,No,Debit Card,Free Shipping,Yes,Yes,50,Venmo,Quarterly
1193,49,Male,Coat,Outerwear,56,Florida,M,Turquoise,Summer,4.0,No,PayPal,2-Day Shipping,Yes,Yes,42,Venmo,Quarterly
1194,40,Male,Jacket,Outerwear,55,Alaska,L,Pink,Fall,5.0,No,Venmo,2-Day Shipping,Yes,Yes,18,Credit Card,Fortnightly
1195,50,Male,Hoodie,Clothing,46,New York,S,Teal,Winter,3.1,No,Debit Card,2-Day Shipping,Yes,Yes,6,Credit Card,Fortnightly
1198,54,Male,Sneakers,Footwear,92,Vermont,L,Violet,Fall,3.9,No,Debit Card,Standard,Yes,Yes,26,PayPal,Annually
1200,49,Male,Sandals,Footwear,89,Maryland,M,Indigo,Fall,4.5,No,Credit Card,Free Shipping,Yes,Yes,3,Debit Card,Weekly
1202,27,Male,Shoes,Footwear,61,Illinois,XL,Black,Summer,3.1,No,Cash,2-Day Shipping,Yes,Yes,46,Venmo,Fortnightly
1204,40,Male,Sneakers,Footwear,82,Minnesota,M,Orange,Winter,3.7,No,Bank Transfer,Free Shipping,Yes,Yes,23,Bank Transfer,Annually
1208,62,Male,Boots,Footwear,90,Washington,M,White,Summer,4.1,No,Venmo,Next Day Air,Yes,Yes,48,Credit Card,Every 3 Months
1209,20,Male,Boots,Footwear,100,Wisconsin,S,Red,Winter,2.9,No,Cash,2-Day Shipping,Yes,Yes,8,Debit Card,Annually
1210,41,Male,Pants,Clothing,62,Pennsylvania,M,Blue,Winter,3.8,No,PayPal,Next Day Air,Yes,Yes,16,Bank Transfer,Monthly
1213,32,Male,Shoes,Footwear,74,Pennsylvania,M,Yellow,Summer,2.5,No,Venmo,Free Shipping,Yes,Yes,18,Credit Card,Weekly
1216,66,Male,Blouse,Clothing,20,Oregon,L,Pink,Winter,2.6,No,Cash,2-Day Shipping,Yes,Yes,15,Credit Card,Every 3 Months
1217,62,Male,Pants,Clothing,32,Utah,XL,Lavender,Summer,3.7,No,PayPal,Free Shipping,Yes,Yes,3,Venmo,Every 3 Months
1220,19,Male,Sweater,Clothing,23,Vermont,M,Gold,Winter,2.5,No,Bank Transfer,Next Day Air,Yes,Yes,35,Credit Card,Bi-Weekly
1224,69,Male,Pants,Clothing,24,Kansas,L,Red,Winter,3.9,No,Credit Card,Free Shipping,Yes,Yes,21,Bank Transfer,Weekly
1232,66,Male,Socks,Clothing,79,Pennsylvania,M,Gold,Spring,4.0,No,Credit Card,2-Day Shipping,Yes,Yes,43,Credit Card,Fortnightly
1234,46,Male,Pants,Clothing,73,Utah,L,Beige,Winter,3.5,No,Cash,Next Day Air,Yes,Yes,40,Venmo,Every 3 Months
1238,25,Male,Dress,Clothing,92,Michigan,S,Charcoal,Spring,4.4,No,Credit Card,2-Day Shipping,Yes,Yes,42,Credit Card,Quarterly
1239,55,Male,Pants,Clothing,77,Wyoming,M,Violet,Winter,3.7,No,PayPal,Express,Yes,Yes,3,Venmo,Fortnightly
1240,62,Male,Coat,Outerwear,37,New Jersey,XL,Magenta,Spring,4.8,No,PayPal,Standard,Yes,Yes,32,Debit Card,Every 3 Months
1242,58,Male,Hoodie,Clothing,51,Hawaii,XL,Pink,Winter,3.1,No,Cash,Express,Yes,Yes,34,Credit Card,Weekly
1243,56,Male,Socks,Clothing,27,Nevada,M,Lavender,Summer,4.0,No,Bank Transfer,Next Day Air,Yes,Yes,15,Bank Transfer,Quarterly
1246,42,Male,Dress,Clothing,31,New York,M,Violet,Fall,3.4,No,Bank Transfer,Standard,Yes,Yes,30,Bank Transfer,Weekly
1248,65,Male,T-shirt,Clothing,99,Virginia,M,Charcoal,Spring,3.5,No,Bank Transfer,Express,Yes,Yes,18,Venmo,Bi-Weekly
1250,62,Male,Boots,Footwear,50,Oregon,M,Peach,Winter,4.5,No,PayPal,Express,Yes,Yes,48,Venmo,Fortnightly
1252,56,Male,Shorts,Clothing,86,Indiana,XL,Orange,Spring,5.0,No,Debit Card,Next Day Air,Yes,Yes,43,Credit Card,Monthly
1254,39,Male,Sandals,Footwear,23,Montana,XL,Red,Winter,4.9,No,Venmo,Express,Yes,Yes,49,PayPal,Annually
1255,54,Male,Sneakers,Footwear,56,California,XL,Black,Spring,3.3,No,Cash,2-Day Shipping,Yes,Yes,2,Credit Card,Bi-Weekly
1259,47,Male,Boots,Footwear,87,Ohio,XL,Gold,Spring,4.1,No,Debit Card,2-Day Shipping,Yes,Yes,34,Debit Card,Every 3 Months
1260,68,Male,Skirt,Clothing,64,Minnesota,M,Turquoise,Fall,3.9,No,Bank Transfer,Standard,Yes,Yes,45,Credit Card,Monthly
1262,20,Male,Shirt,Clothing,29,Connecticut,L,Maroon,Summer,2.8,No,Venmo,Next Day Air,Yes,Yes,2,Credit Card,Fortnightly
1264,41,Male,Hoodie,Clothing,70,Delaware,L,Brown,Winter,4.6,No,Bank Transfer,2-Day Shipping,Yes,Yes,1,Credit Card,Bi-Weekly
1265,52,Male,Sweater,Clothing,92,Vermont,S,Blue,Winter,2.5,No,Venmo,Next Day Air,Yes,Yes,1,Venmo,Bi-Weekly
1266,32,Male,Shirt,Clothing,79,Louisiana,M,Lavender,Spring,2.7,No,Bank Transfer,Next Day Air,Yes,Yes,27,Bank Transfer,Weekly
1267,20,Male,Blouse,Clothing,31,North Dakota,M,Peach,Fall,4.0,No,Cash,Standard,Yes,Yes,14,Debit Card,Every 3 Months
1269,23,Male,Jacket,Outerwear,88,Idaho,XL,Charcoal,Winter,2.9,No,Venmo,Next Day Air,Yes,Yes,25,Debit Card,Bi-Weekly
1273,35,Male,Sandals,Footwear,80,Wisconsin,M,Orange,Winter,4.4,No,Debit Card,Express,Yes,Yes,16,Bank Transfer,Monthly
1274,41,Male,Jeans,Clothing,29,Mississippi,L,Silver,Spring,4.1,No,Cash,Next Day Air,Yes,Yes,32,Credit Card,Every 3 Months
1276,55,Male,Sweater,Clothing,32,Arkansas,S,Turquoise,Fall,4.5,No,PayPal,Standard,Yes,Yes,1,PayPal,Monthly
1277,51,Male,Boots,Footwear,68,Wyoming,L,Turquoise,Spring,4.8,No,PayPal,Next Day Air,Yes,Yes,37,Bank Transfer,Weekly
1278,19,Male,Blouse,Clothing,97,Rhode Island,L,Green,Spring,5.0,No,Debit Card,Express,Yes,Yes,5,Venmo,Quarterly
1279,28,Male,Shorts,Clothing,98,Utah,M,Violet,Fall,2.8,No,Credit Card,Next Day Air,Yes,Yes,31,Venmo,Fortnightly
1280,63,Male,Hoodie,Clothing,56,Maryland,L,Charcoal,Fall,3.7,No,PayPal,Express,Yes,Yes,18,Debit Card,Annually
1281,30,Male,Pants,Clothing,78,Georgia,L,White,Winter,4.4,No,PayPal,2-Day Shipping,Yes,Yes,39,Venmo,Every 3 Months
1283,24,Male,Shirt,Clothing,68,New Hampshire,L,Violet,Winter,3.0,No,Debit Card,Free Shipping,Yes,Yes,20,Venmo,Monthly
1284,69,Male,Shirt,Clothing,94,Oregon,M,Violet,Winter,3.9,No,Credit Card,2-Day Shipping,Yes,Yes,23,Debit Card,Every 3 Months
1285,65,Male,Dress,Clothing,93,Arkansas,M,Black,Spring,3.9,No,Bank Transfer,Express,Yes,Yes,38,PayPal,Fortnightly
1288,24,Male,Jeans,Clothing,28,Utah,XL,Blue,Winter,3.4,No,Venmo,Standard,Yes,Yes,20,PayPal,Monthly
1290,35,Male,Jacket,Outerwear,24,New Hampshire,M,Red,Fall,2.9,No,Debit Card,Next Day Air,Yes,Yes,10,PayPal,Weekly
1291,67,Male,Skirt,Clothing,35,Maryland,M,Indigo,Spring,3.4,No,Cash,Free Shipping,Yes,Yes,3,PayPal,Annually
1292,69,Male,Sandals,Footwear,68,South Dakota,S,Beige,Spring,3.2,No,Venmo,2-Day Shipping,Yes,Yes,23,Debit Card,Fortnightly
1294,23,Male,Sweater,Clothing,74,Florida,XL,Yellow,Fall,4.1,No,Bank Transfer,Standard,Yes,Yes,30,Debit Card,Annually
1296,30,Male,Sneakers,Footwear,60,New Mexico,M,Olive,Fall,2.8,No,PayPal,Standard,Yes,Yes,50,PayPal,Weekly
1298,44,Male,Sandals,Footwear,85,New Jersey,M,Silver,Summer,4.6,No,Debit Card,Standard,Yes,Yes,32,Venmo,Annually
1299,29,Male,Pants,Clothing,81,Indiana,S,Indigo,Summer,3.0,No,Cash,Free Shipping,Yes,Yes,14,Bank Transfer,Fortnightly
1301,67,Male,T-shirt,Clothing,100,West Virginia,M,Charcoal,Spring,4.5,No,Cash,Next Day Air,Yes,Yes,47,Credit Card,Every 3 Months
1302,42,Male,Shirt,Clothing,54,Maine,M,Orange,Fall,5.0,No,Venmo,Express,Yes,Yes,21,Debit Card,Weekly
1303,23,Male,Sneakers,Footwear,25,Idaho,M,Gold,Fall,2.9,No,Bank Transfer,Next Day Air,Yes,Yes,37,Credit Card,Monthly
1304,34,Male,Blouse,Clothing,32,New York,L,Silver,Summer,3.1,No,Venmo,Next Day Air,Yes,Yes,10,Credit Card,Annually
1306,31,Male,Pants,Clothing,56,Mississippi,XL,Peach,Spring,4.5,No,Venmo,Express,Yes,Yes,2,PayPal,Every 3 Months
1307,54,Male,Sweater,Clothing,33,Alaska,L,Brown,Winter,4.5,No,Cash,Next Day Air,Yes,Yes,40,PayPal,Annually
1308,23,Male,Coat,Outerwear,32,Missouri,L,Black,Summer,3.1,No,PayPal,Express,Yes,Yes,43,PayPal,Annually
1309,59,Male,Dress,Clothing,38,Rhode Island,L,Red,Summer,4.4,No,Credit Card,Next Day Air,Yes,Yes,14,Credit Card,Every 3 Months
1312,32,Male,Shoes,Footwear,87,Tennessee,M,Maroon,Fall,4.2,No,Credit Card,Express,Yes,Yes,12,Venmo,Annually
1314,70,Male,Shoes,Footwear,28,Missouri,M,Lavender,Summer,2.6,No,Cash,Free Shipping,Yes,Yes,23,Credit Card,Bi-Weekly
1315,42,Male,Boots,Footwear,67,Missouri,S,Magenta,Summer,3.4,No,Venmo,Free Shipping,Yes,Yes,49,Debit Card,Annually
1316,56,Male,Shorts,Clothing,75,Mississippi,L,Green,Spring,4.2,No,PayPal,2-Day Shipping,Yes,Yes,29,Debit Card,Quarterly
1319,52,Male,Shorts,Clothing,93,Connecticut,M,Maroon,Spring,2.7,No,Venmo,Express,Yes,Yes,19,Credit Card,Bi-Weekly
1322,59,Male,T-shirt,Clothing,84,Missouri,L,Orange,Winter,3.7,No,Credit Card,Express,Yes,Yes,45,Bank Transfer,Every 3 Months
1323,23,Male,Pants,Clothing,74,Washington,M,Violet,Winter,4.0,No,Credit Card,Next Day Air,Yes,Yes,17,Bank Transfer,Quarterly
1324,58,Male,Shorts,Clothing,62,New York,M,Yellow,Spring,4.6,No,Cash,Standard,Yes,Yes,15,Debit Card,Every 3 Months
1329,37,Male,Sweater,Clothing,97,Rhode Island,M,Orange,Winter,3.7,No,Debit Card,Standard,Yes,Yes,40,Bank Transfer,Weekly
1332,38,Male,Socks,Clothing,91,Maryland,M,Lavender,Spring,3.2,No,Credit Card,Standard,Yes,Yes,8,PayPal,Bi-Weekly
1334,29,Male,Pants,Clothing,69,Idaho,M,Lavender,Winter,2.7,No,Cash,Next Day Air,Yes,Yes,9,Bank Transfer,Quarterly
1336,56,Male,Boots,Footwear,49,Nevada,M,Lavender,Fall,4.8,No,Credit Card,2-Day Shipping,Yes,Yes,26,Credit Card,Weekly
1338,37,Male,Sweater,Clothing,86,Tennessee,L,Silver,Spring,3.4,No,Venmo,Express,Yes,Yes,19,Credit Card,Bi-Weekly
1342,26,Male,Hoodie,Clothing,27,Rhode Island,XL,Yellow,Fall,2.9,No,Debit Card,Standard,Yes,Yes,31,Bank Transfer,Quarterly
1344,68,Male,Sneakers,Footwear,56,Florida,M,Indigo,Spring,3.4,No,Venmo,Standard,Yes,Yes,34,Bank Transfer,Monthly
1346,40,Male,Dress,Clothing,21,Nebraska,M,White,Fall,3.6,No,Credit Card,Standard,Yes,Yes,42,Venmo,Weekly
1347,44,Male,Hoodie,Clothing,91,Mississippi,L,White,Winter,3.0,No,Credit Card,Free Shipping,Yes,Yes,15,Venmo,Bi-Weekly
1348,44,Male,Sweater,Clothing,95,Vermont,M,Cyan,Summer,3.9,No,Venmo,2-Day Shipping,Yes,Yes,47,Bank Transfer,Monthly
1352,30,Male,Coat,Outerwear,31,Vermont,L,Maroon,Summer,2.8,No,Credit Card,2-Day Shipping,Yes,Yes,28,Bank Transfer,Quarterly
1356,59,Male,Shorts,Clothing,91,Florida,M,Blue,Summer,3.0,No,Venmo,2-Day Shipping,Yes,Yes,50,PayPal,Bi-Weekly
1357,49,Male,Jacket,Outerwear,61,Indiana,M,Cyan,Spring,4.0,No,Debit Card,Free Shipping,Yes,Yes,34,Bank Transfer,Annually
1361,56,Male,Skirt,Clothing,43,Alabama,L,Black,Fall,2.8,No,Bank Transfer,Express,Yes,Yes,4,Bank Transfer,Annually
1362,49,Male,Dress,Clothing,32,Alabama,M,Beige,Fall,3.7,No,Cash,Next Day Air,Yes,Yes,39,Debit Card,Monthly
1364,36,Male,Blouse,Clothing,90,Wisconsin,L,Red,Summer,4.0,No,Bank Transfer,Express,Yes,Yes,47,PayPal,Quarterly
1370,32,Male,Shoes,Footwear,75,Iowa,M,Green,Winter,3.2,No,Cash,Standard,Yes,Yes,48,Venmo,Fortnightly
1373,64,Male,Blouse,Clothing,61,Michigan,M,Gray,Fall,4.0,No,Credit Card,2-Day Shipping,Yes,Yes,44,PayPal,Bi-Weekly
1376,42,Male,Sneakers,Footwear,31,Maine,L,Brown,Spring,4.1,No,Venmo,2-Day Shipping,Yes,Yes,8,Credit Card,Annually
1377,57,Male,Sandals,Footwear,65,New Jersey,L,Pink,Spring,5.0,No,Cash,Free Shipping,Yes,Yes,24,PayPal,Annually
1379,37,Male,Jacket,Outerwear,49,Kentucky,XL,Lavender,Fall,3.6,No,PayPal,Free Shipping,Yes,Yes,24,Venmo,Weekly
1380,21,Male,T-shirt,Clothing,64,Minnesota,L,Purple,Fall,2.8,No,Venmo,2-Day Shipping,Yes,Yes,38,Venmo,Bi-Weekly
1382,30,Male,Shoes,Footwear,86,Illinois,L,Green,Winter,2.9,No,Cash,Standard,Yes,Yes,48,Venmo,Quarterly
1383,68,Male,Jacket,Outerwear,55,Michigan,L,Brown,Winter,4.8,No,Venmo,Express,Yes,Yes,16,Bank Transfer,Quarterly
1385,46,Male,Sneakers,Footwear,96,Alaska,M,Beige,Fall,4.6,No,Cash,Standard,Yes,Yes,8,Bank Transfer,Weekly
1387,68,Male,Jacket,Outerwear,56,Oregon,M,Silver,Fall,4.0,No,Bank Transfer,Next Day Air,Yes,Yes,4,Debit Card,Quarterly
1388,21,Male,Blouse,Clothing,85,Maryland,M,Gold,Winter,3.8,No,Credit Card,Standard,Yes,Yes,20,Credit Card,Monthly
1392,53,Male,Blouse,Clothing,29,Mississippi,S,White,Winter,3.6,No,Bank Transfer,Express,Yes,Yes,38,Credit Card,Annually
1397,37,Male,Pants,Clothing,30,Wisconsin,XL,Lavender,Winter,3.0,No,Cash,Next Day Air,Yes,Yes,49,Debit Card,Monthly
1399,30,Male,Dress,Clothing,45,Texas,M,Cyan,Summer,2.5,No,Bank Transfer,Free Shipping,Yes,Yes,25,Credit Card,Weekly
1402,23,Male,Sandals,Footwear,59,Indiana,M,Blue,Fall,3.5,No,Cash,2-Day Shipping,Yes,Yes,1,PayPal,Weekly
1407,32,Male,Shirt,Clothing,46,Washington,L,Turquoise,Spring,3.6,No,Venmo,Express,Yes,Yes,15,Debit Card,Monthly
1409,58,Male,Blouse,Clothing,58,Maine,M,Yellow,Winter,4.1,No,Debit Card,Free Shipping,Yes,Yes,38,Venmo,Weekly
1413,25,Male,Shorts,Clothing,100,Michigan,M,Charcoal,Summer,2.6,No,Debit Card,2-Day Shipping,Yes,Yes,43,Venmo,Annually
1418,62,Male,Shorts,Clothing,25,Montana,S,Brown,Spring,4.6,No,Cash,Standard,Yes,Yes,21,Debit Card,Fortnightly
1419,18,Male,Shirt,Clothing,75,Alabama,M,Violet,Summer,4.1,No,Bank Transfer,2-Day Shipping,Yes,Yes,23,Venmo,Every 3 Months
1422,68,Male,Dress,Clothing,100,Pennsylvania,S,Gold,Spring,3.0,No,Credit Card,Standard,Yes,Yes,24,Bank Transfer,Fortnightly
1423,44,Male,Dress,Clothing,27,Texas,L,Charcoal,Fall,3.4,No,PayPal,Free Shipping,Yes,Yes,3,PayPal,Bi-Weekly
1424,51,Male,Sandals,Footwear,60,Michigan,S,Black,Fall,3.5,No,PayPal,Free Shipping,Yes,Yes,12,Venmo,Every 3 Months
1425,66,Male,Jacket,Outerwear,23,Connecticut,S,Indigo,Fall,3.5,No,Cash,Standard,Yes,Yes,34,Bank Transfer,Every 3 Months
1426,59,Male,Coat,Outerwear,40,Wyoming,S,White,Winter,3.7,No,Debit Card,Next Day Air,Yes,Yes,39,Credit Card,Annually
1427,60,Male,Pants,Clothing,38,Michigan,M,Yellow,Summer,4.8,No,Credit Card,Free Shipping,Yes,Yes,35,PayPal,Every 3 Months
1429,20,Male,Blouse,Clothing,97,North Dakota,S,Green,Summer,4.9,No,Debit Card,Express,Yes,Yes,42,PayPal,Quarterly
1430,24,Male,Skirt,Clothing,38,Maryland,L,Gold,Fall,4.7,No,Venmo,Standard,Yes,Yes,6,Credit Card,Every 3 Months
1431,48,Male,Sandals,Footwear,30,Michigan,S,Orange,Summer,4.9,No,PayPal,Free Shipping,Yes,Yes,3,Credit Card,Fortnightly
1432,39,Male,Pants,Clothing,88,South Dakota,M,Cyan,Fall,2.9,No,Bank Transfer,Express,Yes,Yes,29,Venmo,Quarterly
1434,70,Male,Hoodie,Clothing,60,Minnesota,L,Yellow,Winter,3.2,No,Venmo,Next Day Air,Yes,Yes,45,Debit Card,Weekly
1435,59,Male,Sweater,Clothing,64,New York,L,Maroon,Summer,4.6,No,PayPal,Free Shipping,Yes,Yes,21,Debit Card,Bi-Weekly
1437,35,Male,Sneakers,Footwear,83,Minnesota,M,Gray,Winter,3.7,No,Venmo,Free Shipping,Yes,Yes,23,PayPal,Fortnightly
1439,58,Male,Coat,Outerwear,38,Washington,M,Cyan,Spring,2.9,No,Cash,Standard,Yes,Yes,24,Debit Card,Monthly
1441,27,Male,Sandals,Footwear,76,Arizona,M,Pink,Spring,4.4,No,Bank Transfer,Standard,Yes,Yes,13,Venmo,Monthly
1442,34,Male,Pants,Clothing,25,Nebraska,S,Turquoise,Summer,3.4,No,Debit Card,Free Shipping,Yes,Yes,3,Venmo,Every 3 Months
1443,53,Male,Hoodie,Clothing,92,Idaho,S,Violet,Spring,2.8,No,Cash,2-Day Shipping,Yes,Yes,42,Credit Card,Annually
1447,63,Male,Jeans,Clothing,35,Wyoming,XL,Red,Summer,3.2,No,Debit Card,Express,Yes,Yes,6,Credit Card,Quarterly
1448,23,Male,Hoodie,Clothing,57,New Mexico,S,Beige,Summer,3.0,No,Credit Card,Next Day Air,Yes,Yes,25,PayPal,Monthly
1449,64,Male,Boots,Footwear,95,West Virginia,M,Black,Summer,3.6,No,Bank Transfer,Free Shipping,Yes,Yes,11,Credit Card,Every 3 Months
1452,54,Male,Jacket,Outerwear,34,Utah,M,Maroon,Fall,2.5,No,Venmo,Next Day Air,Yes,Yes,35,PayPal,Quarterly
1453,60,Male,Jacket,Outerwear,25,Colorado,L,Blue,Spring,4.7,No,Venmo,2-Day Shipping,Yes,Yes,11,Bank Transfer,Quarterly
1454,36,Male,Boots,Footwear,93,Virginia,S,Teal,Winter,3.2,No,PayPal,2-Day Shipping,Yes,Yes,41,Bank Transfer,Fortnightly
1455,66,Male,Sneakers,Footwear,50,Georgia,L,Maroon,Winter,2.9,No,Bank Transfer,Free Shipping,Yes,Yes,17,Credit Card,Annually
1456,60,Male,Pants,Clothing,79,Alabama,L,Silver,Fall,4.9,No,Debit Card,Express,Yes,Yes,1,PayPal,Every 3 Months
1458,58,Male,Shirt,Clothing,57,Pennsylvania,S,Gray,Spring,4.7,No,Bank Transfer,Express,Yes,Yes,47,Venmo,Fortnightly
1459,35,Male,Sweater,Clothing,28,Missouri,M,Peach,Spring,2.9,No,Debit Card,2-Day Shipping,Yes,Yes,34,Venmo,Weekly
1460,20,Male,Shoes,Footwear,35,Maine,L,Yellow,Winter,4.8,No,PayPal,Express,Yes,Yes,18,Venmo,Fortnightly
1461,70,Male,Boots,Footwear,85,Pennsylvania,L,Violet,Fall,4.6,No,Venmo,Standard,Yes,Yes,33,Venmo,Bi-Weekly
1463,38,Male,Sneakers,Footwear,90,Utah,S,Charcoal,Summer,4.8,No,Venmo,2-Day Shipping,Yes,Yes,2,Venmo,Quarterly
1474,69,Male,Shorts,Clothing,63,Wisconsin,M,Violet,Fall,4.3,No,Cash,Express,Yes,Yes,20,Credit Card,Every 3 Months
1475,31,Male,Sweater,Clothing,72,New Jersey,S,Pink,Fall,3.9,No,Bank Transfer,Next Day Air,Yes,Yes,6,Credit Card,Monthly
1480,48,Male,Coat,Outerwear,100,Washington,L,Black,Spring,4.0,No,Debit Card,Standard,Yes,Yes,2,Bank Transfer,Weekly
1482,64,Male,Skirt,Clothing,33,Maryland,S,Gray,Spring,3.3,No,Credit Card,Standard,Yes,Yes,31,PayPal,Quarterly
1487,25,Male,Sneakers,Footwear,73,Idaho,S,Yellow,Spring,5.0,No,Cash,Free Shipping,Yes,Yes,23,Venmo,Every 3 Months
1491,66,Male,Sneakers,Footwear,52,Louisiana,L,Olive,Spring,4.9,No,Venmo,Express,Yes,Yes,15,Venmo,Bi-Weekly
1492,27,Male,Shirt,Clothing,54,Arkansas,S,Black,Summer,2.7,No,Venmo,Free Shipping,Yes,Yes,10,Bank Transfer,Quarterly
1493,62,Male,Jacket,Outerwear,38,North Carolina,M,Maroon,Summer,4.5,No,Venmo,Free Shipping,Yes,Yes,3,Venmo,Quarterly
1495,43,Male,T-shirt,Clothing,76,Montana,M,Gray,Spring,3.0,No,Bank Transfer,Next Day Air,Yes,Yes,23,Bank Transfer,Fortnightly
1497,63,Male,T-shirt,Clothing,98,Idaho,M,Purple,Winter,5.0,No,Credit Card,Standard,Yes,Yes,9,Venmo,Bi-Weekly
1498,69,Male,Jacket,Outerwear,33,Michigan,S,Magenta,Spring,3.8,No,Debit Card,2-Day Shipping,Yes,Yes,16,Debit Card,Every 3 Months
1499,59,Male,Sweater,Clothing,32,Illinois,M,Teal,Summer,3.1,No,PayPal,Standard,Yes,Yes,46,Venmo,Fortnightly
1500,19,Male,Boots,Footwear,85,Georgia,S,Olive,Fall,3.4,No,Cash,Free Shipping,Yes,Yes,24,Credit Card,Every 3 Months
1501,63,Male,Jeans,Clothing,69,Alabama,L,Maroon,Summer,4.8,No,Venmo,Next Day Air,Yes,Yes,22,Debit Card,Monthly
1502,37,Male,Jeans,Clothing,55,Alaska,XL,Silver,Spring,2.7,No,Bank Transfer,Standard,Yes,Yes,13,Debit Card,Every 3 Months
1505,60,Male,Jacket,Outerwear,80,Alaska,M,Teal,Winter,4.2,No,Cash,Next Day Air,Yes,Yes,10,Bank Transfer,Monthly
1507,35,Male,Shirt,Clothing,30,South Carolina,L,Beige,Fall,3.0,No,Venmo,2-Day Shipping,Yes,Yes,44,PayPal,Quarterly
1508,66,Male,Dress,Clothing,86,Pennsylvania,S,Maroon,Winter,3.7,No,Bank Transfer,2-Day Shipping,Yes,Yes,7,Venmo,Annually
1510,20,Male,Dress,Clothing,54,New Hampshire,XL,White,Summer,4.6,No,Credit Card,Free Shipping,Yes,Yes,44,Debit Card,Annually
1511,55,Male,Blouse,Clothing,30,Maryland,XL,Gray,Fall,3.0,No,Credit Card,Free Shipping,Yes,Yes,31,Venmo,Annually
1512,34,Male,Dress,Clothing,91,Georgia,M,Violet,Winter,3.6,No,Credit Card,Express,Yes,Yes,48,Credit Card,Weekly
1513,60,Male,Sneakers,Footwear,23,Wisconsin,L,Silver,Winter,3.9,No,Debit Card,Standard,Yes,Yes,18,PayPal,Bi-Weekly
1515,26,Male,Shoes,Footwear,90,Utah,L,Brown,Winter,3.9,No,Venmo,2-Day Shipping,Yes,Yes,1,Venmo,Weekly
1517,20,Male,Jeans,Clothing,68,Nevada,L,Indigo,Winter,4.5,No,Bank Transfer,Express,Yes,Yes,5,Bank Transfer,Bi-Weekly
1523,38,Male,Shorts,Clothing,72,Tennessee,L,Yellow,Spring,4.8,No,Venmo,Free Shipping,Yes,Yes,5,Debit Card,Monthly
1524,54,Male,Socks,Clothing,88,Georgia,M,White,Summer,3.3,No,Venmo,2-Day Shipping,Yes,Yes,35,Debit Card,Annually
1527,41,Male,Jacket,Outerwear,22,Oklahoma,L,White,Summer,3.1,No,PayPal,Next Day Air,Yes,Yes,27,PayPal,Monthly
1531,59,Male,Coat,Outerwear,21,New Mexico,M,Teal,Spring,3.9,No,Venmo,Next Day Air,Yes,Yes,22,Bank Transfer,Quarterly
1533,68,Male,Jacket,Outerwear,46,Wisconsin,S,Silver,Winter,4.4,No,PayPal,Next Day Air,Yes,Yes,5,PayPal,Every 3 Months
1534,50,Male,Shoes,Footwear,59,New Hampshire,M,Gold,Summer,3.6,No,Bank Transfer,2-Day Shipping,Yes,Yes,16,Bank Transfer,Quarterly
1535,55,Male,Blouse,Clothing,66,Wyoming,M,Green,Summer,3.4,No,Venmo,Free Shipping,Yes,Yes,26,Venmo,Fortnightly
1536,36,Male,Sandals,Footwear,74,West Virginia,S,Turquoise,Fall,4.0,No,PayPal,2-Day Shipping,Yes,Yes,8,Venmo,Monthly
1538,68,Male,Shoes,Footwear,89,Alaska,L,Black,Spring,3.2,No,Bank Transfer,Next Day Air,Yes,Yes,50,Venmo,Annually
1539,56,Male,Dress,Clothing,65,Illinois,L,Charcoal,Fall,3.2,No,Bank Transfer,Standard,Yes,Yes,22,Venmo,Bi-Weekly
1541,28,Male,Shorts,Clothing,95,Colorado,M,Red,Winter,2.9,No,Debit Card,Next Day Air,Yes,Yes,14,Bank Transfer,Monthly
1543,59,Male,Blouse,Clothing,44,Hawaii,M,Maroon,Winter,3.5,No,Venmo,Next Day Air,Yes,Yes,43,PayPal,Weekly
1544,56,Male,Jeans,Clothing,89,Wisconsin,M,Indigo,Fall,4.0,No,Bank Transfer,Standard,Yes,Yes,24,Venmo,Annually
1547,60,Male,Sneakers,Footwear,51,Oregon,XL,Purple,Summer,3.8,No,Credit Card,Express,Yes,Yes,17,Bank Transfer,Annually
1550,19,Male,Sneakers,Footwear,55,Kansas,M,Black,Spring,2.9,No,Cash,2-Day Shipping,Yes,Yes,19,Debit Card,Every 3 Months
1553,54,Male,Blouse,Clothing,49,New Mexico,L,Purple,Spring,3.0,No,Debit Card,Express,Yes,Yes,20,Credit Card,Monthly
1554,27,Male,Blouse,Clothing,45,Delaware,M,Indigo,Spring,4.8,No,PayPal,Free Shipping,Yes,Yes,21,Debit Card,Quarterly
1557,43,Male,Hoodie,Clothing,57,Alabama,M,Gold,Fall,2.7,No,Venmo,Standard,Yes,Yes,26,Credit Card,Quarterly
1570,20,Male,Skirt,Clothing,63,Hawaii,M,Orange,Summer,2.9,No,PayPal,Standard,Yes,Yes,29,Debit Card,Weekly
1571,30,Male,Pants,Clothing,41,Missouri,L,Brown,Winter,4.8,No,Debit Card,Next Day Air,Yes,Yes,3,Bank Transfer,Every 3 Months
1573,37,Male,Skirt,Clothing,92,Washington,L,White,Summer,3.4,No,Venmo,2-Day Shipping,Yes,Yes,16,Debit Card,Monthly
1574,36,Male,T-shirt,Clothing,31,North Dakota,L,Indigo,Summer,4.3,No,Debit Card,2-Day Shipping,Yes,Yes,25,Debit Card,Weekly
1575,18,Male,Skirt,Clothing,25,Minnesota,S,Magenta,Spring,4.2,No,Bank Transfer,Free Shipping,Yes,Yes,32,PayPal,Bi-Weekly
1577,56,Male,Dress,Clothing,75,Michigan,M,White,Spring,3.7,No,PayPal,2-Day Shipping,Yes,Yes,36,PayPal,Monthly
1578,68,Male,Boots,Footwear,34,Delaware,S,Olive,Spring,4.0,No,Debit Card,Standard,Yes,Yes,7,Venmo,Fortnightly
1579,62,Male,Pants,Clothing,97,California,S,Maroon,Winter,4.9,No,Debit Card,2-Day Shipping,Yes,Yes,2,PayPal,Quarterly
1580,35,Male,Jacket,Outerwear,80,Oklahoma,M,Violet,Summer,3.1,No,Cash,Free Shipping,Yes,Yes,6,Bank Transfer,Monthly
1586,37,Male,Sweater,Clothing,25,Alabama,M,Charcoal,Fall,3.0,No,Cash,Next Day Air,Yes,Yes,40,Debit Card,Fortnightly
1587,25,Male,Boots,Footwear,77,Oklahoma,M,Purple,Fall,4.0,No,Debit Card,Express,Yes,Yes,21,Bank Transfer,Weekly
1588,41,Male,Socks,Clothing,99,Alabama,M,Beige,Summer,3.5,No,Venmo,Free Shipping,Yes,Yes,33,Credit Card,Fortnightly
1591,54,Male,Jeans,Clothing,80,Wisconsin,S,Pink,Winter,3.0,No,Cash,Free Shipping,Yes,Yes,8,PayPal,Annually
1592,18,Male,Skirt,Clothing,100,South Dakota,L,Gold,Winter,2.9,No,Bank Transfer,Next Day Air,Yes,Yes,24,PayPal,Annually
1593,56,Male,Shoes,Footwear,83,Iowa,M,Cyan,Summer,3.3,No,Credit Card,Free Shipping,Yes,Yes,10,Bank Transfer,Every 3 Months
1594,61,Male,Dress,Clothing,95,Maryland,M,Black,Spring,4.9,No,PayPal,2-Day Shipping,Yes,Yes,25,Bank Transfer,Monthly
1600,48,Male,Shirt,Clothing,54,Delaware,M,Orange,Winter,2.8,No,Venmo,2-Day Shipping,Yes,Yes,22,Debit Card,Bi-Weekly
1601,20,Male,Boots,Footwear,26,Montana,S,Yellow,Spring,4.7,No,PayPal,Next Day Air,Yes,Yes,24,PayPal,Weekly
1604,23,Male,Shorts,Clothing,98,Iowa,L,Black,Summer,4.3,No,Debit Card,Next Day Air,Yes,Yes,17,Debit Card,Bi-Weekly
1605,18,Male,Sweater,Clothing,92,Maine,M,White,Summer,4.8,No,Venmo,2-Day Shipping,Yes,Yes,25,Credit Card,Every 3 Months
1607,55,Male,T-shirt,Clothing,21,Kansas,S,White,Spring,4.3,No,Debit Card,Standard,Yes,Yes,4,PayPal,Fortnightly
1608,49,Male,Shorts,Clothing,72,Vermont,S,Gray,Fall,2.7,No,Venmo,Free Shipping,Yes,Yes,43,Debit Card,Quarterly
1609,26,Male,Sandals,Footwear,58,Nebraska,XL,Cyan,Fall,4.6,No,Cash,Next Day Air,Yes,Yes,12,Bank Transfer,Bi-Weekly
1610,33,Male,Shirt,Clothing,93,Nevada,S,Brown,Fall,4.1,No,Credit Card,Standard,Yes,Yes,3,Venmo,Monthly
1611,20,Male,Socks,Clothing,31,Tennessee,L,Purple,Spring,3.4,No,Credit Card,2-Day Shipping,Yes,Yes,1,PayPal,Annually
1612,41,Male,Pants,Clothing,26,Arkansas,L,Yellow,Winter,4.5,No,PayPal,Next Day Air,Yes,Yes,6,Debit Card,Monthly
1613,18,Male,Skirt,Clothing,68,Wisconsin,M,Indigo,Summer,4.4,No,Bank Transfer,Standard,Yes,Yes,26,Venmo,Monthly
1618,43,Male,Blouse,Clothing,64,Wisconsin,M,Peach,Winter,4.3,No,PayPal,Standard,Yes,Yes,50,Credit Card,Fortnightly
1619,63,Male,Sandals,Footwear,72,Michigan,L,Purple,Summer,5.0,No,Venmo,Standard,Yes,Yes,39,Debit Card,Quarterly
1625,38,Male,Sweater,Clothing,32,Florida,M,White,Winter,3.6,No,Venmo,Free Shipping,Yes,Yes,40,PayPal,Every 3 Months
1626,34,Male,Skirt,Clothing,45,Minnesota,L,Beige,Winter,3.0,No,PayPal,Next Day Air,Yes,Yes,3,PayPal,Bi-Weekly
1627,32,Male,Sneakers,Footwear,35,Nevada,L,Orange,Summer,2.6,No,Bank Transfer,Next Day Air,Yes,Yes,45,Credit Card,Bi-Weekly
1630,35,Male,Blouse,Clothing,88,North Dakota,S,Silver,Spring,3.3,No,Credit Card,Next Day Air,Yes,Yes,13,Venmo,Quarterly
1632,65,Male,Sweater,Clothing,36,Indiana,L,Violet,Summer,3.9,No,PayPal,2-Day Shipping,Yes,Yes,7,Bank Transfer,Fortnightly
1634,54,Male,Socks,Clothing,80,North Dakota,M,Peach,Spring,4.4,No,Bank Transfer,2-Day Shipping,Yes,Yes,33,Debit Card,Bi-Weekly
1638,35,Male,Dress,Clothing,21,Massachusetts,M,Peach,Spring,3.5,No,Bank Transfer,Next Day Air,Yes,Yes,32,Venmo,Fortnightly
1639,68,Male,Jacket,Outerwear,51,Tennessee,M,Black,Spring,4.6,No,PayPal,Free Shipping,Yes,Yes,18,Venmo,Weekly
1642,50,Male,Hoodie,Clothing,32,Colorado,L,Violet,Summer,3.4,No,Bank Transfer,Free Shipping,Yes,Yes,1,Bank Transfer,Every 3 Months
1645,68,Male,Coat,Outerwear,90,North Carolina,S,Beige,Summer,3.9,No,PayPal,Next Day Air,Yes,Yes,21,Debit Card,Monthly
1649,36,Male,Pants,Clothing,69,Oklahoma,M,Gray,Summer,2.6,No,Bank Transfer,Express,Yes,Yes,22,Credit Card,Monthly
1650,58,Male,T-shirt,Clothing,63,Wisconsin,M,White,Summer,4.9,No,PayPal,Free Shipping,Yes,Yes,3,Credit Card,Quarterly
1652,59,Male,Coat,Outerwear,80,Texas,M,Blue,Winter,3.9,No,Bank Transfer,Standard,Yes,Yes,42,Debit Card,Monthly
1653,65,Male,Sweater,Clothing,35,New Mexico,M,Orange,Summer,4.0,No,Cash,Next Day Air,Yes,Yes,1,Bank Transfer,Fortnightly
1656,37,Male,Sweater,Clothing,81,Arizona,L,Gold,Spring,3.2,No,Venmo,Next Day Air,Yes,Yes,4,PayPal,Monthly
1657,21,Male,Blouse,Clothing,42,Indiana,L,Brown,Spring,2.6,No,Credit Card,2-Day Shipping,Yes,Yes,41,PayPal,Every 3 Months
1661,59,Male,T-shirt,Clothing,45,Louisiana,L,Yellow,Winter,4.1,No,Venmo,Standard,Yes,Yes,37,Venmo,Monthly
1666,40,Male,Jacket,Outerwear,41,New Mexico,L,Pink,Fall,3.4,No,Cash,Next Day Air,Yes,Yes,49,Venmo,Monthly
1669,66,Male,Blouse,Clothing,33,Utah,L,Charcoal,Summer,4.0,No,Credit Card,Standard,Yes,Yes,28,Debit Card,Fortnightly
1672,31,Male,Hoodie,Clothing,22,Utah,M,Olive,Winter,4.0,No,PayPal,Free Shipping,Yes,Yes,25,Bank Transfer,Weekly
1673,18,Male,Boots,Footwear,73,South Carolina,L,Gold,Fall,3.8,No,Debit Card,Free Shipping,Yes,Yes,15,Venmo,Quarterly
1674,21,Male,Blouse,Clothing,62,Hawaii,M,Violet,Fall,3.4,No,Debit Card,Next Day Air,Yes,Yes,49,Venmo,Bi-Weekly
1675,35,Male,Coat,Outerwear,56,Alaska,M,Peach,Winter,3.2,No,PayPal,Free Shipping,Yes,Yes,10,Debit Card,Fortnightly
1676,35,Male,Pants,Clothing,90,Colorado,M,Beige,Spring,4.7,No,Venmo,Next Day Air,Yes,Yes,21,Credit Card,Annually
1678,65,Male,Jeans,Clothing,35,Oregon,L,Silver,Summer,3.3,No,PayPal,Next Day Air,No,No,41,Debit Card,Weekly
1679,41,Male,Pants,Clothing,71,Ohio,S,Magenta,Summer,4.8,No,PayPal,2-Day Shipping,No,No,30,Venmo,Fortnightly
1680,60,Male,Dress,Clothing,52,Massachusetts,S,Black,Fall,4.5,No,PayPal,Next Day Air,No,No,24,Debit Card,Bi-Weekly
1682,24,Male,Sneakers,Footwear,95,Virginia,L,Green,Winter,3.7,No,Cash,2-Day Shipping,No,No,14,Credit Card,Bi-Weekly
1683,65,Male,Socks,Clothing,97,New York,M,Yellow,Fall,4.9,No,Venmo,2-Day Shipping,No,No,37,Credit Card,Bi-Weekly
1684,23,Male,Coat,Outerwear,57,Arkansas,S,Lavender,Spring,3.5,No,Debit Card,Next Day Air,No,No,37,Venmo,Quarterly
1685,30,Male,Shirt,Clothing,93,New Mexico,M,Indigo,Spring,4.6,No,Cash,Standard,No,No,28,PayPal,Weekly
1686,33,Male,Blouse,Clothing,48,Minnesota,M,Pink,Winter,4.6,No,Venmo,Standard,No,No,43,PayPal,Bi-Weekly
1688,67,Male,Skirt,Clothing,70,Georgia,S,Magenta,Winter,3.7,No,Venmo,Free Shipping,No,No,4,PayPal,Annually
1694,63,Male,Jacket,Outerwear,88,Tennessee,XL,Olive,Fall,4.9,No,Venmo,Standard,No,No,45,Bank Transfer,Fortnightly
1695,20,Male,Shirt,Clothing,67,Mississippi,M,Turquoise,Summer,2.7,No,Credit Card,Express,No,No,20,Debit Card,Fortnightly
1698,36,Male,Shirt,Clothing,87,South Carolina,L,Lavender,Fall,3.5,No,Venmo,Next Day Air,No,No,48,Credit Card,Every 3 Months
1700,20,Male,Sweater,Clothing,67,North Dakota,L,Teal,Spring,4.0,No,Bank Transfer,Free Shipping,No,No,34,Debit Card,Annually
1701,62,Male,Hoodie,Clothing,70,West Virginia,L,Black,Fall,4.1,No,Credit Card,Express,No,No,36,Bank Transfer,Monthly
1703,54,Male,Jeans,Clothing,83,Alabama,XL,Yellow,Summer,5.0,No,Debit Card,Express,No,No,48,Bank Transfer,Weekly
1709,35,Male,Boots,Footwear,58,Florida,L,Cyan,Spring,3.2,No,Bank Transfer,Express,No,No,1,Credit Card,Quarterly
1710,45,Male,Skirt,Clothing,83,Indiana,M,Pink,Winter,3.8,No,Venmo,Standard,No,No,19,Bank Transfer,Annually
1712,21,Male,T-shirt,Clothing,93,North Carolina,M,Lavender,Spring,4.7,No,Debit Card,Express,No,No,19,Credit Card,Monthly
1714,49,Male,Jacket,Outerwear,22,Missouri,M,Pink,Winter,4.6,No,Venmo,Free Shipping,No,No,37,PayPal,Quarterly
1716,23,Male,Dress,Clothing,69,Idaho,XL,Gray,Spring,3.4,No,PayPal,2-Day Shipping,No,No,30,PayPal,Bi-Weekly
1718,29,Male,Hoodie,Clothing,50,Hawaii,L,Orange,Summer,2.9,No,Cash,Express,No,No,16,Debit Card,Bi-Weekly
1719,54,Male,T-shirt,Clothing,96,Maryland,L,Pink,Winter,3.4,No,Cash,2-Day Shipping,No,No,14,PayPal,Every 3 Months
1720,45,Male,Sweater,Clothing,39,Maryland,M,White,Winter,3.2,No,Venmo,Free Shipping,No,No,8,Venmo,Quarterly
1721,25,Male,Shorts,Clothing,84,Massachusetts,S,Beige,Winter,2.8,No,Cash,Express,No,No,40,Debit Card,Bi-Weekly
1725,42,Male,Shoes,Footwear,72,Delaware,S,Teal,Winter,3.3,No,PayPal,Free Shipping,No,No,21,PayPal,Weekly
1727,57,Male,Coat,Outerwear,28,Indiana,S,Olive,Summer,2.8,No,Credit Card,Express,No,No,45,Debit Card,Weekly
1728,49,Male,Blouse,Clothing,53,Virginia,S,Violet,Spring,4.0,No,Credit Card,Express,No,No,19,PayPal,Monthly
1729,23,Male,Jeans,Clothing,48,Wyoming,L,Black,Fall,4.3,No,Debit Card,Express,No,No,1,Debit Card,Every 3 Months
1731,23,Male,Shirt,Clothing,22,Alabama,S,Silver,Fall,4.2,No,Cash,Free Shipping,No,No,26,Credit Card,Weekly
1734,67,Male,Blouse,Clothing,85,New York,L,Black,Summer,3.4,No,Bank Transfer,Express,No,No,22,Credit Card,Annually
1735,31,Male,Jeans,Clothing,98,Missouri,L,Brown,Spring,3.1,No,Credit Card,Next Day Air,No,No,16,PayPal,Quarterly
1736,58,Male,Dress,Clothing,34,Texas,M,Purple,Winter,3.6,No,Debit Card,Express,No,No,31,Venmo,Annually
1741,69,Male,Pants,Clothing,21,Wisconsin,L,Charcoal,Fall,3.3,No,Cash,Next Day Air,No,No,10,Bank Transfer,Every 3 Months
1742,41,Male,Pants,Clothing,51,Delaware,XL,Teal,Winter,3.6,No,Venmo,Next Day Air,No,No,20,Bank Transfer,Monthly
1743,51,Male,Sandals,Footwear,80,Kansas,XL,White,Spring,4.3,No,Credit Card,Express,No,No,18,Venmo,Every 3 Months
1744,23,Male,Skirt,Clothing,72,Missouri,XL,Brown,Winter,3.3,No,Debit Card,Standard,No,No,3,Bank Transfer,Weekly
1748,61,Male,Coat,Outerwear,23,New Hampshire,M,Yellow,Winter,2.9,No,Cash,Express,No,No,41,Venmo,Quarterly
1749,34,Male,Skirt,Clothing,93,Montana,L,Teal,Winter,3.9,No,Bank Transfer,2-Day Shipping,No,No,41,Bank Transfer,Annually
1750,43,Male,Hoodie,Clothing,70,Wyoming,L,Pink,Fall,3.2,No,Credit Card,2-Day Shipping,No,No,36,Debit Card,Every 3 Months
1754,25,Male,Skirt,Clothing,27,Colorado,L,Black,Fall,4.8,No,Venmo,Next Day Air,No,No,23,Credit Card,Fortnightly
1755,66,Male,Dress,Clothing,93,Massachusetts,S,Beige,Fall,3.8,No,Debit Card,2-Day Shipping,No,No,18,Credit Card,Fortnightly
1758,19,Male,Dress,Clothing,94,Michigan,L,Yellow,Fall,3.6,No,Bank Transfer,Standard,No,No,48,Debit Card,Annually
1760,68,Male,Sweater,Clothing,58,Louisiana,L,Green,Spring,4.0,No,Venmo,Next Day Air,No,No,1,PayPal,Weekly
1761,20,Male,Skirt,Clothing,44,Minnesota,XL,Peach,Spring,3.5,No,Credit Card,Standard,No,No,39,PayPal,Weekly
1763,36,Male,Sandals,Footwear,42,Idaho,M,Brown,Summer,3.1,No,Credit Card,Express,No,No,41,Bank Transfer,Fortnightly
1766,68,Male,Hoodie,Clothing,88,New Mexico,M,Orange,Spring,4.1,No,Bank Transfer,2-Day Shipping,No,No,41,Venmo,Quarterly
1769,25,Male,Sandals,Footwear,45,Nebraska,M,Indigo,Summer,3.9,No,Venmo,2-Day Shipping,No,No,2,PayPal,Every 3 Months
1773,58,Male,Shoes,Footwear,34,Hawaii,M,Gold,Summer,3.1,No,PayPal,2-Day Shipping,No,No,1,Bank Transfer,Annually
1774,21,Male,Coat,Outerwear,92,West Virginia,M,Blue,Summer,2.7,No,Cash,Free Shipping,No,No,17,PayPal,Annually
1775,46,Male,Sweater,Clothing,78,New York,M,Lavender,Spring,3.7,No,Bank Transfer,Express,No,No,6,PayPal,Weekly
1777,56,Male,Jacket,Outerwear,64,Arizona,L,Cyan,Summer,3.4,No,Bank Transfer,Free Shipping,No,No,10,Venmo,Every 3 Months
1782,31,Male,T-shirt,Clothing,33,Iowa,M,Pink,Fall,3.7,No,PayPal,Express,No,No,49,Bank Transfer,Quarterly
1783,52,Male,Pants,Clothing,88,Utah,M,Lavender,Fall,2.7,No,Credit Card,Next Day Air,No,No,40,Bank Transfer,Fortnightly
1787,45,Male,Jacket,Outerwear,34,Maryland,M,Brown,Spring,4.6,No,Debit Card,2-Day Shipping,No,No,22,Venmo,Monthly
1788,20,Male,Sweater,Clothing,38,Montana,L,Gold,Fall,4.9,No,Bank Transfer,2-Day Shipping,No,No,10,Bank Transfer,Quarterly
1790,52,Male,Blouse,Clothing,34,Arizona,L,Peach,Spring,3.0,No,PayPal,2-Day Shipping,No,No,43,Debit Card,Quarterly
1793,38,Male,Sneakers,Footwear,59,Iowa,M,Peach,Fall,3.0,No,Bank Transfer,Express,No,No,22,Debit Card,Every 3 Months
1796,68,Male,Jeans,Clothing,20,Wisconsin,S,Violet,Fall,4.0,No,Debit Card,2-Day Shipping,No,No,9,Debit Card,Fortnightly
1800,32,Male,Hoodie,Clothing,48,California,M,Charcoal,Fall,3.9,No,Debit Card,Express,No,No,47,Venmo,Weekly
1801,22,Male,Coat,Outerwear,58,Mississippi,XL,Indigo,Winter,2.7,No,Cash,Express,No,No,30,Credit Card,Weekly
1802,33,Male,Sweater,Clothing,57,New Jersey,M,Turquoise,Spring,3.9,No,Credit Card,Express,No,No,48,Debit Card,Fortnightly
1804,60,Male,Sneakers,Footwear,97,New Hampshire,S,Gray,Summer,3.5,No,PayPal,Free Shipping,No,No,33,Venmo,Fortnightly
1805,30,Male,Sweater,Clothing,42,Louisiana,L,Peach,Winter,4.4,No,Debit Card,Next Day Air,No,No,39,Credit Card,Weekly
1808,34,Male,Sneakers,Footwear,46,Vermont,L,Gold,Summer,3.5,No,PayPal,Standard,No,No,37,Venmo,Fortnightly
1809,67,Male,Jacket,Outerwear,71,Tennessee,M,Lavender,Spring,4.3,No,Credit Card,Next Day Air,No,No,7,Debit Card,Monthly
1813,50,Male,Boots,Footwear,63,Nevada,S,Blue,Summer,4.9,No,Venmo,Express,No,No,18,PayPal,Bi-Weekly
1814,40,Male,Shorts,Clothing,62,Illinois,M,Olive,Spring,3.5,No,Credit Card,Free Shipping,No,No,24,PayPal,Weekly
1816,51,Male,Shoes,Footwear,72,New Mexico,L,White,Winter,4.5,No,Venmo,2-Day Shipping,No,No,48,Credit Card,Every 3 Months
1821,19,Male,Shirt,Clothing,94,Washington,XL,Gold,Fall,5.0,No,PayPal,Express,No,No,31,PayPal,Monthly
1822,57,Male,Shorts,Clothing,53,Maine,M,Teal,Spring,2.8,No,Credit Card,Express,No,No,29,PayPal,Quarterly
1824,62,Male,Socks,Clothing,50,Louisiana,L,Pink,Fall,4.7,No,Cash,Free Shipping,No,No,40,Bank Transfer,Bi-Weekly
1826,23,Male,Boots,Footwear,75,South Dakota,M,Pink,Winter,4.9,No,Bank Transfer,Next Day Air,No,No,41,Credit Card,Weekly
1827,45,Male,T-shirt,Clothing,60,Indiana,M,Turquoise,Winter,4.2,No,PayPal,Express,No,No,44,Debit Card,Annually
1828,20,Male,T-shirt,Clothing,36,Vermont,S,Pink,Spring,4.9,No,Cash,2-Day Shipping,No,No,31,Bank Transfer,Weekly
1832,62,Male,Blouse,Clothing,71,Maine,M,Cyan,Summer,3.3,No,Bank Transfer,Free Shipping,No,No,5,Bank Transfer,Every 3 Months
1835,49,Male,Skirt,Clothing,35,Indiana,M,Charcoal,Summer,4.1,No,Venmo,2-Day Shipping,No,No,39,Venmo,Fortnightly
1837,66,Male,Pants,Clothing,52,South Carolina,M,Teal,Fall,4.2,No,Cash,2-Day Shipping,No,No,35,Credit Card,Monthly
1842,31,Male,Socks,Clothing,57,Vermont,L,Blue,Winter,3.0,No,Debit Card,Standard,No,No,7,PayPal,Every 3 Months
1844,36,Male,Jacket,Outerwear,76,Kentucky,M,Charcoal,Fall,4.7,No,Bank Transfer,Next Day Air,No,No,32,Credit Card,Monthly
1845,60,Male,Shorts,Clothing,26,South Dakota,M,Purple,Spring,2.7,No,Venmo,2-Day Shipping,No,No,31,Credit Card,Annually
1846,51,Male,Sandals,Footwear,78,Delaware,M,Orange,Winter,2.8,No,Debit Card,2-Day Shipping,No,No,39,Bank Transfer,Quarterly
1848,46,Male,Sandals,Footwear,100,Arizona,XL,Cyan,Summer,4.4,No,Debit Card,Free Shipping,No,No,49,Credit Card,Weekly
1852,28,Male,Skirt,Clothing,80,Delaware,S,Lavender,Fall,3.1,No,Venmo,Free Shipping,No,No,4,Bank Transfer,Fortnightly
1854,29,Male,Blouse,Clothing,67,North Dakota,XL,Olive,Spring,2.9,No,Bank Transfer,Express,No,No,11,PayPal,Fortnightly
1855,25,Male,Sweater,Clothing,61,Kentucky,M,Teal,Spring,3.8,No,Credit Card,Express,No,No,49,Credit Card,Annually
1861,18,Male,T-shirt,Clothing,64,Kansas,M,Silver,Summer,4.8,No,Credit Card,Next Day Air,No,No,4,Credit Card,Monthly
1862,29,Male,Sneakers,Footwear,60,South Dakota,S,Peach,Fall,3.6,No,Bank Transfer,Standard,No,No,19,Debit Card,Monthly
1864,25,Male,Sandals,Footwear,21,Connecticut,L,Orange,Spring,4.3,No,Venmo,2-Day Shipping,No,No,39,Debit Card,Monthly
1867,31,Male,T-shirt,Clothing,44,Alaska,XL,Gold,Winter,4.2,No,Debit Card,Standard,No,No,9,Credit Card,Fortnightly
1868,45,Male,Skirt,Clothing,52,Delaware,M,Brown,Fall,3.4,No,Debit Card,2-Day Shipping,No,No,20,Venmo,Quarterly
1870,18,Male,Blouse,Clothing,77,West Virginia,S,Beige,Spring,3.9,No,PayPal,2-Day Shipping,No,No,16,Debit Card,Every 3 Months
1873,43,Male,T-shirt,Clothing,64,Alaska,M,Lavender,Summer,4.6,No,Credit Card,Standard,No,No,24,Credit Card,Monthly
1874,64,Male,Sweater,Clothing,44,Wisconsin,XL,Red,Fall,2.9,No,Credit Card,Express,No,No,49,Bank Transfer,Weekly
1876,63,Male,Boots,Footwear,71,Tennessee,M,Brown,Winter,3.9,No,Debit Card,Next Day Air,No,No,6,Credit Card,Quarterly
1877,54,Male,Skirt,Clothing,36,Illinois,M,Gray,Fall,2.6,No,Credit Card,Standard,No,No,20,Venmo,Quarterly
1881,34,Male,Blouse,Clothing,33,New Jersey,L,Yellow,Fall,3.1,No,PayPal,2-Day Shipping,No,No,8,Debit Card,Monthly
1885,27,Male,Shorts,Clothing,30,Arizona,S,Pink,Summer,4.3,No,Bank Transfer,Next Day Air,No,No,15,Bank Transfer,Bi-Weekly
1888,64,Male,Hoodie,Clothing,44,North Dakota,XL,Gold,Fall,3.5,No,Cash,Express,No,No,3,PayPal,Monthly
1889,62,Male,Hoodie,Clothing,89,South Dakota,XL,Turquoise,Winter,3.4,No,Bank Transfer,Free Shipping,No,No,48,Credit Card,Weekly
1890,59,Male,Skirt,Clothing,57,North Carolina,L,Peach,Spring,2.5,No,Debit Card,Next Day Air,No,No,27,Bank Transfer,Weekly
1893,39,Male,Jacket,Outerwear,30,California,M,Blue,Fall,4.6,No,Bank Transfer,2-Day Shipping,No,No,12,Venmo,Weekly
1894,28,Male,Dress,Clothing,20,Delaware,L,Red,Summer,3.7,No,Venmo,Express,No,No,10,PayPal,Fortnightly
1895,42,Male,Hoodie,Clothing,90,Arizona,M,Purple,Fall,2.5,No,Credit Card,Free Shipping,No,No,48,Debit Card,Bi-Weekly
1896,31,Male,Jeans,Clothing,61,Washington,L,Indigo,Fall,4.5,No,Debit Card,Express,No,No,3,Debit Card,Monthly
1897,57,Male,Sandals,Footwear,51,Nevada,M,Gold,Fall,2.9,No,Cash,Standard,No,No,19,Venmo,Monthly
1899,59,Male,Pants,Clothing,97,Texas,L,Magenta,Fall,3.5,No,PayPal,Next Day Air,No,No,25,Venmo,Monthly
1904,59,Male,Pants,Clothing,63,North Carolina,M,Gold,Summer,3.3,No,Bank Transfer,Standard,No,No,37,Bank Transfer,Weekly
1906,47,Male,Boots,Footwear,35,Idaho,M,Teal,Summer,4.9,No,Debit Card,2-Day Shipping,No,No,14,Bank Transfer,Fortnightly
1911,29,Male,Sandals,Footwear,38,New York,S,Yellow,Fall,3.8,No,Venmo,Express,No,No,13,Debit Card,Quarterly
1913,29,Male,Sweater,Clothing,56,Colorado,S,Charcoal,Winter,3.4,No,Cash,2-Day Shipping,No,No,5,Credit Card,Bi-Weekly
1915,28,Male,Shorts,Clothing,97,Alaska,L,Green,Fall,3.4,No,Venmo,Standard,No,No,40,Credit Card,Fortnightly
1917,26,Male,Hoodie,Clothing,50,Connecticut,S,Beige,Winter,3.0,No,PayPal,Next Day Air,No,No,3,Debit Card,Bi-Weekly
1918,38,Male,Skirt,Clothing,71,Hawaii,L,Black,Winter,3.4,No,Venmo,Free Shipping,No,No,35,PayPal,Bi-Weekly
1919,35,Male,Skirt,Clothing,33,Idaho,S,Purple,Summer,4.6,No,PayPal,Standard,No,No,33,Debit Card,Monthly
1925,30,Male,Jacket,Outerwear,63,Michigan,M,Gray,Fall,4.8,No,Venmo,Free Shipping,No,No,42,PayPal,Quarterly
1926,59,Male,Sneakers,Footwear,32,Utah,L,Black,Winter,2.9,No,Venmo,Express,No,No,44,Credit Card,Fortnightly
1930,59,Male,Jeans,Clothing,33,Hawaii,L,Brown,Fall,4.7,No,Debit Card,Standard,No,No,46,Venmo,Quarterly
1933,42,Male,Hoodie,Clothing,36,Maryland,M,White,Spring,5.0,No,Cash,Free Shipping,No,No,47,Credit Card,Every 3 Months
1934,48,Male,Sandals,Footwear,67,Montana,L,Violet,Summer,4.1,No,Cash,Next Day Air,No,No,28,Venmo,Annually
1935,34,Male,Jacket,Outerwear,43,Michigan,L,Gold,Winter,2.7,No,Debit Card,Free Shipping,No,No,23,Bank Transfer,Annually
1938,43,Male,Socks,Clothing,53,Delaware,M,Olive,Summer,4.5,No,Venmo,2-Day Shipping,No,No,11,Bank Transfer,Monthly
1939,46,Male,Jeans,Clothing,23,Kentucky,L,Blue,Spring,3.8,No,Bank Transfer,Standard,No,No,39,Debit Card,Bi-Weekly
1942,55,Male,Shoes,Footwear,99,Vermont,XL,Peach,Winter,3.3,No,PayPal,Standard,No,No,46,Credit Card,Quarterly
1943,63,Male,Pants,Clothing,28,Alabama,M,Cyan,Fall,3.4,No,Credit Card,Express,No,No,22,PayPal,Monthly
1946,35,Male,Hoodie,Clothing,38,Georgia,M,Gold,Winter,2.9,No,Debit Card,2-Day Shipping,No,No,9,Credit Card,Every 3 Months
1947,59,Male,Pants,Clothing,49,Louisiana,M,White,Summer,4.5,No,Bank Transfer,Standard,No,No,41,Credit Card,Quarterly
1949,54,Male,T-shirt,Clothing,37,Connecticut,L,Brown,Winter,3.1,No,Debit Card,Next Day Air,No,No,39,PayPal,Bi-Weekly
1954,25,Male,Skirt,Clothing,33,Colorado,XL,Green,Spring,4.8,No,Cash,Standard,No,No,3,PayPal,Fortnightly
1957,70,Male,Socks,Clothing,37,Oklahoma,M,Pink,Winter,4.9,No,Cash,Express,No,No,20,Credit Card,Fortnightly
1961,57,Male,Jeans,Clothing,72,Massachusetts,L,Red,Summer,3.3,No,Bank Transfer,2-Day Shipping,No,No,40,Credit Card,Annually
1962,47,Male,Boots,Footwear,59,Nevada,L,Black,Summer,2.6,No,Cash,Free Shipping,No,No,45,Debit Card,Quarterly
1964,52,Male,Shorts,Clothing,30,Michigan,L,Pink,Spring,3.9,No,Bank Transfer,Standard,No,No,11,Credit Card,Weekly
1965,40,Male,Pants,Clothing,51,West Virginia,S,Cyan,Summer,4.6,No,PayPal,Express,No,No,50,Debit Card,Monthly
1966,67,Male,Sweater,Clothing,90,Indiana,M,White,Fall,4.9,No,Venmo,Express,No,No,25,Debit Card,Quarterly
1967,67,Male,Jacket,Outerwear,95,Indiana,XL,Purple,Winter,3.7,No,Venmo,Express,No,No,5,Credit Card,Fortnightly
1968,37,Male,Dress,Clothing,81,Georgia,L,Yellow,Fall,3.7,No,Venmo,Standard,No,No,4,Venmo,Annually
1969,67,Male,Shirt,Clothing,70,Minnesota,S,Blue,Spring,4.2,No,Credit Card,Standard,No,No,25,Credit Card,Weekly
1970,64,Male,Dress,Clothing,32,Louisiana,S,Cyan,Winter,3.5,No,PayPal,Next Day Air,No,No,11,Bank Transfer,Fortnightly
1974,24,Male,Skirt,Clothing,20,Maryland,XL,Red,Fall,4.5,No,Debit Card,Standard,No,No,9,Venmo,Every 3 Months
1978,24,Male,Sandals,Footwear,49,Florida,M,Teal,Summer,2.6,No,Debit Card,Free Shipping,No,No,32,Bank Transfer,Annually
1982,69,Male,Shoes,Footwear,91,Michigan,L,Violet,Summer,4.7,No,Cash,Express,No,No,42,PayPal,Quarterly
1985,26,Male,Skirt,Clothing,58,West Virginia,M,Black,Summer,3.4,No,Bank Transfer,2-Day Shipping,No,No,26,PayPal,Fortnightly
1987,62,Male,Coat,Outerwear,48,Arkansas,L,Green,Summer,3.4,No,Debit Card,2-Day Shipping,No,No,14,Venmo,Quarterly
1989,46,Male,Pants,Clothing,79,Virginia,M,Gold,Winter,3.9,No,Credit Card,Free Shipping,No,No,26,Bank Transfer,Weekly
1992,46,Male,Sneakers,Footwear,29,Missouri,M,Brown,Summer,3.7,No,Venmo,Next Day Air,No,No,1,Venmo,Every 3 Months
1993,33,Male,Hoodie,Clothing,98,New Jersey,L,Gold,Winter,4.9,No,PayPal,2-Day Shipping,No,No,28,Venmo,Monthly
1996,67,Male,Boots,Footwear,80,Missouri,S,Teal,Spring,3.0,No,Credit Card,Standard,No,No,29,Debit Card,Quarterly
2000,39,Male,Socks,Clothing,89,Tennessee,L,Indigo,Winter,4.6,No,Credit Card,2-Day Shipping,No,No,26,Debit Card,Monthly
2003,31,Male,Shirt,Clothing,65,New York,M,Red,Summer,2.7,No,Cash,Express,No,No,19,PayPal,Every 3 Months
2008,26,Male,Shirt,Clothing,25,Virginia,M,Silver,Summer,3.2,No,Cash,2-Day Shipping,No,No,8,PayPal,Quarterly
2009,57,Male,Skirt,Clothing,48,Florida,M,Gray,Spring,2.5,No,PayPal,Free Shipping,No,No,27,PayPal,Every 3 Months
2010,37,Male,Boots,Footwear,99,Alabama,M,Indigo,Summer,3.8,No,Venmo,Next Day Air,No,No,26,Venmo,Bi-Weekly
2011,24,Male,Sweater,Clothing,21,Texas,M,Maroon,Summer,4.4,No,Venmo,2-Day Shipping,No,No,3,Debit Card,Bi-Weekly
2012,57,Male,Sandals,Footwear,94,West Virginia,M,Beige,Spring,3.7,No,Debit Card,Express,No,No,4,Bank Transfer,Monthly
2015,51,Male,Skirt,Clothing,26,Wisconsin,L,Black,Summer,3.9,No,Venmo,Standard,No,No,47,PayPal,Bi-Weekly
2017,53,Male,Shoes,Footwear,47,Maine,S,Violet,Winter,3.4,No,Credit Card,Standard,No,No,20,Debit Card,Fortnightly
2018,70,Male,Socks,Clothing,32,Massachusetts,S,Green,Winter,4.1,No,Venmo,Next Day Air,No,No,42,Bank Transfer,Every 3 Months
2025,62,Male,Socks,Clothing,23,Arkansas,L,Silver,Fall,3.7,No,Bank Transfer,Express,No,No,39,PayPal,Weekly
2026,42,Male,Shirt,Clothing,29,Delaware,M,Turquoise,Summer,3.0,No,Bank Transfer,Express,No,No,43,Debit Card,Fortnightly
2028,50,Male,Shoes,Footwear,73,Nebraska,S,Gold,Fall,4.8,No,Venmo,Standard,No,No,50,Credit Card,Every 3 Months
2029,29,Male,Shoes,Footwear,84,Ohio,XL,Purple,Fall,3.7,No,Cash,2-Day Shipping,No,No,10,Venmo,Bi-Weekly
2032,21,Male,Socks,Clothing,51,North Carolina,L,Charcoal,Spring,4.0,No,Credit Card,Standard,No,No,2,Credit Card,Monthly
2034,57,Male,Jeans,Clothing,55,Illinois,L,Olive,Summer,3.6,No,Cash,Express,No,No,33,Venmo,Annually
2036,53,Male,T-shirt,Clothing,70,Oklahoma,S,Yellow,Summer,4.1,No,Venmo,Express,No,No,43,Bank Transfer,Weekly
2039,53,Male,Blouse,Clothing,70,Arkansas,L,Orange,Spring,4.4,No,Debit Card,Next Day Air,No,No,35,Credit Card,Fortnightly
2040,35,Male,T-shirt,Clothing,51,Minnesota,M,Olive,Spring,3.1,No,Cash,Next Day Air,No,No,31,Debit Card,Bi-Weekly
2042,66,Male,Jacket,Outerwear,32,New York,S,Lavender,Winter,3.2,No,Cash,Next Day Air,No,No,14,PayPal,Bi-Weekly
2043,19,Male,Shoes,Footwear,52,Alabama,M,Red,Spring,4.0,No,Credit Card,2-Day Shipping,No,No,35,Venmo,Monthly
2045,49,Male,Jeans,Clothing,68,Missouri,L,Orange,Spring,3.0,No,Cash,Free Shipping,No,No,17,PayPal,Fortnightly
2049,45,Male,Sneakers,Footwear,64,Michigan,XL,Pink,Winter,3.9,No,Credit Card,Express,No,No,35,Bank Transfer,Quarterly
2050,68,Male,Boots,Footwear,24,Rhode Island,L,Blue,Fall,2.7,No,Debit Card,Standard,No,No,15,Venmo,Annually
2052,65,Male,T-shirt,Clothing,94,Massachusetts,L,Black,Spring,3.8,No,Cash,Free Shipping,No,No,14,Credit Card,Monthly
2055,65,Male,Sweater,Clothing,56,New Jersey,XL,Gold,Spring,2.9,No,PayPal,Express,No,No,14,PayPal,Annually
2058,66,Male,Socks,Clothing,37,South Dakota,L,Yellow,Spring,4.2,No,Credit Card,Standard,No,No,5,PayPal,Every 3 Months
2060,56,Male,Shorts,Clothing,50,California,XL,Beige,Spring,3.7,No,Cash,Express,No,No,50,PayPal,Weekly
2065,31,Male,Shoes,Footwear,99,Arkansas,M,Green,Summer,4.0,No,Bank Transfer,2-Day Shipping,No,No,5,Bank Transfer,Monthly
2066,27,Male,Sneakers,Footwear,40,Oregon,M,Blue,Spring,2.9,No,PayPal,Free Shipping,No,No,6,Bank Transfer,Bi-Weekly
2070,36,Male,T-shirt,Clothing,82,Texas,M,Indigo,Fall,3.4,No,Cash,Free Shipping,No,No,3,Debit Card,Quarterly
2076,46,Male,Sweater,Clothing,28,South Carolina,S,Turquoise,Fall,4.7,No,Bank Transfer,Express,No,No,49,Debit Card,Monthly
2079,49,Male,Dress,Clothing,42,Hawaii,M,Blue,Spring,3.2,No,Venmo,Next Day Air,No,No,40,Debit Card,Weekly
2080,32,Male,Jeans,Clothing,24,Montana,L,Violet,Summer,3.1,No,Debit Card,Next Day Air,No,No,16,PayPal,Quarterly
2082,24,Male,Coat,Outerwear,78,Alabama,S,Cyan,Spring,4.3,No,Credit Card,Standard,No,No,48,Bank Transfer,Bi-Weekly
2083,41,Male,Jeans,Clothing,89,Arkansas,M,Yellow,Summer,2.9,No,Cash,Free Shipping,No,No,28,Venmo,Every 3 Months
2085,32,Male,Blouse,Clothing,94,Vermont,S,Brown,Summer,4.0,No,Bank Transfer,Standard,No,No,43,Bank Transfer,Quarterly
2086,69,Male,Jeans,Clothing,49,New York,M,Teal,Fall,4.6,No,Cash,Free Shipping,No,No,38,Debit Card,Weekly
2089,39,Male,Sandals,Footwear,89,California,L,Orange,Spring,4.0,No,Cash,Standard,No,No,49,Debit Card,Annually
2090,37,Male,Jacket,Outerwear,57,Maryland,L,Gold,Spring,3.6,No,Cash,Free Shipping,No,No,41,Credit Card,Every 3 Months
2091,51,Male,Socks,Clothing,71,Massachusetts,S,Teal,Winter,3.4,No,Debit Card,Free Shipping,No,No,21,Debit Card,Monthly
2092,26,Male,Jeans,Clothing,97,Washington,XL,Beige,Fall,3.0,No,PayPal,Next Day Air,No,No,24,Bank Transfer,Quarterly
2093,42,Male,Sandals,Footwear,45,Minnesota,M,Silver,Fall,2.6,No,Bank Transfer,Next Day Air,No,No,27,Bank Transfer,Weekly
2095,53,Male,Socks,Clothing,25,South Carolina,M,Indigo,Spring,3.4,No,Bank Transfer,Standard,No,No,19,Venmo,Annually
2097,21,Male,Dress,Clothing,52,North Carolina,L,Blue,Summer,4.7,No,Debit Card,Free Shipping,No,No,27,Debit Card,Annually
2098,33,Male,Sneakers,Footwear,43,Iowa,S,Cyan,Winter,3.9,No,Credit Card,Next Day Air,No,No,5,Credit Card,Weekly
2099,49,Male,T-shirt,Clothing,28,Louisiana,M,White,Summer,3.3,No,Credit Card,2-Day Shipping,No,No,20,Venmo,Quarterly
2100,31,Male,T-shirt,Clothing,78,Oklahoma,L,Green,Summer,2.9,No,Debit Card,Express,No,No,50,PayPal,Annually
2102,49,Male,Shirt,Clothing,23,Oregon,M,Blue,Winter,3.6,No,Cash,Next Day Air,No,No,12,Bank Transfer,Bi-Weekly
2105,53,Male,Shoes,Footwear,88,New Mexico,M,Gold,Spring,2.8,No,Bank Transfer,Free Shipping,No,No,47,Venmo,Weekly
2108,46,Male,Pants,Clothing,75,Delaware,M,Black,Winter,3.3,No,PayPal,Standard,No,No,35,PayPal,Quarterly
2109,54,Male,Hoodie,Clothing,46,North Dakota,XL,Beige,Winter,4.2,No,Debit Card,Express,No,No,4,Credit Card,Quarterly
2115,37,Male,Shirt,Clothing,51,Vermont,M,Magenta,Winter,2.9,No,Credit Card,Standard,No,No,12,Debit Card,Annually
2117,67,Male,Jacket,Outerwear,23,Kansas,M,Teal,Summer,2.9,No,PayPal,Express,No,No,50,Debit Card,Bi-Weekly
2118,27,Male,Dress,Clothing,28,Colorado,L,Brown,Summer,3.8,No,Bank Transfer,Free Shipping,No,No,11,Debit Card,Annually
2119,60,Male,Socks,Clothing,44,Georgia,M,Olive,Fall,4.2,No,Bank Transfer,2-Day Shipping,No,No,28,Debit Card,Quarterly
2123,32,Male,Jacket,Outerwear,36,Virginia,L,Teal,Fall,4.0,No,PayPal,Express,No,No,42,Debit Card,Weekly
2124,54,Male,Coat,Outerwear,71,Nebraska,L,Cyan,Spring,3.7,No,Cash,Express,No,No,22,Debit Card,Bi-Weekly
2125,47,Male,Skirt,Clothing,60,Rhode Island,M,Teal,Fall,4.2,No,Venmo,Next Day Air,No,No,22,Venmo,Quarterly
2127,63,Male,Shoes,Footwear,38,Alabama,XL,Magenta,Winter,4.1,No,PayPal,Express,No,No,28,Credit Card,Monthly
2128,70,Male,Boots,Footwear,45,North Carolina,M,Indigo,Spring,4.5,No,Credit Card,2-Day Shipping,No,No,40,Debit Card,Weekly
2129,62,Male,Coat,Outerwear,47,New Mexico,L,Cyan,Fall,2.7,No,PayPal,2-Day Shipping,No,No,21,PayPal,Weekly
2132,19,Male,Shorts,Clothing,52,Montana,M,Red,Fall,3.6,No,Credit Card,Express,No,No,9,Bank Transfer,Fortnightly
2133,25,Male,Skirt,Clothing,87,Vermont,M,Magenta,Fall,4.7,No,PayPal,2-Day Shipping,No,No,15,Debit Card,Weekly
2135,55,Male,Sandals,Footwear,41,Virginia,XL,Maroon,Winter,2.9,No,Venmo,Standard,No,No,35,Credit Card,Fortnightly
2138,27,Male,Socks,Clothing,51,Indiana,XL,Purple,Winter,4.6,No,Bank Transfer,2-Day Shipping,No,No,20,Credit Card,Every 3 Months
2139,67,Male,Sweater,Clothing,42,Mississippi,M,Teal,Fall,2.8,No,Venmo,Next Day Air,No,No,36,Venmo,Quarterly
2142,24,Male,Dress,Clothing,98,Kentucky,M,Peach,Winter,4.1,No,Credit Card,2-Day Shipping,No,No,32,PayPal,Annually
2144,53,Male,Sandals,Footwear,66,Arkansas,L,Red,Fall,3.8,No,Debit Card,Next Day Air,No,No,48,Venmo,Bi-Weekly
2145,47,Male,Shoes,Footwear,23,Maryland,L,Orange,Winter,3.7,No,Cash,Free Shipping,No,No,25,PayPal,Quarterly
2146,38,Male,Skirt,Clothing,73,Connecticut,S,White,Winter,4.8,No,Debit Card,Standard,No,No,32,PayPal,Annually
2149,19,Male,T-shirt,Clothing,45,Nebraska,XL,Turquoise,Winter,4.6,No,PayPal,2-Day Shipping,No,No,19,PayPal,Bi-Weekly
2150,38,Male,Sandals,Footwear,21,Hawaii,L,Orange,Winter,4.0,No,Bank Transfer,Standard,No,No,1,Bank Transfer,Weekly
2152,70,Male,Jeans,Clothing,58,Vermont,L,Brown,Fall,2.6,No,Venmo,2-Day Shipping,No,No,18,Venmo,Monthly
2153,38,Male,Shorts,Clothing,48,New Jersey,L,Magenta,Summer,4.5,No,Bank Transfer,Next Day Air,No,No,43,Bank Transfer,Bi-Weekly
2154,35,Male,Shirt,Clothing,94,Kentucky,M,Violet,Fall,4.2,No,Credit Card,Free Shipping,No,No,31,PayPal,Annually
2157,38,Male,Skirt,Clothing,83,Missouri,M,Maroon,Winter,3.6,No,PayPal,Next Day Air,No,No,41,Debit Card,Bi-Weekly
2161,45,Male,Blouse,Clothing,92,West Virginia,L,Charcoal,Winter,3.3,No,Bank Transfer,Express,No,No,21,PayPal,Annually
2162,23,Male,Dress,Clothing,69,Washington,S,Peach,Summer,3.8,No,Credit Card,Express,No,No,5,Debit Card,Fortnightly
2163,60,Male,Shorts,Clothing,48,Oregon,S,Black,Summer,2.7,No,Credit Card,Free Shipping,No,No,32,PayPal,Weekly
2164,52,Male,Shoes,Footwear,60,New York,L,Gray,Spring,4.5,No,Bank Transfer,Express,No,No,44,Bank Transfer,Monthly
2165,42,Male,Sandals,Footwear,20,Iowa,S,Olive,Winter,4.8,No,Venmo,Next Day Air,No,No,46,PayPal,Bi-Weekly
2166,29,Male,Pants,Clothing,55,Idaho,M,Turquoise,Summer,4.2,No,Bank Transfer,Express,No,No,42,Credit Card,Every 3 Months
2167,31,Male,Jacket,Outerwear,88,New Jersey,S,Purple,Spring,3.5,No,Venmo,Express,No,No,50,Credit Card,Bi-Weekly
2168,30,Male,Skirt,Clothing,48,Ohio,L,Green,Winter,4.9,No,Venmo,Standard,No,No,33,Venmo,Fortnightly
2170,31,Male,Coat,Outerwear,42,Florida,M,Brown,Fall,2.9,No,PayPal,Next Day Air,No,No,32,Bank Transfer,Bi-Weekly
2171,40,Male,Sweater,Clothing,32,South Carolina,M,Turquoise,Fall,4.0,No,PayPal,Next Day Air,No,No,37,Venmo,Every 3 Months
2176,68,Male,Dress,Clothing,50,Nebraska,M,Silver,Spring,3.3,No,Bank Transfer,Free Shipping,No,No,48,Credit Card,Fortnightly
2180,49,Male,Socks,Clothing,82,Delaware,L,Lavender,Fall,2.9,No,Credit Card,Next Day Air,No,No,14,PayPal,Monthly
2185,38,Male,Shoes,Footwear,34,Nevada,S,Gold,Spring,3.2,No,PayPal,Free Shipping,No,No,16,PayPal,Every 3 Months
2186,40,Male,Shorts,Clothing,32,North Carolina,M,Violet,Winter,2.5,No,Venmo,Express,No,No,50,Debit Card,Every 3 Months
2187,55,Male,Sandals,Footwear,23,New Mexico,XL,Teal,Winter,4.3,No,Bank Transfer,Next Day Air,No,No,6,PayPal,Every 3 Months
2188,37,Male,Blouse,Clothing,78,Idaho,M,Violet,Spring,4.4,No,Venmo,Free Shipping,No,No,20,PayPal,Annually
2189,41,Male,Coat,Outerwear,54,California,M,Brown,Winter,4.7,No,PayPal,Next Day Air,No,No,9,Credit Card,Weekly
2190,38,Male,Blouse,Clothing,94,Wisconsin,XL,Brown,Fall,4.0,No,PayPal,Express,No,No,47,Credit Card,Bi-Weekly
2194,27,Male,Shirt,Clothing,78,California,L,Turquoise,Spring,5.0,No,Bank Transfer,Express,No,No,8,PayPal,Monthly
2195,61,Male,Socks,Clothing,29,Kentucky,M,Silver,Summer,3.5,No,Debit Card,Standard,No,No,48,Bank Transfer,Quarterly
2197,25,Male,Dress,Clothing,58,Vermont,M,Gray,Spring,4.8,No,Venmo,Next Day Air,No,No,31,PayPal,Weekly
2198,33,Male,Boots,Footwear,88,Pennsylvania,M,Indigo,Summer,3.7,No,PayPal,2-Day Shipping,No,No,40,Venmo,Monthly
2202,39,Male,Pants,Clothing,25,Ohio,L,Peach,Spring,4.9,No,Bank Transfer,2-Day Shipping,No,No,10,Venmo,Annually
2203,42,Male,Dress,Clothing,36,Alabama,M,Red,Summer,4.3,No,PayPal,Next Day Air,No,No,23,Credit Card,Weekly
2205,20,Male,Jeans,Clothing,41,Oregon,S,Lavender,Winter,3.4,No,Venmo,2-Day Shipping,No,No,6,Debit Card,Monthly
2206,46,Male,Sweater,Clothing,68,North Dakota,XL,Red,Fall,2.7,No,PayPal,Express,No,No,27,PayPal,Weekly
2210,42,Male,Sandals,Footwear,20,Utah,XL,Beige,Summer,4.5,No,Credit Card,2-Day Shipping,No,No,44,Bank Transfer,Quarterly
2212,50,Male,Sweater,Clothing,89,Maine,L,Purple,Winter,3.2,No,PayPal,Free Shipping,No,No,45,Debit Card,Every 3 Months
2213,59,Male,Pants,Clothing,77,Nebraska,M,Brown,Winter,3.3,No,PayPal,Next Day Air,No,No,22,Bank Transfer,Quarterly
2216,25,Male,Sandals,Footwear,96,West Virginia,M,Indigo,Winter,2.7,No,Debit Card,Express,No,No,28,Credit Card,Fortnightly
2222,25,Male,Shorts,Clothing,88,Kansas,XL,White,Fall,3.0,No,Debit Card,Free Shipping,No,No,34,Credit Card,Annually
2224,30,Male,Sandals,Footwear,65,Kansas,M,Gray,Fall,4.7,No,Credit Card,Next Day Air,No,No,5,PayPal,Quarterly
2230,70,Male,Pants,Clothing,97,Minnesota,M,Silver,Fall,3.9,No,Bank Transfer,Express,No,No,50,Venmo,Monthly
2231,52,Male,Sneakers,Footwear,36,Colorado,S,Teal,Spring,3.8,No,Debit Card,Express,No,No,33,Venmo,Fortnightly
2234,38,Male,Blouse,Clothing,31,Florida,XL,Gray,Summer,4.5,No,Credit Card,Express,No,No,48,Credit Card,Monthly
2236,40,Male,Socks,Clothing,82,Illinois,M,Gray,Spring,4.5,No,Credit Card,2-Day Shipping,No,No,44,Credit Card,Annually
2237,23,Male,T-shirt,Clothing,88,Louisiana,M,Yellow,Winter,2.7,No,Venmo,Standard,No,No,18,Debit Card,Fortnightly
2238,45,Male,Sandals,Footwear,34,Alabama,S,Black,Summer,3.8,No,Bank Transfer,Next Day Air,No,No,31,Venmo,Every 3 Months
2239,40,Male,Sneakers,Footwear,84,Florida,L,Beige,Winter,3.8,No,Credit Card,Standard,No,No,18,Debit Card,Weekly
2241,57,Male,Sandals,Footwear,71,California,L,Green,Winter,4.3,No,Credit Card,Next Day Air,No,No,18,Debit Card,Every 3 Months
2242,18,Male,Jacket,Outerwear,77,Maryland,M,Purple,Summer,3.5,No,Bank Transfer,Free Shipping,No,No,3,Bank Transfer,Bi-Weekly
2243,18,Male,Skirt,Clothing,66,Nevada,M,Orange,Spring,3.8,No,PayPal,Next Day Air,No,No,5,Credit Card,Bi-Weekly
2244,56,Male,Shirt,Clothing,21,Massachusetts,M,Teal,Winter,3.7,No,Cash,2-Day Shipping,No,No,13,Debit Card,Annually
2245,35,Male,Shorts,Clothing,37,South Carolina,M,Gold,Summer,4.8,No,Credit Card,2-Day Shipping,No,No,22,PayPal,Annually
2246,49,Male,Socks,Clothing,90,Delaware,L,Gray,Fall,4.9,No,Venmo,Free Shipping,No,No,45,PayPal,Fortnightly
2249,63,Male,T-shirt,Clothing,66,Rhode Island,M,Violet,Winter,3.4,No,Cash,Free Shipping,No,No,19,PayPal,Fortnightly
2252,26,Male,Shoes,Footwear,94,Virginia,L,Gold,Fall,3.8,No,PayPal,Free Shipping,No,No,22,Debit Card,Monthly
2253,48,Male,Shoes,Footwear,96,Nebraska,S,Maroon,Summer,3.9,No,Venmo,Express,No,No,21,Bank Transfer,Annually
2257,31,Male,Blouse,Clothing,22,California,M,Turquoise,Fall,5.0,No,Debit Card,Standard,No,No,33,Credit Card,Quarterly
2258,41,Male,Skirt,Clothing,32,Tennessee,L,Olive,Fall,4.2,No,PayPal,Standard,No,No,6,Bank Transfer,Annually
2269,66,Male,Sweater,Clothing,26,Georgia,L,Charcoal,Spring,2.7,No,Credit Card,2-Day Shipping,No,No,15,Bank Transfer,Monthly
2271,27,Male,Blouse,Clothing,72,Georgia,L,Purple,Spring,3.5,No,Debit Card,Express,No,No,7,Venmo,Weekly
2272,29,Male,Dress,Clothing,99,Alaska,M,Green,Summer,3.4,No,Cash,Free Shipping,No,No,49,PayPal,Quarterly
2273,29,Male,Jacket,Outerwear,38,Maine,L,Charcoal,Spring,4.0,No,Venmo,Standard,No,No,44,PayPal,Monthly
2274,55,Male,Coat,Outerwear,96,New Mexico,L,Silver,Winter,4.8,No,Credit Card,Express,No,No,13,PayPal,Bi-Weekly
2275,57,Male,Dress,Clothing,27,New York,L,Turquoise,Spring,4.5,No,Cash,Next Day Air,No,No,38,PayPal,Fortnightly
2276,29,Male,Shorts,Clothing,24,Oklahoma,M,Gray,Winter,4.4,No,PayPal,Standard,No,No,10,Debit Card,Weekly
2277,31,Male,Jeans,Clothing,82,Wyoming,L,Red,Summer,4.1,No,Bank Transfer,2-Day Shipping,No,No,25,Debit Card,Weekly
2280,53,Male,Sneakers,Footwear,67,West Virginia,L,Indigo,Spring,2.9,No,Bank Transfer,Free Shipping,No,No,35,Bank Transfer,Quarterly
2281,22,Male,Shoes,Footwear,21,Kentucky,M,Red,Summer,2.8,No,Bank Transfer,Standard,No,No,31,Credit Card,Fortnightly
2283,18,Male,Sneakers,Footwear,97,Idaho,S,Red,Fall,4.2,No,Debit Card,2-Day Shipping,No,No,8,Credit Card,Annually
2285,32,Male,Blouse,Clothing,63,Iowa,XL,Black,Fall,4.1,No,Cash,Express,No,No,20,Venmo,Annually
2290,70,Male,Shorts,Clothing,82,Nevada,M,Orange,Fall,4.1,No,PayPal,Free Shipping,No,No,47,Venmo,Weekly
2291,37,Male,Boots,Footwear,48,Kansas,L,Magenta,Winter,3.3,No,Venmo,Standard,No,No,23,PayPal,Quarterly
2292,28,Male,Coat,Outerwear,30,Ohio,M,Indigo,Spring,5.0,No,PayPal,2-Day Shipping,No,No,13,Credit Card,Quarterly
2293,43,Male,T-shirt,Clothing,34,Vermont,S,Beige,Spring,3.8,No,Debit Card,Next Day Air,No,No,31,Debit Card,Monthly
2294,37,Male,Sweater,Clothing,68,Georgia,L,Green,Fall,3.3,No,PayPal,Express,No,No,16,Debit Card,Every 3 Months
2298,60,Male,Socks,Clothing,83,California,M,Orange,Summer,4.7,No,PayPal,Standard,No,No,1,Bank Transfer,Quarterly
2301,18,Male,Coat,Outerwear,88,Pennsylvania,XL,Lavender,Summer,4.4,No,Venmo,2-Day Shipping,No,No,38,Credit Card,Monthly
2302,37,Male,Pants,Clothing,20,Maine,L,Turquoise,Winter,2.9,No,Debit Card,Next Day Air,No,No,21,Debit Card,Annually
2305,26,Male,Hoodie,Clothing,73,Louisiana,L,Silver,Winter,4.7,No,Bank Transfer,Free Shipping,No,No,9,Debit Card,Fortnightly
2308,28,Male,Skirt,Clothing,96,Missouri,L,Green,Fall,3.5,No,Bank Transfer,Next Day Air,No,No,30,Debit Card,Annually
2310,70,Male,Dress,Clothing,95,Connecticut,S,Gold,Fall,5.0,No,Cash,2-Day Shipping,No,No,3,Bank Transfer,Quarterly
2312,27,Male,Sneakers,Footwear,28,Montana,L,Gold,Spring,4.8,No,PayPal,2-Day Shipping,No,No,10,Bank Transfer,Every 3 Months
2314,64,Male,Dress,Clothing,31,Georgia,M,Black,Summer,4.7,No,Venmo,Next Day Air,No,No,36,Bank Transfer,Fortnightly
2316,69,Male,Socks,Clothing,79,Vermont,M,Indigo,Winter,3.5,No,Cash,2-Day Shipping,No,No,49,Debit Card,Quarterly
2317,28,Male,Sneakers,Footwear,39,Montana,L,Yellow,Winter,3.8,No,Credit Card,Standard,No,No,7,Debit Card,Annually
2318,47,Male,Jacket,Outerwear,34,New Jersey,M,Purple,Summer,4.7,No,Debit Card,Next Day Air,No,No,28,Bank Transfer,Monthly
2320,56,Male,Sandals,Footwear,38,Maine,XL,Turquoise,Winter,5.0,No,Debit Card,Free Shipping,No,No,29,PayPal,Monthly
2321,28,Male,Shoes,Footwear,55,New Mexico,M,Olive,Spring,3.7,No,Credit Card,Free Shipping,No,No,9,Debit Card,Every 3 Months
2322,50,Male,Sandals,Footwear,31,Colorado,M,Beige,Winter,3.0,No,PayPal,Next Day Air,No,No,27,Debit Card,Fortnightly
2325,59,Male,Coat,Outerwear,28,Oregon,L,Brown,Winter,3.5,No,Debit Card,Free Shipping,No,No,19,Debit Card,Annually
2327,66,Male,Skirt,Clothing,63,Oklahoma,L,Maroon,Winter,2.6,No,Cash,Standard,No,No,38,Bank Transfer,Annually
2328,20,Male,Skirt,Clothing,94,Alabama,M,Red,Winter,4.2,No,Credit Card,2-Day Shipping,No,No,22,Venmo,Bi-Weekly
2329,45,Male,Pants,Clothing,36,North Dakota,M,Maroon,Fall,2.6,No,Credit Card,Express,No,No,29,Venmo,Bi-Weekly
2334,33,Male,Shirt,Clothing,77,Kansas,M,Beige,Spring,3.8,No,Cash,Next Day Air,No,No,1,PayPal,Every 3 Months
2335,49,Male,Boots,Footwear,79,Kansas,L,Green,Summer,4.2,No,Credit Card,Standard,No,No,7,Credit Card,Monthly
2339,66,Male,Sneakers,Footwear,68,Georgia,S,Silver,Fall,4.0,No,PayPal,Express,No,No,21,PayPal,Quarterly
2340,25,Male,Shirt,Clothing,65,Illinois,L,Maroon,Spring,3.4,No,Cash,Next Day Air,No,No,24,Bank Transfer,Quarterly
2341,63,Male,Blouse,Clothing,24,Delaware,M,Cyan,Summer,2.6,No,Venmo,Standard,No,No,37,Credit Card,Fortnightly
2342,56,Male,Jacket,Outerwear,31,Connecticut,L,Teal,Summer,4.5,No,Cash,Express,No,No,22,Venmo,Every 3 Months
2343,20,Male,Skirt,Clothing,89,Tennessee,M,Olive,Fall,4.9,No,Credit Card,Standard,No,No,16,Debit Card,Fortnightly
2344,58,Male,Socks,Clothing,49,Maryland,M,Red,Summer,4.4,No,Venmo,2-Day Shipping,No,No,44,PayPal,Monthly
2345,34,Male,Sandals,Footwear,92,Rhode Island,XL,Lavender,Fall,3.5,No,Credit Card,Express,No,No,14,Venmo,Bi-Weekly
2346,28,Male,T-shirt,Clothing,32,New York,S,Orange,Winter,3.3,No,Bank Transfer,Express,No,No,23,Bank Transfer,Every 3 Months
2347,22,Male,Jacket,Outerwear,67,New Mexico,L,Brown,Winter,3.1,No,Bank Transfer,Standard,No,No,46,Debit Card,Fortnightly
2349,54,Male,Shoes,Footwear,84,Maine,M,Orange,Spring,4.9,No,PayPal,Next Day Air,No,No,16,PayPal,Every 3 Months
2350,65,Male,Blouse,Clothing,34,New York,M,Orange,Fall,3.9,No,Venmo,Standard,No,No,40,Credit Card,Every 3 Months
2355,56,Male,Blouse,Clothing,78,Wisconsin,M,Blue,Summer,4.8,No,Cash,Next Day Air,No,No,27,Venmo,Monthly
2358,53,Male,Shirt,Clothing,67,Michigan,L,Cyan,Fall,4.2,No,Bank Transfer,2-Day Shipping,No,No,40,Credit Card,Bi-Weekly
2359,53,Male,Sweater,Clothing,93,Texas,L,Pink,Spring,3.8,No,Bank Transfer,Standard,No,No,38,Credit Card,Quarterly
2363,27,Male,Jeans,Clothing,41,Virginia,M,Brown,Fall,2.7,No,Venmo,Standard,No,No,24,Credit Card,Monthly
2366,52,Male,Sneakers,Footwear,91,Wyoming,S,Peach,Winter,2.5,No,Cash,Next Day Air,No,No,32,Venmo,Monthly
2367,30,Male,Shoes,Footwear,66,New Mexico,L,Brown,Winter,3.6,No,PayPal,Express,No,No,32,Credit Card,Fortnightly
2368,66,Male,Socks,Clothing,85,North Dakota,L,Green,Winter,3.4,No,Bank Transfer,Standard,No,No,28,Bank Transfer,Bi-Weekly
2370,24,Male,Sweater,Clothing,23,Vermont,M,Cyan,Winter,4.6,No,Debit Card,Standard,No,No,24,PayPal,Monthly
2372,67,Male,Socks,Clothing,25,Indiana,M,Charcoal,Winter,3.7,No,PayPal,Next Day Air,No,No,28,Debit Card,Annually
2373,50,Male,Boots,Footwear,39,Alabama,XL,Silver,Spring,3.1,No,Debit Card,Express,No,No,9,PayPal,Fortnightly
2374,37,Male,Hoodie,Clothing,20,Michigan,M,Gray,Spring,4.9,No,Bank Transfer,Express,No,No,21,Debit Card,Every 3 Months
2382,62,Male,Sandals,Footwear,23,Wisconsin,M,Teal,Summer,4.5,No,Bank Transfer,Free Shipping,No,No,23,PayPal,Annually
2383,39,Male,Sweater,Clothing,60,California,M,Turquoise,Spring,3.9,No,Debit Card,Express,No,No,44,Debit Card,Weekly
2385,24,Male,Blouse,Clothing,35,Alabama,L,Green,Winter,3.3,No,Debit Card,2-Day Shipping,No,No,40,PayPal,Quarterly
2387,19,Male,Socks,Clothing,33,Illinois,L,Blue,Summer,2.9,No,Credit Card,Standard,No,No,14,Venmo,Monthly
2391,65,Male,Shirt,Clothing,64,Arizona,XL,Yellow,Winter,4.6,No,Debit Card,Express,No,No,24,Debit Card,Fortnightly
2392,42,Male,Shirt,Clothing,74,Michigan,M,Black,Winter,4.6,No,PayPal,Next Day Air,No,No,31,Bank Transfer,Quarterly
2394,58,Male,Socks,Clothing,97,Louisiana,M,Brown,Winter,5.0,No,Debit Card,2-Day Shipping,No,No,38,PayPal,Every 3 Months
2395,40,Male,Sandals,Footwear,47,Connecticut,L,Peach,Fall,2.9,No,Cash,2-Day Shipping,No,No,23,Debit Card,Fortnightly
2396,62,Male,Blouse,Clothing,83,Connecticut,M,Cyan,Winter,3.5,No,Debit Card,2-Day Shipping,No,No,47,PayPal,Bi-Weekly
2397,38,Male,Shirt,Clothing,82,Oregon,M,Olive,Spring,3.7,No,Credit Card,2-Day Shipping,No,No,20,Venmo,Weekly
2399,65,Male,Jacket,Outerwear,81,Florida,M,Orange,Winter,4.3,No,PayPal,Free Shipping,No,No,44,Bank Transfer,Fortnightly
2402,43,Male,Boots,Footwear,76,Oregon,M,Pink,Winter,4.2,No,Cash,Standard,No,No,25,PayPal,Bi-Weekly
2404,64,Male,Shorts,Clothing,22,Missouri,M,Magenta,Fall,4.4,No,Bank Transfer,Standard,No,No,40,Debit Card,Weekly
2405,28,Male,Shorts,Clothing,33,West Virginia,L,Cyan,Winter,3.1,No,Venmo,2-Day Shipping,No,No,23,Credit Card,Bi-Weekly
2406,69,Male,Jeans,Clothing,97,California,XL,Silver,Fall,5.0,No,Venmo,Standard,No,No,5,Debit Card,Quarterly
2408,52,Male,Shorts,Clothing,38,Illinois,M,Beige,Summer,3.0,No,Credit Card,Express,No,No,11,Credit Card,Bi-Weekly
2409,23,Male,Sneakers,Footwear,55,Hawaii,XL,Black,Fall,4.2,No,PayPal,Next Day Air,No,No,44,Debit Card,Every 3 Months
2411,48,Male,Shoes,Footwear,43,Wisconsin,M,Maroon,Summer,3.7,No,Venmo,Free Shipping,No,No,46,PayPal,Monthly
2413,53,Male,Jacket,Outerwear,51,Oregon,M,Pink,Winter,4.3,No,Debit Card,2-Day Shipping,No,No,8,Bank Transfer,Bi-Weekly
2414,69,Male,Shorts,Clothing,95,Pennsylvania,XL,Violet,Fall,2.7,No,Bank Transfer,2-Day Shipping,No,No,30,Bank Transfer,Weekly
2415,26,Male,Socks,Clothing,26,Virginia,M,Lavender,Summer,3.7,No,PayPal,Next Day Air,No,No,14,Credit Card,Bi-Weekly
2416,21,Male,Coat,Outerwear,34,Hawaii,XL,Lavender,Fall,4.3,No,Cash,Standard,No,No,30,Bank Transfer,Weekly
2417,59,Male,Sandals,Footwear,83,Nebraska,S,Black,Summer,4.0,No,Cash,Next Day Air,No,No,26,Credit Card,Every 3 Months
2420,26,Male,Sweater,Clothing,40,North Carolina,M,Blue,Fall,2.7,No,Venmo,Next Day Air,No,No,11,Credit Card,Every 3 Months
2421,41,Male,Jacket,Outerwear,87,North Carolina,S,Green,Winter,4.2,No,PayPal,Free Shipping,No,No,28,PayPal,Annually
2422,37,Male,Sneakers,Footwear,46,Minnesota,L,Pink,Spring,4.6,No,PayPal,Standard,No,No,2,Debit Card,Every 3 Months
2426,58,Male,Shoes,Footwear,49,North Dakota,S,Olive,Summer,3.0,No,Venmo,2-Day Shipping,No,No,34,Bank Transfer,Quarterly
2427,70,Male,Jacket,Outerwear,42,Florida,M,Olive,Fall,4.6,No,Venmo,Free Shipping,No,No,26,Debit Card,Every 3 Months
2429,65,Male,T-shirt,Clothing,38,Idaho,M,Violet,Spring,4.4,No,PayPal,Next Day Air,No,No,34,Debit Card,Annually
2430,57,Male,Sneakers,Footwear,57,Virginia,XL,Maroon,Summer,4.4,No,PayPal,Standard,No,No,47,Credit Card,Fortnightly
2432,34,Male,Hoodie,Clothing,73,Alabama,S,Olive,Fall,3.4,No,Cash,Express,No,No,27,Bank Transfer,Every 3 Months
2439,32,Male,Jeans,Clothing,20,Delaware,S,Cyan,Winter,3.4,No,Cash,Express,No,No,30,Venmo,Weekly
2441,31,Male,Socks,Clothing,90,Indiana,M,Red,Spring,4.7,No,Bank Transfer,Standard,No,No,47,Bank Transfer,Annually
2443,53,Male,Blouse,Clothing,95,Wyoming,L,Violet,Winter,4.7,No,PayPal,Free Shipping,No,No,50,Debit Card,Bi-Weekly
2447,38,Male,Shirt,Clothing,65,Alaska,L,Peach,Spring,2.9,No,Cash,2-Day Shipping,No,No,7,Credit Card,Monthly
2450,26,Male,Coat,Outerwear,56,Alabama,S,Violet,Fall,4.1,No,Debit Card,Express,No,No,31,Venmo,Fortnightly
2451,68,Male,T-shirt,Clothing,76,North Carolina,M,Magenta,Fall,4.5,No,Venmo,Standard,No,No,7,Venmo,Quarterly
2453,68,Male,Shirt,Clothing,67,New York,L,Purple,Winter,4.1,No,Venmo,Express,No,No,45,Bank Transfer,Every 3 Months
2457,59,Male,Jeans,Clothing,83,Nebraska,M,Green,Winter,3.3,No,Credit Card,2-Day Shipping,No,No,5,PayPal,Monthly
2459,66,Male,T-shirt,Clothing,85,Texas,L,Turquoise,Fall,4.6,No,Bank Transfer,Free Shipping,No,No,17,Bank Transfer,Weekly
2463,68,Male,Pants,Clothing,99,Missouri,XL,Orange,Spring,4.3,No,Venmo,Standard,No,No,31,Bank Transfer,Bi-Weekly
2466,18,Male,Sandals,Footwear,63,Texas,M,Brown,Spring,4.4,No,Cash,Free Shipping,No,No,20,Bank Transfer,Weekly
2468,27,Male,Shorts,Clothing,72,New Jersey,M,Lavender,Spring,3.6,No,Debit Card,Express,No,No,28,Credit Card,Annually
2469,65,Male,Skirt,Clothing,21,Connecticut,L,Cyan,Winter,3.7,No,Credit Card,2-Day Shipping,No,No,6,Venmo,Weekly
2470,68,Male,Sandals,Footwear,92,Maryland,M,Yellow,Fall,5.0,No,Cash,Standard,No,No,27,PayPal,Annually
2471,55,Male,Blouse,Clothing,72,Arizona,XL,Pink,Fall,2.7,No,Cash,Next Day Air,No,No,29,Credit Card,Fortnightly
2473,24,Male,Shirt,Clothing,73,Utah,M,Peach,Summer,4.1,No,Bank Transfer,Standard,No,No,31,Credit Card,Annually
2476,69,Male,Dress,Clothing,43,California,S,Lavender,Summer,3.5,No,Bank Transfer,Next Day Air,No,No,36,Venmo,Monthly
2479,18,Male,Socks,Clothing,93,Vermont,S,Maroon,Winter,4.8,No,Cash,2-Day Shipping,No,No,9,Bank Transfer,Every 3 Months
2480,37,Male,Dress,Clothing,98,Kansas,S,Olive,Fall,4.2,No,Venmo,Standard,No,No,26,Credit Card,Every 3 Months
2481,61,Male,Socks,Clothing,91,Ohio,XL,Maroon,Summer,2.9,No,Debit Card,Next Day Air,No,No,7,Credit Card,Fortnightly
2484,32,Male,Skirt,Clothing,96,Arizona,S,Teal,Fall,2.9,No,PayPal,Standard,No,No,8,Debit Card,Monthly
2486,43,Male,Blouse,Clothing,55,Louisiana,M,Beige,Spring,4.6,No,Credit Card,2-Day Shipping,No,No,37,Bank Transfer,Annually
2488,57,Male,Boots,Footwear,21,Montana,L,Violet,Spring,3.0,No,PayPal,Next Day Air,No,No,16,PayPal,Bi-Weekly
2490,66,Male,Coat,Outerwear,34,South Dakota,M,Green,Winter,3.9,No,Credit Card,Express,No,No,50,Venmo,Quarterly
2494,21,Male,Socks,Clothing,23,Maine,S,Beige,Fall,4.8,No,Cash,2-Day Shipping,No,No,6,Venmo,Every 3 Months
2502,49,Male,Shorts,Clothing,94,West Virginia,M,Violet,Fall,4.6,No,Cash,Free Shipping,No,No,30,Venmo,Bi-Weekly
2503,46,Male,Skirt,Clothing,47,Idaho,L,Pink,Spring,4.1,No,Cash,Standard,No,No,17,PayPal,Every 3 Months
2507,57,Male,Dress,Clothing,82,New York,XL,Orange,Spring,4.4,No,Debit Card,Free Shipping,No,No,19,Venmo,Annually
2509,23,Male,Sneakers,Footwear,90,California,XL,Indigo,Spring,3.1,No,Cash,2-Day Shipping,No,No,5,Debit Card,Bi-Weekly
2510,19,Male,Socks,Clothing,48,Washington,M,Black,Spring,4.4,No,PayPal,Free Shipping,No,No,9,Bank Transfer,Quarterly
2511,40,Male,Jacket,Outerwear,42,South Dakota,L,Purple,Winter,4.4,No,Cash,Standard,No,No,48,Credit Card,Weekly
2513,50,Male,Socks,Clothing,63,North Dakota,M,Green,Summer,4.9,No,Credit Card,Free Shipping,No,No,20,Credit Card,Monthly
2517,46,Male,Shorts,Clothing,73,Utah,XL,Brown,Spring,4.6,No,Bank Transfer,Standard,No,No,36,Debit Card,Quarterly
2518,64,Male,Shirt,Clothing,38,Wyoming,L,Orange,Spring,2.9,No,Credit Card,Standard,No,No,10,Venmo,Annually
2520,40,Male,Jacket,Outerwear,90,Michigan,L,Magenta,Spring,4.9,No,Credit Card,Standard,No,No,21,Credit Card,Quarterly
2525,60,Male,Coat,Outerwear,59,Kansas,M,Purple,Spring,3.7,No,Venmo,Express,No,No,23,Credit Card,Quarterly
2526,39,Male,Sweater,Clothing,72,Kentucky,M,Purple,Winter,4.2,No,PayPal,Standard,No,No,20,PayPal,Weekly
2527,47,Male,Shorts,Clothing,28,Rhode Island,S,Peach,Spring,3.4,No,Bank Transfer,Express,No,No,30,PayPal,Bi-Weekly
2528,19,Male,Pants,Clothing,36,Illinois,M,Gold,Fall,3.6,No,Cash,Express,No,No,33,Bank Transfer,Every 3 Months
2531,25,Male,Skirt,Clothing,98,Massachusetts,S,Cyan,Spring,3.6,No,Debit Card,Free Shipping,No,No,28,Debit Card,Weekly
2533,55,Male,Socks,Clothing,86,Nebraska,S,Charcoal,Summer,2.6,No,PayPal,Next Day Air,No,No,4,Debit Card,Weekly
2536,47,Male,Coat,Outerwear,80,Vermont,S,Purple,Winter,3.9,No,Bank Transfer,Express,No,No,39,Bank Transfer,Fortnightly
2538,44,Male,Coat,Outerwear,49,Maine,M,Purple,Summer,4.1,No,Debit Card,2-Day Shipping,No,No,30,PayPal,Fortnightly
2545,46,Male,Pants,Clothing,70,Delaware,M,Red,Spring,2.5,No,Cash,Next Day Air,No,No,39,Venmo,Quarterly
2546,38,Male,Shoes,Footwear,50,Texas,L,Olive,Spring,3.9,No,Bank Transfer,Free Shipping,No,No,10,Debit Card,Annually
2547,63,Male,Boots,Footwear,21,Texas,L,Gray,Summer,3.0,No,Venmo,Express,No,No,4,Credit Card,Quarterly
2550,41,Male,Jacket,Outerwear,60,Virginia,M,Red,Fall,2.7,No,Credit Card,Standard,No,No,11,Debit Card,Every 3 Months
2552,29,Male,Shoes,Footwear,32,Minnesota,M,Maroon,Winter,4.1,No,Cash,Next Day Air,No,No,40,Debit Card,Annually
2556,24,Male,Pants,Clothing,74,Idaho,M,Gray,Fall,3.5,No,PayPal,Standard,No,No,23,Credit Card,Weekly
2557,24,Male,T-shirt,Clothing,88,Montana,XL,Magenta,Fall,3.1,No,PayPal,Standard,No,No,4,Bank Transfer,Quarterly
2558,70,Male,Shorts,Clothing,23,Oklahoma,L,Cyan,Spring,3.9,No,Venmo,Standard,No,No,17,PayPal,Fortnightly
2559,49,Male,Hoodie,Clothing,32,California,M,Silver,Fall,2.7,No,Cash,Express,No,No,24,PayPal,Fortnightly
2561,58,Male,Boots,Footwear,62,California,M,Violet,Spring,2.7,No,Debit Card,Next Day Air,No,No,17,Debit Card,Bi-Weekly
2562,32,Male,Hoodie,Clothing,20,New York,L,Magenta,Spring,2.7,No,Credit Card,Free Shipping,No,No,22,Debit Card,Quarterly
2569,52,Male,T-shirt,Clothing,98,Texas,XL,Green,Winter,4.3,No,Cash,Express,No,No,29,PayPal,Fortnightly
2570,42,Male,Dress,Clothing,75,New York,M,Charcoal,Spring,4.8,No,Debit Card,Free Shipping,No,No,10,Bank Transfer,Bi-Weekly
2573,54,Male,Blouse,Clothing,42,Washington,M,Silver,Fall,3.9,No,Debit Card,Next Day Air,No,No,40,Bank Transfer,Quarterly
2576,53,Male,Shorts,Clothing,96,Minnesota,M,Silver,Fall,4.0,No,Cash,Express,No,No,9,PayPal,Annually
2577,20,Male,Hoodie,Clothing,40,New Hampshire,M,Silver,Winter,4.2,No,PayPal,Free Shipping,No,No,19,Debit Card,Quarterly
2578,52,Male,Socks,Clothing,39,Minnesota,L,Black,Fall,4.5,No,Debit Card,Next Day Air,No,No,37,Bank Transfer,Monthly
2580,65,Male,Blouse,Clothing,20,Minnesota,M,Purple,Summer,3.7,No,Venmo,Express,No,No,40,Venmo,Weekly
2582,57,Male,Dress,Clothing,81,Wyoming,M,Gold,Winter,4.7,No,Bank Transfer,Express,No,No,48,Credit Card,Monthly
2583,19,Male,Dress,Clothing,98,South Dakota,S,Indigo,Fall,3.6,No,Venmo,2-Day Shipping,No,No,4,Venmo,Every 3 Months
2587,20,Male,Coat,Outerwear,28,Maine,L,Yellow,Winter,4.6,No,Venmo,Express,No,No,1,Credit Card,Every 3 Months
2590,52,Male,Pants,Clothing,53,North Dakota,M,Silver,Winter,4.9,No,Bank Transfer,2-Day Shipping,No,No,31,PayPal,Annually
2596,29,Male,Blouse,Clothing,56,Iowa,XL,Maroon,Summer,3.2,No,Credit Card,Free Shipping,No,No,3,Bank Transfer,Bi-Weekly
2597,63,Male,Shirt,Clothing,78,Louisiana,L,Black,Spring,3.0,No,Venmo,Next Day Air,No,No,35,Credit Card,Monthly
2603,65,Male,Coat,Outerwear,44,South Carolina,M,Black,Fall,2.9,No,Venmo,Free Shipping,No,No,1,Venmo,Quarterly
2606,41,Male,Hoodie,Clothing,93,Nevada,M,White,Spring,3.7,No,Debit Card,2-Day Shipping,No,No,32,Venmo,Fortnightly
2607,68,Male,Shoes,Footwear,98,Nevada,L,Turquoise,Spring,4.7,No,Bank Transfer,Standard,No,No,46,Bank Transfer,Bi-Weekly
2608,41,Male,Shoes,Footwear,36,Oklahoma,XL,Teal,Spring,3.1,No,Bank Transfer,Express,No,No,38,PayPal,Every 3 Months
2609,42,Male,Jacket,Outerwear,68,Mississippi,L,Orange,Fall,4.2,No,PayPal,2-Day Shipping,No,No,48,Credit Card,Fortnightly
2615,18,Male,Jacket,Outerwear,65,North Dakota,M,Turquoise,Spring,4.2,No,Credit Card,Express,No,No,36,Bank Transfer,Fortnightly
2616,49,Male,T-shirt,Clothing,62,Arizona,M,Maroon,Fall,3.1,No,Venmo,2-Day Shipping,No,No,6,Debit Card,Quarterly
2618,31,Male,Shorts,Clothing,97,Idaho,S,Maroon,Spring,4.8,No,Bank Transfer,Standard,No,No,29,Bank Transfer,Annually
2620,68,Male,Pants,Clothing,40,Connecticut,L,Indigo,Winter,3.9,No,Credit Card,Free Shipping,No,No,47,Credit Card,Weekly
2621,27,Male,Blouse,Clothing,23,Ohio,S,Lavender,Winter,3.0,No,Venmo,Standard,No,No,28,Debit Card,Annually
2622,48,Male,Shoes,Footwear,46,Maine,M,Beige,Winter,3.0,No,PayPal,Express,No,No,21,Bank Transfer,Annually
2625,19,Male,Dress,Clothing,59,South Dakota,M,Indigo,Summer,3.3,No,Debit Card,Standard,No,No,19,Credit Card,Annually
2626,30,Male,Skirt,Clothing,51,Colorado,L,Cyan,Summer,2.7,No,Bank Transfer,Standard,No,No,31,Credit Card,Weekly
2627,50,Male,Jacket,Outerwear,46,Rhode Island,XL,Silver,Fall,4.2,No,Bank Transfer,Express,No,No,30,Credit Card,Every 3 Months
2628,66,Male,Shirt,Clothing,26,Missouri,L,Silver,Fall,3.6,No,PayPal,Next Day Air,No,No,40,Bank Transfer,Quarterly
2629,25,Male,Hoodie,Clothing,51,Wyoming,M,Silver,Summer,3.8,No,Venmo,Next Day Air,No,No,42,Credit Card,Bi-Weekly
2636,59,Male,Hoodie,Clothing,80,Colorado,XL,Peach,Spring,2.9,No,PayPal,2-Day Shipping,No,No,34,PayPal,Fortnightly
2640,18,Male,Blouse,Clothing,35,New Hampshire,XL,Pink,Winter,2.6,No,Debit Card,Free Shipping,No,No,33,Debit Card,Quarterly
2645,25,Male,Pants,Clothing,83,New Mexico,M,Turquoise,Spring,3.3,No,PayPal,Standard,No,No,4,Bank Transfer,Every 3 Months
2647,33,Male,T-shirt,Clothing,56,New Mexico,S,Lavender,Summer,3.9,No,Cash,Next Day Air,No,No,4,Debit Card,Every 3 Months
2648,60,Male,Shoes,Footwear,58,South Carolina,M,Red,Summer,3.3,No,Debit Card,2-Day Shipping,No,No,25,Debit Card,Annually
2649,51,Male,Pants,Clothing,84,Illinois,M,Gray,Spring,3.9,No,Venmo,Next Day Air,No,No,14,PayPal,Bi-Weekly
2651,20,Male,Socks,Clothing,35,Oregon,L,Maroon,Summer,4.2,No,PayPal,Standard,No,No,46,Credit Card,Every 3 Months
2653,23,Female,Shorts,Clothing,20,Maryland,L,Cyan,Summer,3.3,No,Debit Card,2-Day Shipping,No,No,46,Credit Card,Monthly
2654,67,Female,Blouse,Clothing,36,Wisconsin,L,Lavender,Fall,4.8,No,Credit Card,Express,No,No,24,Venmo,Every 3 Months
2655,23,Female,Coat,Outerwear,70,Idaho,S,Pink,Fall,4.1,No,Debit Card,Next Day Air,No,No,4,PayPal,Annually
2657,52,Female,Shorts,Clothing,76,Indiana,L,Yellow,Winter,3.6,No,Bank Transfer,Express,No,No,29,Bank Transfer,Fortnightly
2658,52,Female,Dress,Clothing,81,Texas,M,Pink,Summer,2.7,No,PayPal,Express,No,No,7,Credit Card,Fortnightly
2660,35,Female,Boots,Footwear,35,Kansas,L,Gray,Summer,4.4,No,Bank Transfer,2-Day Shipping,No,No,46,Credit Card,Fortnightly
2661,24,Female,Pants,Clothing,85,South Carolina,L,Yellow,Spring,4.9,No,Debit Card,Express,No,No,44,Venmo,Annually
2662,43,Female,Boots,Footwear,96,Michigan,XL,Olive,Fall,4.8,No,Debit Card,Express,No,No,20,Bank Transfer,Annually
2663,25,Female,Skirt,Clothing,98,Nebraska,M,Cyan,Summer,2.8,No,PayPal,2-Day Shipping,No,No,44,PayPal,Fortnightly
2664,46,Female,Sneakers,Footwear,52,Wisconsin,L,Silver,Fall,2.9,No,Credit Card,Free Shipping,No,No,23,Bank Transfer,Annually
2669,59,Female,Coat,Outerwear,75,Texas,M,Black,Summer,4.8,No,Venmo,Next Day Air,No,No,9,PayPal,Quarterly
2672,37,Female,Sandals,Footwear,64,Alabama,XL,Gray,Winter,4.8,No,Cash,2-Day Shipping,No,No,41,PayPal,Every 3 Months
2678,45,Female,Shorts,Clothing,43,Connecticut,L,Olive,Spring,3.8,No,Debit Card,Next Day Air,No,No,6,PayPal,Every 3 Months
2680,53,Female,Shorts,Clothing,68,Montana,S,Yellow,Spring,3.8,No,Debit Card,Express,No,No,7,Debit Card,Quarterly
2681,44,Female,Socks,Clothing,37,Nebraska,L,Indigo,Fall,3.3,No,PayPal,Next Day Air,No,No,21,Venmo,Annually
2682,23,Female,Shoes,Footwear,23,Massachusetts,L,Olive,Summer,4.8,No,Bank Transfer,Standard,No,No,17,Debit Card,Monthly
2683,59,Female,Sneakers,Footwear,65,North Carolina,L,Maroon,Winter,3.9,No,Venmo,2-Day Shipping,No,No,5,Venmo,Every 3 Months
2685,46,Female,Dress,Clothing,45,Washington,M,Gray,Summer,4.7,No,Venmo,Free Shipping,No,No,42,Credit Card,Bi-Weekly
2686,56,Female,Boots,Footwear,25,Virginia,M,Gray,Winter,2.7,No,Venmo,Express,No,No,49,Credit Card,Quarterly
2688,61,Female,Dress,Clothing,75,Delaware,M,White,Fall,3.6,No,Cash,2-Day Shipping,No,No,12,Debit Card,Bi-Weekly
2690,29,Female,Blouse,Clothing,35,Wyoming,M,Orange,Fall,3.9,No,Credit Card,Standard,No,No,47,PayPal,Quarterly
2693,40,Female,Sneakers,Footwear,90,Washington,XL,Violet,Spring,4.2,No,Venmo,Free Shipping,No,No,18,Debit Card,Every 3 Months
2697,57,Female,Coat,Outerwear,20,South Dakota,M,White,Spring,4.7,No,Credit Card,Free Shipping,No,No,12,Debit Card,Monthly
2698,42,Female,Jacket,Outerwear,52,Delaware,L,Red,Winter,3.2,No,Credit Card,Standard,No,No,36,Bank Transfer,Quarterly
2700,25,Female,Boots,Footwear,96,Utah,M,Violet,Fall,3.6,No,Venmo,2-Day Shipping,No,No,49,Debit Card,Annually
2703,70,Female,Shoes,Footwear,37,Texas,L,Gray,Fall,4.0,No,PayPal,Next Day Air,No,No,39,Debit Card,Fortnightly
2705,52,Female,Dress,Clothing,54,Tennessee,L,Beige,Spring,3.4,No,Credit Card,Next Day Air,No,No,35,Debit Card,Weekly
2707,24,Female,Shoes,Footwear,40,Alabama,S,Blue,Spring,3.1,No,Bank Transfer,Express,No,No,48,Debit Card,Quarterly
2710,35,Female,Shirt,Clothing,54,Illinois,S,Cyan,Winter,2.9,No,Debit Card,Standard,No,No,9,Credit Card,Bi-Weekly
2711,69,Female,Jacket,Outerwear,51,Wisconsin,L,Purple,Summer,4.7,No,Debit Card,Standard,No,No,3,Bank Transfer,Fortnightly
2713,37,Female,Jacket,Outerwear,95,North Dakota,L,Brown,Fall,4.6,No,Credit Card,Standard,No,No,7,Debit Card,Quarterly
2714,19,Female,Coat,Outerwear,57,Mississippi,M,Magenta,Fall,3.8,No,PayPal,2-Day Shipping,No,No,20,Debit Card,Annually
2716,25,Female,Sneakers,Footwear,92,Mississippi,XL,Pink,Winter,4.1,No,Debit Card,Express,No,No,29,PayPal,Fortnightly
2719,22,Female,Shorts,Clothing,90,Virginia,M,Peach,Winter,4.9,No,Credit Card,Next Day Air,No,No,10,Venmo,Bi-Weekly
2720,69,Female,Hoodie,Clothing,82,Louisiana,S,Peach,Fall,4.2,No,Venmo,Free Shipping,No,No,4,Bank Transfer,Monthly
2722,19,Female,Sandals,Footwear,70,Minnesota,S,Teal,Spring,4.9,No,Cash,Free Shipping,No,No,17,PayPal,Fortnightly
2725,52,Female,Sneakers,Footwear,91,Missouri,M,Brown,Spring,2.5,No,Bank Transfer,Next Day Air,No,No,11,Debit Card,Fortnightly
2728,40,Female,Shirt,Clothing,87,Colorado,L,Charcoal,Winter,3.7,No,Debit Card,2-Day Shipping,No,No,47,Credit Card,Fortnightly
2729,26,Female,Skirt,Clothing,28,Florida,M,Pink,Winter,4.0,No,Credit Card,Express,No,No,17,Debit Card,Weekly
2736,46,Female,Skirt,Clothing,29,California,M,Yellow,Spring,3.0,No,Bank Transfer,Express,No,No,2,PayPal,Bi-Weekly
2739,50,Female,Sneakers,Footwear,81,Ohio,M,Charcoal,Summer,4.3,No,Bank Transfer,2-Day Shipping,No,No,39,Venmo,Every 3 Months
2742,68,Female,Dress,Clothing,81,Maine,L,Yellow,Fall,4.9,No,PayPal,2-Day Shipping,No,No,41,Venmo,Monthly
2743,27,Female,Shoes,Footwear,86,Texas,M,Black,Spring,3.9,No,PayPal,Free Shipping,No,No,47,Debit Card,Annually
2746,28,Female,Boots,Footwear,98,Michigan,M,Magenta,Summer,4.1,No,Bank Transfer,Standard,No,No,44,PayPal,Bi-Weekly
2747,39,Female,Hoodie,Clothing,25,Ohio,M,Orange,Fall,3.7,No,Bank Transfer,Standard,No,No,21,PayPal,Every 3 Months
2748,18,Female,Jeans,Clothing,62,West Virginia,M,Teal,Winter,3.1,No,Debit Card,Free Shipping,No,No,21,Credit Card,Every 3 Months
2749,24,Female,Jacket,Outerwear,98,Virginia,L,Turquoise,Spring,3.0,No,Cash,Free Shipping,No,No,16,Venmo,Annually
2750,64,Female,Jacket,Outerwear,53,Vermont,M,Cyan,Spring,3.4,No,Venmo,Standard,No,No,15,Bank Transfer,Annually
2751,51,Female,Sandals,Footwear,66,Alaska,L,Pink,Spring,2.7,No,Cash,2-Day Shipping,No,No,26,PayPal,Every 3 Months
2752,27,Female,Dress,Clothing,52,Minnesota,S,Indigo,Fall,3.1,No,Venmo,Free Shipping,No,No,50,Venmo,Monthly
2753,48,Female,Sweater,Clothing,64,Colorado,S,Peach,Winter,4.0,No,Cash,Free Shipping,No,No,30,Venmo,Bi-Weekly
2759,32,Female,Blouse,Clothing,98,Illinois,M,Purple,Summer,3.2,No,Debit Card,Standard,No,No,8,Bank Transfer,Bi-Weekly
2761,41,Female,Skirt,Clothing,82,Alaska,S,Violet,Fall,5.0,No,Bank Transfer,Next Day Air,No,No,41,Credit Card,Bi-Weekly
2762,31,Female,Sneakers,Footwear,82,Michigan,M,Purple,Fall,3.4,No,Venmo,Next Day Air,No,No,3,Credit Card,Every 3 Months
2765,63,Female,Sweater,Clothing,41,Arizona,XL,White,Spring,2.6,No,Credit Card,Next Day Air,No,No,2,Debit Card,Weekly
2767,66,Female,Dress,Clothing,91,Tennessee,M,Cyan,Winter,2.8,No,Venmo,Standard,No,No,47,Credit Card,Monthly
2769,55,Female,Blouse,Clothing,25,Kansas,M,Beige,Spring,3.8,No,Venmo,2-Day Shipping,No,No,28,PayPal,Bi-Weekly
2771,50,Female,Boots,Footwear,44,Nebraska,S,Blue,Fall,3.3,No,PayPal,Express,No,No,22,Bank Transfer,Quarterly
2772,58,Female,Jacket,Outerwear,52,Maryland,S,Beige,Summer,3.1,No,Cash,2-Day Shipping,No,No,12,Bank Transfer,Fortnightly
2774,39,Female,Pants,Clothing,98,Arizona,S,Maroon,Spring,4.6,No,Credit Card,Express,No,No,45,Bank Transfer,Quarterly
2775,56,Female,Boots,Footwear,40,Oklahoma,L,Yellow,Fall,4.1,No,Bank Transfer,Standard,No,No,42,Credit Card,Quarterly
2776,37,Female,Socks,Clothing,25,Montana,L,Red,Fall,3.6,No,Venmo,Free Shipping,No,No,16,Debit Card,Weekly
2778,52,Female,Blouse,Clothing,24,Idaho,M,Magenta,Fall,4.8,No,Debit Card,Standard,No,No,28,Credit Card,Every 3 Months
2781,33,Female,Boots,Footwear,70,Ohio,M,Charcoal,Winter,4.1,No,Bank Transfer,Next Day Air,No,No,29,PayPal,Fortnightly
2782,65,Female,Sandals,Footwear,39,Mississippi,M,Blue,Spring,4.6,No,Venmo,Standard,No,No,33,PayPal,Weekly
2784,19,Female,Skirt,Clothing,38,Virginia,M,Silver,Spring,4.5,No,Credit Card,Next Day Air,No,No,26,Credit Card,Quarterly
2785,33,Female,Skirt,Clothing,70,Idaho,M,Black,Winter,3.1,No,Bank Transfer,Express,No,No,12,PayPal,Every 3 Months
2786,53,Female,Blouse,Clothing,80,Louisiana,S,Green,Summer,2.9,No,Credit Card,Next Day Air,No,No,13,Bank Transfer,Monthly
2788,36,Female,Boots,Footwear,79,West Virginia,XL,Pink,Spring,4.1,No,Cash,Next Day Air,No,No,4,Venmo,Fortnightly
2789,56,Female,Boots,Footwear,92,Rhode Island,M,Olive,Summer,3.1,No,Cash,Free Shipping,No,No,2,Credit Card,Annually
2790,28,Female,Sweater,Clothing,85,North Carolina,L,Orange,Fall,5.0,No,Cash,Express,No,No,28,Credit Card,Bi-Weekly
2791,34,Female,Socks,Clothing,63,Maine,M,Black,Spring,4.5,No,Cash,Free Shipping,No,No,24,Debit Card,Annually
2793,54,Female,Shorts,Clothing,44,Kentucky,L,Violet,Winter,3.2,No,Debit Card,Express,No,No,11,Credit Card,Weekly
2794,37,Female,Boots,Footwear,57,Massachusetts,M,Silver,Spring,3.1,No,Bank Transfer,Standard,No,No,27,Debit Card,Bi-Weekly
2800,23,Female,T-shirt,Clothing,89,Maine,L,Pink,Spring,3.9,No,Credit Card,Free Shipping,No,No,9,Bank Transfer,Every 3 Months
2802,64,Female,Shirt,Clothing,56,New Mexico,M,Indigo,Winter,2.6,No,Cash,Express,No,No,30,PayPal,Annually
2804,46,Female,T-shirt,Clothing,44,Idaho,M,Violet,Winter,3.3,No,Credit Card,Free Shipping,No,No,31,Bank Transfer,Monthly
2805,65,Female,Hoodie,Clothing,76,South Carolina,M,Cyan,Spring,2.8,No,Credit Card,Standard,No,No,48,Bank Transfer,Every 3 Months
2807,45,Female,Blouse,Clothing,39,South Carolina,L,Purple,Spring,2.7,No,PayPal,Standard,No,No,50,Credit Card,Annually
2808,56,Female,Hoodie,Clothing,100,Maryland,M,Charcoal,Spring,4.4,No,Debit Card,2-Day Shipping,No,No,10,Debit Card,Fortnightly
2809,49,Female,Skirt,Clothing,62,Tennessee,M,Beige,Spring,3.9,No,Credit Card,Free Shipping,No,No,45,PayPal,Every 3 Months
2810,66,Female,Shorts,Clothing,98,Arkansas,XL,Teal,Summer,3.0,No,Debit Card,Standard,No,No,27,Debit Card,Quarterly
2811,27,Female,Jeans,Clothing,31,Arizona,M,Purple,Summer,4.0,No,Credit Card,Standard,No,No,10,Debit Card,Fortnightly
2814,45,Female,Shirt,Clothing,50,Vermont,S,Maroon,Summer,3.3,No,Debit Card,2-Day Shipping,No,No,39,Debit Card,Quarterly
2815,31,Female,T-shirt,Clothing,32,Minnesota,L,Gold,Winter,3.6,No,Venmo,Standard,No,No,14,Bank Transfer,Monthly
2816,33,Female,Blouse,Clothing,67,Idaho,L,Black,Fall,3.9,No,Cash,Free Shipping,No,No,40,Venmo,Every 3 Months
2817,43,Female,Skirt,Clothing,28,Maryland,M,Black,Spring,3.5,No,Bank Transfer,Free Shipping,No,No,45,Venmo,Weekly
2819,46,Female,Shorts,Clothing,73,California,M,Turquoise,Fall,4.7,No,Venmo,Next Day Air,No,No,12,Debit Card,Annually
2822,35,Female,Shoes,Footwear,72,Georgia,L,Olive,Summer,4.5,No,Credit Card,Standard,No,No,37,Venmo,Monthly
2823,61,Female,Skirt,Clothing,37,New Jersey,S,Brown,Fall,4.1,No,PayPal,Standard,No,No,33,PayPal,Quarterly
2824,26,Female,Dress,Clothing,63,Utah,M,Olive,Summer,4.5,No,Venmo,Standard,No,No,47,Debit Card,Bi-Weekly
2828,20,Female,Blouse,Clothing,96,Wisconsin,M,Magenta,Fall,3.1,No,Credit Card,Next Day Air,No,No,11,Bank Transfer,Bi-Weekly
2832,34,Female,Hoodie,Clothing,53,Virginia,L,Pink,Winter,5.0,No,Cash,Express,No,No,4,Credit Card,Weekly
2835,39,Female,Jacket,Outerwear,43,Texas,M,Indigo,Fall,2.9,No,Credit Card,2-Day Shipping,No,No,17,Credit Card,Weekly
2836,33,Female,T-shirt,Clothing,84,Vermont,S,Pink,Winter,4.9,No,Credit Card,Free Shipping,No,No,7,Venmo,Annually
2838,65,Female,Shoes,Footwear,88,Alabama,M,Brown,Summer,4.5,No,Venmo,Express,No,No,44,PayPal,Weekly
2839,51,Female,Jacket,Outerwear,50,Maine,M,Blue,Fall,3.7,No,Venmo,Free Shipping,No,No,2,Bank Transfer,Weekly
2843,28,Female,Coat,Outerwear,100,Arizona,L,Green,Fall,4.3,No,Cash,Standard,No,No,48,Debit Card,Quarterly
2847,50,Female,Socks,Clothing,36,Oklahoma,XL,Black,Fall,2.8,No,Cash,Next Day Air,No,No,15,PayPal,Bi-Weekly
2850,56,Female,Coat,Outerwear,25,New Hampshire,M,Gold,Spring,4.1,No,Credit Card,Express,No,No,27,PayPal,Bi-Weekly
2856,29,Female,Boots,Footwear,95,Mississippi,S,Maroon,Winter,3.8,No,Debit Card,2-Day Shipping,No,No,33,PayPal,Quarterly
2857,65,Female,Jacket,Outerwear,48,Iowa,M,Indigo,Winter,3.5,No,Debit Card,2-Day Shipping,No,No,31,Credit Card,Monthly
2858,44,Female,Dress,Clothing,93,Utah,S,Maroon,Spring,3.8,No,Venmo,Next Day Air,No,No,35,Debit Card,Monthly
2859,34,Female,Jeans,Clothing,87,Maryland,L,Teal,Summer,3.8,No,Cash,2-Day Shipping,No,No,46,Bank Transfer,Monthly
2860,31,Female,Shorts,Clothing,32,Utah,L,Yellow,Fall,3.4,No,Venmo,Express,No,No,29,Bank Transfer,Annually
2861,28,Female,Shirt,Clothing,38,Rhode Island,M,Gold,Spring,2.9,No,PayPal,Next Day Air,No,No,49,Bank Transfer,Weekly
2862,66,Female,Coat,Outerwear,54,Maryland,M,Teal,Fall,3.4,No,Debit Card,Free Shipping,No,No,27,Credit Card,Monthly
2864,37,Female,T-shirt,Clothing,56,Connecticut,M,Yellow,Fall,3.9,No,Debit Card,2-Day Shipping,No,No,18,Venmo,Monthly
2870,57,Female,Socks,Clothing,58,Georgia,M,White,Summer,4.2,No,Cash,Standard,No,No,16,Bank Transfer,Weekly
2872,46,Female,Shorts,Clothing,43,Idaho,S,Black,Summer,2.7,No,Cash,2-Day Shipping,No,No,40,Venmo,Bi-Weekly
2874,44,Female,Sweater,Clothing,40,Montana,M,Teal,Spring,2.6,No,PayPal,Free Shipping,No,No,8,Bank Transfer,Monthly
2875,36,Female,Shirt,Clothing,29,Colorado,L,Silver,Summer,3.1,No,Debit Card,Standard,No,No,2,Debit Card,Annually
2876,24,Female,Pants,Clothing,81,Kentucky,M,Pink,Fall,2.6,No,Credit Card,Free Shipping,No,No,14,Debit Card,Weekly
2877,65,Female,Hoodie,Clothing,84,New Mexico,M,Charcoal,Spring,3.4,No,Credit Card,2-Day Shipping,No,No,5,Bank Transfer,Fortnightly
2878,32,Female,Socks,Clothing,46,New Jersey,M,Silver,Summer,3.6,No,PayPal,Standard,No,No,34,Venmo,Monthly
2879,63,Female,Dress,Clothing,86,California,L,Turquoise,Summer,4.3,No,Venmo,Next Day Air,No,No,13,Bank Transfer,Annually
2880,62,Female,Blouse,Clothing,57,North Dakota,XL,Turquoise,Winter,4.9,No,Credit Card,Free Shipping,No,No,31,Venmo,Annually
2884,22,Female,Socks,Clothing,48,Rhode Island,XL,Silver,Spring,3.2,No,Debit Card,Standard,No,No,10,PayPal,Weekly
2885,55,Female,Boots,Footwear,50,Arkansas,M,Purple,Summer,3.4,No,Bank Transfer,2-Day Shipping,No,No,47,Credit Card,Every 3 Months
2889,70,Female,Hoodie,Clothing,42,Wisconsin,L,Green,Spring,5.0,No,Venmo,2-Day Shipping,No,No,25,Debit Card,Quarterly
2891,39,Female,Jeans,Clothing,55,North Dakota,M,Violet,Winter,3.7,No,PayPal,Free Shipping,No,No,23,Credit Card,Monthly
2892,47,Female,T-shirt,Clothing,73,Ohio,XL,Black,Winter,2.5,No,Venmo,Free Shipping,No,No,10,PayPal,Monthly
2893,22,Female,Dress,Clothing,39,Nevada,M,Teal,Spring,3.2,No,Bank Transfer,Standard,No,No,47,Credit Card,Monthly
2896,56,Female,Hoodie,Clothing,86,Montana,L,Green,Summer,4.6,No,Debit Card,Standard,No,No,29,Bank Transfer,Monthly
2897,30,Female,Blouse,Clothing,91,Delaware,M,Silver,Summer,3.3,No,Credit Card,Free Shipping,No,No,2,Venmo,Every 3 Months
2899,23,Female,Sneakers,Footwear,33,New Jersey,XL,Peach,Summer,4.6,No,Credit Card,Express,No,No,29,Credit Card,Annually
2900,50,Female,Boots,Footwear,64,Nebraska,M,Gold,Spring,4.2,No,PayPal,2-Day Shipping,No,No,22,Bank Transfer,Fortnightly
2902,41,Female,Blouse,Clothing,43,Alabama,L,Olive,Winter,2.6,No,Credit Card,Free Shipping,No,No,46,Credit Card,Quarterly
2903,27,Female,Boots,Footwear,32,North Carolina,S,Orange,Spring,4.6,No,Debit Card,Standard,No,No,19,PayPal,Bi-Weekly
2905,41,Female,Sandals,Footwear,41,Iowa,M,Gray,Spring,4.0,No,Bank Transfer,2-Day Shipping,No,No,43,Venmo,Monthly
2907,58,Female,Coat,Outerwear,27,Virginia,M,Indigo,Spring,3.9,No,PayPal,Standard,No,No,7,Venmo,Annually
2912,28,Female,Socks,Clothing,38,Ohio,XL,Orange,Fall,2.9,No,Debit Card,Next Day Air,No,No,34,Venmo,Quarterly
2915,45,Female,Sweater,Clothing,72,Pennsylvania,M,Yellow,Fall,3.8,No,PayPal,Express,No,No,1,Debit Card,Bi-Weekly
2916,26,Female,Shirt,Clothing,30,Oregon,M,Cyan,Fall,4.5,No,Credit Card,Express,No,No,39,Debit Card,Bi-Weekly
2917,62,Female,Shorts,Clothing,66,Oklahoma,M,Green,Winter,2.7,No,Credit Card,Express,No,No,13,Credit Card,Bi-Weekly
2920,64,Female,Shoes,Footwear,67,Minnesota,L,Charcoal,Winter,3.8,No,Bank Transfer,Standard,No,No,31,Debit Card,Monthly
2925,47,Female,Shirt,Clothing,64,Rhode Island,L,Indigo,Winter,3.7,No,Bank Transfer,Free Shipping,No,No,37,Debit Card,Every 3 Months
2928,45,Female,Shirt,Clothing,24,Missouri,M,Black,Summer,2.7,No,Debit Card,Express,No,No,15,Venmo,Bi-Weekly
2930,31,Female,Socks,Clothing,53,Maine,XL,White,Winter,4.5,No,Debit Card,Next Day Air,No,No,42,Venmo,Fortnightly
2931,38,Female,T-shirt,Clothing,50,Mississippi,M,Orange,Spring,4.0,No,Credit Card,Free Shipping,No,No,14,Venmo,Monthly
2936,58,Female,Sneakers,Footwear,27,North Carolina,XL,Gray,Spring,4.6,No,Debit Card,Standard,No,No,11,Venmo,Weekly
2937,31,Female,Skirt,Clothing,34,Washington,M,White,Spring,3.6,No,Debit Card,Express,No,No,46,PayPal,Weekly
2940,32,Female,Sweater,Clothing,46,Kentucky,M,Beige,Winter,4.3,No,PayPal,Express,No,No,34,Venmo,Weekly
2942,38,Female,Skirt,Clothing,86,Pennsylvania,L,Purple,Spring,3.7,No,Bank Transfer,Free Shipping,No,No,27,PayPal,Monthly
2943,54,Female,Socks,Clothing,63,Hawaii,M,Brown,Summer,2.6,No,Cash,Free Shipping,No,No,37,Bank Transfer,Weekly
2944,29,Female,Shirt,Clothing,44,Virginia,M,Orange,Spring,3.4,No,Debit Card,Standard,No,No,37,Credit Card,Monthly
2945,50,Female,Sneakers,Footwear,95,New York,XL,Cyan,Summer,3.9,No,Cash,Free Shipping,No,No,4,Venmo,Every 3 Months
2947,38,Female,Pants,Clothing,77,Hawaii,L,Purple,Spring,2.8,No,Credit Card,Free Shipping,No,No,29,Bank Transfer,Quarterly
2949,61,Female,Pants,Clothing,83,Vermont,M,Violet,Winter,3.1,No,Credit Card,Standard,No,No,38,Debit Card,Bi-Weekly
2951,22,Female,Jeans,Clothing,91,Iowa,S,Maroon,Winter,4.1,No,Bank Transfer,2-Day Shipping,No,No,44,Debit Card,Every 3 Months
2954,45,Female,Dress,Clothing,82,Maryland,M,Silver,Summer,4.8,No,PayPal,Next Day Air,No,No,11,Credit Card,Annually
2955,33,Female,T-shirt,Clothing,28,South Dakota,M,Indigo,Winter,3.9,No,PayPal,Express,No,No,15,Credit Card,Annually
2956,42,Female,Boots,Footwear,67,Vermont,M,Silver,Winter,2.6,No,Venmo,Free Shipping,No,No,46,Credit Card,Annually
2957,52,Female,Dress,Clothing,88,Montana,M,Olive,Fall,3.7,No,PayPal,Standard,No,No,30,Venmo,Monthly
2959,55,Female,Skirt,Clothing,100,Ohio,M,Black,Summer,4.5,No,Venmo,Standard,No,No,28,PayPal,Monthly
2961,57,Female,Coat,Outerwear,48,Indiana,S,Olive,Spring,3.6,No,Venmo,Standard,No,No,47,Credit Card,Weekly
2962,33,Female,Hoodie,Clothing,43,New Hampshire,S,Gold,Fall,2.8,No,Credit Card,Free Shipping,No,No,21,Debit Card,Bi-Weekly
2963,57,Female,Pants,Clothing,40,California,L,Pink,Fall,4.0,No,PayPal,Express,No,No,42,Credit Card,Every 3 Months
2964,52,Female,Boots,Footwear,97,Maine,M,Brown,Spring,3.6,No,Debit Card,Free Shipping,No,No,28,Credit Card,Weekly
2965,44,Female,Coat,Outerwear,25,Ohio,S,White,Fall,3.8,No,Credit Card,2-Day Shipping,No,No,13,Venmo,Fortnightly
2968,34,Female,Sneakers,Footwear,36,Indiana,L,Silver,Summer,3.4,No,Cash,Free Shipping,No,No,40,Venmo,Annually
2973,31,Female,Jacket,Outerwear,39,New York,S,Indigo,Fall,4.2,No,Venmo,Free Shipping,No,No,11,Venmo,Every 3 Months
2978,38,Female,Shorts,Clothing,47,Washington,L,Gold,Winter,3.4,No,PayPal,Standard,No,No,20,Venmo,Annually
2979,53,Female,Shorts,Clothing,56,Idaho,S,Cyan,Spring,3.9,No,Credit Card,Free Shipping,No,No,49,Bank Transfer,Fortnightly
2980,31,Female,Jeans,Clothing,91,Louisiana,L,Olive,Fall,2.6,No,PayPal,Next Day Air,No,No,14,PayPal,Weekly
2982,21,Female,Pants,Clothing,36,Delaware,L,Pink,Winter,4.9,No,PayPal,Standard,No,No,37,Venmo,Annually
2984,60,Female,Pants,Clothing,44,West Virginia,M,Charcoal,Winter,2.8,No,Venmo,2-Day Shipping,No,No,1,Credit Card,Quarterly
2989,69,Female,Socks,Clothing,55,Nevada,S,Pink,Spring,5.0,No,Debit Card,2-Day Shipping,No,No,31,Debit Card,Monthly
2991,69,Female,Shirt,Clothing,91,Illinois,M,Teal,Fall,4.2,No,Venmo,Free Shipping,No,No,24,Venmo,Monthly
2992,66,Female,Dress,Clothing,71,Utah,L,Green,Summer,3.9,No,PayPal,Standard,No,No,7,PayPal,Bi-Weekly
2996,29,Female,Jeans,Clothing,96,Virginia,M,Orange,Summer,2.5,No,Venmo,Standard,No,No,42,Debit Card,Bi-Weekly
2998,41,Female,Sweater,Clothing,40,Idaho,S,Yellow,Spring,2.7,No,Venmo,Next Day Air,No,No,14,Venmo,Every 3 Months
2999,31,Female,Hoodie,Clothing,53,Alaska,M,Red,Summer,4.7,No,Venmo,Express,No,No,30,Debit Card,Quarterly
3001,57,Female,Sandals,Footwear,70,Ohio,M,Lavender,Winter,3.7,No,Cash,Express,No,No,7,PayPal,Weekly
3002,29,Female,Coat,Outerwear,29,Montana,L,Charcoal,Summer,4.7,No,Credit Card,Express,No,No,28,Credit Card,Quarterly
3004,51,Female,Blouse,Clothing,53,Oregon,M,Brown,Fall,2.8,No,Venmo,Express,No,No,13,Credit Card,Every 3 Months
3006,18,Female,Shorts,Clothing,65,Alaska,XL,Brown,Spring,3.5,No,Bank Transfer,Express,No,No,5,Venmo,Weekly
3009,39,Female,Shoes,Footwear,86,New Mexico,M,Gold,Winter,4.9,No,Cash,Free Shipping,No,No,19,PayPal,Weekly
3015,24,Female,T-shirt,Clothing,65,Utah,M,Maroon,Spring,4.5,No,Credit Card,Express,No,No,38,PayPal,Every 3 Months
3019,43,Female,Boots,Footwear,41,Texas,M,Green,Summer,3.0,No,Debit Card,Free Shipping,No,No,21,Debit Card,Bi-Weekly
3020,19,Female,Jacket,Outerwear,44,Utah,M,Yellow,Winter,3.9,No,Venmo,2-Day Shipping,No,No,15,PayPal,Annually
3023,58,Female,Sandals,Footwear,26,Georgia,M,Lavender,Fall,4.0,No,Debit Card,Free Shipping,No,No,23,PayPal,Weekly
3025,67,Female,Blouse,Clothing,82,Idaho,S,White,Spring,4.0,No,Credit Card,Free Shipping,No,No,47,Credit Card,Every 3 Months
3027,55,Female,Shirt,Clothing,70,Tennessee,L,Magenta,Fall,2.5,No,Venmo,Free Shipping,No,No,6,Credit Card,Annually
3028,52,Female,Hoodie,Clothing,26,West Virginia,XL,Peach,Winter,2.8,No,Bank Transfer,2-Day Shipping,No,No,47,Credit Card,Quarterly
3029,62,Female,Dress,Clothing,100,California,L,Charcoal,Summer,3.0,No,PayPal,Free Shipping,No,No,7,PayPal,Every 3 Months
3030,64,Female,Dress,Clothing,82,Georgia,M,Gold,Summer,3.1,No,Bank Transfer,Free Shipping,No,No,1,Debit Card,Quarterly
3031,43,Female,Sneakers,Footwear,24,Maryland,XL,Purple,Spring,2.6,No,PayPal,2-Day Shipping,No,No,23,Credit Card,Weekly
3032,61,Female,Blouse,Clothing,74,Idaho,L,Teal,Summer,4.9,No,PayPal,2-Day Shipping,No,No,30,Credit Card,Monthly
3035,51,Female,Boots,Footwear,37,Utah,L,Peach,Spring,3.5,No,PayPal,2-Day Shipping,No,No,25,Credit Card,Quarterly
3037,50,Female,Hoodie,Clothing,58,Vermont,S,Violet,Spring,4.3,No,PayPal,Next Day Air,No,No,7,Venmo,Fortnightly
3040,59,Female,Blouse,Clothing,48,Alabama,L,Blue,Spring,3.2,No,Bank Transfer,Next Day Air,No,No,31,PayPal,Bi-Weekly
3043,53,Female,Coat,Outerwear,27,South Dakota,L,Turquoise,Winter,2.9,No,Credit Card,Next Day Air,No,No,14,PayPal,Every 3 Months
3045,21,Female,Boots,Footwear,67,North Carolina,M,Magenta,Winter,2.7,No,PayPal,Free Shipping,No,No,10,Bank Transfer,Quarterly
3046,42,Female,Socks,Clothing,37,Florida,L,Black,Winter,4.6,No,Debit Card,2-Day Shipping,No,No,4,PayPal,Bi-Weekly
3048,21,Female,Sneakers,Footwear,74,Vermont,M,Violet,Fall,4.1,No,Cash,2-Day Shipping,No,No,3,PayPal,Bi-Weekly
3051,31,Female,Coat,Outerwear,76,Kentucky,S,Green,Spring,3.6,No,Cash,Standard,No,No,28,Venmo,Every 3 Months
3054,32,Female,Shoes,Footwear,91,Maine,L,Brown,Winter,3.2,No,Credit Card,Next Day Air,No,No,22,Bank Transfer,Monthly
3055,42,Female,Boots,Footwear,70,New Hampshire,S,Magenta,Summer,4.9,No,Cash,2-Day Shipping,No,No,34,Venmo,Monthly
3056,27,Female,Sandals,Footwear,22,Kansas,M,Violet,Fall,5.0,No,Bank Transfer,Standard,No,No,5,Debit Card,Bi-Weekly
3060,46,Female,Sweater,Clothing,71,Kentucky,L,Maroon,Spring,3.2,No,PayPal,Express,No,No,42,Credit Card,Quarterly
3062,33,Female,T-shirt,Clothing,59,South Dakota,L,Olive,Fall,4.5,No,Debit Card,Express,No,No,20,PayPal,Every 3 Months
3067,58,Female,Skirt,Clothing,48,Michigan,L,Teal,Summer,4.3,No,Cash,Free Shipping,No,No,13,Venmo,Every 3 Months
3069,32,Female,Boots,Footwear,40,California,M,Indigo,Winter,4.2,No,Bank Transfer,Express,No,No,4,Debit Card,Weekly
3070,62,Female,Jeans,Clothing,73,Delaware,L,Magenta,Spring,4.6,No,Venmo,Express,No,No,17,Debit Card,Quarterly
3071,52,Female,Shoes,Footwear,26,Alabama,XL,Red,Fall,2.6,No,Debit Card,Free Shipping,No,No,43,PayPal,Bi-Weekly
3072,23,Female,Sweater,Clothing,41,New Hampshire,L,Turquoise,Spring,3.4,No,Debit Card,Next Day Air,No,No,6,PayPal,Monthly
3074,58,Female,Shirt,Clothing,63,Oregon,L,White,Winter,3.6,No,PayPal,Free Shipping,No,No,7,Debit Card,Bi-Weekly
3075,26,Female,Boots,Footwear,55,Massachusetts,L,Maroon,Winter,4.2,No,Bank Transfer,Next Day Air,No,No,34,Debit Card,Fortnightly
3076,54,Female,Shorts,Clothing,90,Utah,XL,Beige,Winter,3.6,No,Credit Card,Standard,No,No,21,PayPal,Every 3 Months
3082,64,Female,Sneakers,Footwear,44,Vermont,L,Pink,Winter,4.9,No,Debit Card,Next Day Air,No,No,11,Credit Card,Weekly
3083,56,Female,T-shirt,Clothing,99,Utah,M,Maroon,Spring,4.0,No,Venmo,Next Day Air,No,No,20,Bank Transfer,Annually
3088,62,Female,Shirt,Clothing,84,North Carolina,M,Charcoal,Spring,3.1,No,Cash,Free Shipping,No,No,29,Bank Transfer,Monthly
3092,68,Female,Dress,Clothing,81,Nevada,L,Orange,Winter,3.4,No,Bank Transfer,2-Day Shipping,No,No,46,Credit Card,Annually
3097,69,Female,Shirt,Clothing,63,Kansas,L,White,Winter,3.5,No,PayPal,Next Day Air,No,No,20,Bank Transfer,Monthly
3098,48,Female,Shoes,Footwear,33,Delaware,M,Silver,Fall,3.7,No,Debit Card,Free Shipping,No,No,39,Bank Transfer,Quarterly
3099,66,Female,Pants,Clothing,64,New Mexico,L,Cyan,Summer,3.3,No,Bank Transfer,Next Day Air,No,No,50,Bank Transfer,Quarterly
3100,42,Female,Shirt,Clothing,98,Michigan,S,Maroon,Fall,2.9,No,Venmo,Free Shipping,No,No,21,Bank Transfer,Bi-Weekly
3104,27,Female,Shirt,Clothing,37,Illinois,S,Peach,Winter,3.0,No,PayPal,2-Day Shipping,No,No,42,Bank Transfer,Weekly
3105,43,Female,Pants,Clothing,56,Georgia,S,Turquoise,Summer,5.0,No,PayPal,2-Day Shipping,No,No,41,Debit Card,Fortnightly
3106,48,Female,Skirt,Clothing,33,Oregon,M,Olive,Fall,2.7,No,Debit Card,Express,No,No,17,Debit Card,Monthly
3107,62,Female,Sandals,Footwear,57,Alabama,M,Yellow,Winter,4.7,No,Venmo,Next Day Air,No,No,20,PayPal,Annually
3108,65,Female,Blouse,Clothing,31,Hawaii,L,Gray,Winter,4.6,No,Debit Card,Standard,No,No,18,Credit Card,Bi-Weekly
3109,50,Female,Socks,Clothing,69,Oregon,M,Purple,Fall,3.2,No,Bank Transfer,2-Day Shipping,No,No,7,PayPal,Monthly
3110,60,Female,Jacket,Outerwear,92,Illinois,M,Gray,Winter,4.3,No,Credit Card,Free Shipping,No,No,47,Bank Transfer,Fortnightly
3113,19,Female,Blouse,Clothing,97,Texas,S,Green,Fall,3.8,No,Cash,Express,No,No,26,Venmo,Annually
3114,46,Female,Shirt,Clothing,93,Nebraska,L,Green,Summer,2.6,No,PayPal,Express,No,No,2,Debit Card,Weekly
3118,43,Female,Hoodie,Clothing,50,Florida,M,Olive,Fall,3.0,No,Credit Card,Free Shipping,No,No,4,PayPal,Bi-Weekly
3119,61,Female,Shorts,Clothing,97,Virginia,L,Blue,Summer,4.7,No,Venmo,Standard,No,No,31,Debit Card,Quarterly
3120,63,Female,Sandals,Footwear,79,Louisiana,XL,Silver,Winter,4.7,No,Cash,2-Day Shipping,No,No,21,Credit Card,Every 3 Months
3122,63,Female,Hoodie,Clothing,38,Louisiana,L,Black,Fall,2.6,No,Credit Card,Standard,No,No,16,Venmo,Weekly
3123,23,Female,Socks,Clothing,45,Georgia,M,Pink,Fall,3.0,No,Debit Card,Express,No,No,34,Credit Card,Fortnightly
3130,60,Female,Sandals,Footwear,20,Maryland,S,Cyan,Summer,4.7,No,PayPal,Express,No,No,40,Venmo,Every 3 Months
3136,68,Female,Shoes,Footwear,85,Indiana,L,Yellow,Spring,4.7,No,Bank Transfer,Free Shipping,No,No,48,Venmo,Fortnightly
3138,34,Female,Coat,Outerwear,44,Louisiana,M,Turquoise,Spring,2.7,No,Cash,2-Day Shipping,No,No,14,Bank Transfer,Monthly
3143,23,Female,Sneakers,Footwear,21,Kansas,L,Magenta,Winter,4.0,No,PayPal,2-Day Shipping,No,No,1,Venmo,Quarterly
3145,23,Female,Boots,Footwear,70,Maine,L,Beige,Spring,2.6,No,Bank Transfer,Free Shipping,No,No,12,Debit Card,Quarterly
3147,21,Female,Shirt,Clothing,83,Virginia,S,Yellow,Winter,4.9,No,Bank Transfer,Free Shipping,No,No,19,PayPal,Annually
3148,45,Female,Sweater,Clothing,99,North Dakota,M,Pink,Winter,4.3,No,Cash,Express,No,No,21,Credit Card,Weekly
3149,37,Female,Shorts,Clothing,35,West Virginia,L,Purple,Fall,4.3,No,Credit Card,Free Shipping,No,No,15,Venmo,Weekly
3151,55,Female,Blouse,Clothing,25,Georgia,M,Peach,Spring,2.6,No,Venmo,Express,No,No,7,Bank Transfer,Bi-Weekly
3152,52,Female,T-shirt,Clothing,64,New Mexico,L,Orange,Fall,3.1,No,Cash,2-Day Shipping,No,No,47,Bank Transfer,Quarterly
3154,56,Female,Socks,Clothing,88,Alabama,L,Red,Fall,3.1,No,Bank Transfer,Next Day Air,No,No,46,Venmo,Fortnightly
3163,66,Female,Shoes,Footwear,85,Wisconsin,L,Blue,Winter,3.9,No,Credit Card,Standard,No,No,28,Bank Transfer,Quarterly
3165,40,Female,Dress,Clothing,32,Arizona,L,Silver,Winter,2.6,No,Cash,Standard,No,No,16,Credit Card,Annually
3167,19,Female,Shirt,Clothing,80,Georgia,M,Gold,Winter,2.7,No,Debit Card,Next Day Air,No,No,37,Bank Transfer,Fortnightly
3169,31,Female,Jeans,Clothing,24,Montana,M,Orange,Spring,2.9,No,Bank Transfer,2-Day Shipping,No,No,14,PayPal,Fortnightly
3170,35,Female,T-shirt,Clothing,59,Georgia,M,White,Fall,3.8,No,Venmo,Free Shipping,No,No,3,Venmo,Weekly
3173,57,Female,Socks,Clothing,52,Missouri,M,Olive,Fall,3.7,No,Venmo,Standard,No,No,30,Debit Card,Bi-Weekly
3174,69,Female,Skirt,Clothing,46,Washington,L,Teal,Summer,4.9,No,Cash,Next Day Air,No,No,32,PayPal,Fortnightly
3177,36,Female,Sandals,Footwear,37,Arkansas,XL,Turquoise,Spring,4.6,No,Cash,2-Day Shipping,No,No,39,Credit Card,Monthly
3179,66,Female,Sandals,Footwear,34,Washington,L,Beige,Spring,2.7,No,Cash,Free Shipping,No,No,28,Credit Card,Annually
3180,57,Female,Shorts,Clothing,88,Idaho,M,Olive,Spring,4.3,No,Debit Card,Free Shipping,No,No,12,Debit Card,Bi-Weekly
3182,31,Female,Jacket,Outerwear,51,Montana,M,Charcoal,Summer,4.4,No,Cash,Free Shipping,No,No,27,PayPal,Every 3 Months
3185,61,Female,Sweater,Clothing,53,Hawaii,L,Green,Spring,4.2,No,Credit Card,2-Day Shipping,No,No,30,Venmo,Quarterly
3186,52,Female,Skirt,Clothing,71,Ohio,L,Gold,Fall,4.7,No,Credit Card,Express,No,No,6,PayPal,Annually
3188,67,Female,Blouse,Clothing,72,Texas,L,Indigo,Winter,3.2,No,Credit Card,Free Shipping,No,No,28,Debit Card,Weekly
3189,42,Female,Blouse,Clothing,59,Vermont,M,Lavender,Winter,3.5,No,Venmo,Standard,No,No,39,Bank Transfer,Monthly
3191,41,Female,Jeans,Clothing,78,California,S,Purple,Fall,3.4,No,Bank Transfer,Free Shipping,No,No,5,Credit Card,Fortnightly
3195,43,Female,Sneakers,Footwear,52,Maryland,L,Gold,Summer,4.6,No,Debit Card,Standard,No,No,10,Credit Card,Bi-Weekly
3198,27,Female,Sweater,Clothing,71,Maine,M,Teal,Spring,3.2,No,Bank Transfer,Free Shipping,No,No,29,Credit Card,Every 3 Months
3201,67,Female,Socks,Clothing,24,Missouri,L,Black,Spring,4.8,No,PayPal,Free Shipping,No,No,32,Credit Card,Monthly
3204,63,Female,Coat,Outerwear,29,New Jersey,L,Teal,Spring,4.1,No,Cash,Express,No,No,14,Venmo,Annually
3205,57,Female,Jacket,Outerwear,92,New Mexico,XL,Lavender,Fall,4.3,No,Credit Card,Free Shipping,No,No,23,Debit Card,Bi-Weekly
3206,40,Female,Hoodie,Clothing,24,Colorado,XL,Magenta,Fall,4.4,No,Debit Card,2-Day Shipping,No,No,50,Bank Transfer,Every 3 Months
3207,36,Female,Boots,Footwear,52,California,M,Brown,Winter,3.0,No,Debit Card,Free Shipping,No,No,49,PayPal,Monthly
3208,67,Female,Socks,Clothing,29,Arizona,XL,Beige,Summer,2.7,No,Debit Card,Next Day Air,No,No,14,PayPal,Annually
3210,64,Female,Shoes,Footwear,31,Arkansas,L,Peach,Fall,4.3,No,Bank Transfer,Standard,No,No,39,Debit Card,Annually
3211,30,Female,Socks,Clothing,67,Nevada,M,Magenta,Summer,2.9,No,Debit Card,Express,No,No,43,Venmo,Bi-Weekly
3213,27,Female,Sneakers,Footwear,22,Wyoming,M,Indigo,Winter,3.6,No,Bank Transfer,2-Day Shipping,No,No,21,Debit Card,Weekly
3215,53,Female,Skirt,Clothing,78,Washington,M,Yellow,Spring,3.1,No,Bank Transfer,Free Shipping,No,No,6,Debit Card,Annually
3216,34,Female,Coat,Outerwear,90,Rhode Island,M,Magenta,Summer,2.7,No,Bank Transfer,Free Shipping,No,No,10,PayPal,Every 3 Months
3219,37,Female,Skirt,Clothing,34,Florida,M,Teal,Fall,3.9,No,Venmo,Express,No,No,49,PayPal,Monthly
3220,57,Female,Coat,Outerwear,40,Kansas,L,White,Summer,3.5,No,Bank Transfer,2-Day Shipping,No,No,39,Credit Card,Weekly
3224,68,Female,Shirt,Clothing,65,Montana,S,Gray,Spring,3.9,No,PayPal,Standard,No,No,36,Venmo,Bi-Weekly
3225,37,Female,Hoodie,Clothing,80,Delaware,L,Indigo,Winter,2.7,No,Cash,Free Shipping,No,No,18,PayPal,Monthly
3227,57,Female,Sneakers,Footwear,71,Minnesota,XL,Beige,Spring,3.3,No,Debit Card,Next Day Air,No,No,38,Bank Transfer,Fortnightly
3231,49,Female,Sneakers,Footwear,49,Kansas,M,Olive,Summer,2.5,No,Venmo,Next Day Air,No,No,38,Debit Card,Annually
3232,62,Female,Shoes,Footwear,97,Nevada,M,Maroon,Winter,4.4,No,PayPal,Free Shipping,No,No,9,Credit Card,Annually
3233,45,Female,T-shirt,Clothing,34,Massachusetts,M,White,Spring,4.0,No,PayPal,Next Day Air,No,No,19,Bank Transfer,Monthly
3241,56,Female,Sandals,Footwear,37,West Virginia,M,Violet,Fall,3.8,No,Credit Card,2-Day Shipping,No,No,37,Bank Transfer,Monthly
3243,45,Female,Socks,Clothing,74,Oregon,S,Beige,Fall,2.8,No,Cash,Express,No,No,17,Venmo,Weekly
3245,65,Female,Sweater,Clothing,81,Arkansas,M,Black,Fall,4.7,No,Bank Transfer,Express,No,No,42,Credit Card,Annually
3249,22,Female,T-shirt,Clothing,79,Pennsylvania,S,Teal,Summer,4.2,No,Venmo,Free Shipping,No,No,41,Bank Transfer,Quarterly
3251,23,Female,Coat,Outerwear,90,Minnesota,M,Teal,Spring,2.9,No,Cash,2-Day Shipping,No,No,15,Venmo,Weekly
3252,25,Female,Coat,Outerwear,20,Nevada,M,Gold,Winter,3.7,No,Debit Card,Standard,No,No,39,Venmo,Quarterly
3256,57,Female,Shorts,Clothing,40,New Jersey,M,Black,Fall,2.8,No,Cash,Next Day Air,No,No,36,Bank Transfer,Monthly
3258,44,Female,Shirt,Clothing,98,Minnesota,M,Brown,Fall,3.3,No,PayPal,Express,No,No,39,Venmo,Every 3 Months
3259,31,Female,Shoes,Footwear,51,New Jersey,M,Magenta,Spring,4.3,No,Debit Card,Express,No,No,11,Credit Card,Bi-Weekly
3264,56,Female,Shorts,Clothing,68,Vermont,S,Black,Fall,4.4,No,PayPal,Express,No,No,31,Debit Card,Fortnightly
3267,49,Female,Coat,Outerwear,74,Alabama,S,Gray,Winter,4.2,No,Bank Transfer,Next Day Air,No,No,33,Bank Transfer,Weekly
3269,22,Female,Dress,Clothing,97,Arkansas,M,Cyan,Fall,2.8,No,Cash,Free Shipping,No,No,5,Bank Transfer,Every 3 Months
3271,59,Female,Socks,Clothing,25,Illinois,M,Indigo,Winter,4.7,No,Cash,Express,No,No,48,PayPal,Annually
3272,35,Female,Socks,Clothing,55,Nevada,XL,Magenta,Spring,4.4,No,Debit Card,Standard,No,No,30,Credit Card,Weekly
3273,58,Female,Shoes,Footwear,99,Texas,M,Lavender,Winter,3.1,No,Bank Transfer,Next Day Air,No,No,34,PayPal,Quarterly
3276,43,Female,Pants,Clothing,88,Alabama,XL,Green,Summer,2.6,No,Venmo,2-Day Shipping,No,No,2,Debit Card,Weekly
3279,59,Female,Dress,Clothing,70,Montana,M,Black,Summer,3.3,No,Debit Card,2-Day Shipping,No,No,18,Bank Transfer,Weekly
3282,27,Female,Pants,Clothing,69,Oregon,L,Gold,Winter,3.1,No,Debit Card,Free Shipping,No,No,41,Bank Transfer,Annually
3283,24,Female,T-shirt,Clothing,94,California,M,Red,Fall,4.8,No,Bank Transfer,Next Day Air,No,No,5,Credit Card,Monthly
3284,47,Female,Jacket,Outerwear,24,North Carolina,L,Purple,Spring,2.9,No,Credit Card,Express,No,No,10,Debit Card,Every 3 Months
3287,45,Female,Jacket,Outerwear,67,Illinois,L,Pink,Winter,5.0,No,Venmo,Express,No,No,4,Venmo,Fortnightly
3288,24,Female,Skirt,Clothing,63,West Virginia,L,Black,Spring,4.3,No,PayPal,2-Day Shipping,No,No,38,Credit Card,Weekly
3291,52,Female,Coat,Outerwear,82,North Dakota,L,Black,Spring,3.1,No,Bank Transfer,Free Shipping,No,No,2,PayPal,Monthly
3294,19,Female,Coat,Outerwear,91,West Virginia,M,Gold,Spring,3.5,No,Bank Transfer,2-Day Shipping,No,No,47,Credit Card,Fortnightly
3297,20,Female,Blouse,Clothing,23,Alaska,M,Green,Spring,4.2,No,PayPal,Next Day Air,No,No,47,Venmo,Quarterly
3299,65,Female,Jacket,Outerwear,73,New Mexico,M,Brown,Fall,3.5,No,PayPal,Express,No,No,6,Bank Transfer,Every 3 Months
3300,45,Female,Shorts,Clothing,32,South Dakota,L,Teal,Spring,4.0,No,Bank Transfer,2-Day Shipping,No,No,18,Venmo,Monthly
3302,36,Female,Pants,Clothing,58,Oklahoma,XL,Charcoal,Summer,2.5,No,PayPal,Free Shipping,No,No,31,Credit Card,Fortnightly
3303,36,Female,Blouse,Clothing,82,Alabama,XL,Beige,Winter,4.2,No,Venmo,Standard,No,No,31,Venmo,Bi-Weekly
3306,34,Female,Hoodie,Clothing,41,Nebraska,L,Cyan,Summer,4.9,No,Bank Transfer,Standard,No,No,31,PayPal,Bi-Weekly
3311,45,Female,Jacket,Outerwear,27,Iowa,M,Pink,Winter,3.6,No,Debit Card,Free Shipping,No,No,12,PayPal,Fortnightly
3315,55,Female,Socks,Clothing,94,Kansas,M,Violet,Spring,3.3,No,PayPal,Standard,No,No,8,Credit Card,Quarterly
3317,42,Female,Socks,Clothing,45,New Mexico,M,Olive,Summer,3.1,No,Cash,Free Shipping,No,No,5,Debit Card,Fortnightly
3319,45,Female,Jacket,Outerwear,46,North Dakota,M,Olive,Summer,3.9,No,Venmo,Free Shipping,No,No,15,PayPal,Monthly
3320,23,Female,Shorts,Clothing,31,North Dakota,M,Indigo,Summer,4.3,No,Cash,Next Day Air,No,No,17,Credit Card,Every 3 Months
3322,32,Female,Coat,Outerwear,100,Maine,S,Charcoal,Winter,4.3,No,Bank Transfer,Next Day Air,No,No,3,Venmo,Annually
3323,52,Female,Sweater,Clothing,92,Indiana,XL,Orange,Winter,4.6,No,Credit Card,Next Day Air,No,No,43,PayPal,Weekly
3325,37,Female,T-shirt,Clothing,32,Missouri,S,Red,Fall,3.3,No,Venmo,Standard,No,No,41,Venmo,Weekly
3326,29,Female,Sandals,Footwear,97,Alaska,M,Maroon,Fall,3.7,No,Debit Card,2-Day Shipping,No,No,16,Venmo,Monthly
3328,47,Female,Shorts,Clothing,64,Connecticut,M,Black,Spring,4.1,No,Bank Transfer,Express,No,No,2,Debit Card,Quarterly
3331,38,Female,Sneakers,Footwear,96,Missouri,M,Black,Spring,3.2,No,PayPal,2-Day Shipping,No,No,41,Bank Transfer,Quarterly
3333,27,Female,T-shirt,Clothing,23,Washington,M,Silver,Summer,3.1,No,PayPal,2-Day Shipping,No,No,1,PayPal,Bi-Weekly
3334,55,Female,Jeans,Clothing,35,Minnesota,M,Violet,Spring,4.2,No,Debit Card,Express,No,No,3,PayPal,Monthly
3335,66,Female,Shirt,Clothing,23,California,M,Beige,Summer,3.4,No,Bank Transfer,Free Shipping,No,No,21,Credit Card,Annually
3337,39,Female,Blouse,Clothing,45,Montana,M,Brown,Fall,4.0,No,Venmo,Free Shipping,No,No,24,Debit Card,Annually
3338,23,Female,Jacket,Outerwear,23,Arizona,L,Blue,Winter,4.4,No,Bank Transfer,2-Day Shipping,No,No,45,Bank Transfer,Bi-Weekly
3339,29,Female,Skirt,Clothing,94,Minnesota,L,White,Winter,2.9,No,Venmo,2-Day Shipping,No,No,46,Credit Card,Monthly
3341,42,Female,T-shirt,Clothing,36,Virginia,XL,Maroon,Fall,4.4,No,Credit Card,Free Shipping,No,No,47,Credit Card,Fortnightly
3342,55,Female,Jacket,Outerwear,50,Connecticut,XL,Olive,Summer,4.5,No,Venmo,Standard,No,No,35,Credit Card,Monthly
3343,66,Female,Jacket,Outerwear,81,New Jersey,M,Violet,Spring,3.8,No,Credit Card,Free Shipping,No,No,45,Credit Card,Weekly
3347,30,Female,Jeans,Clothing,99,Oklahoma,M,Black,Summer,3.4,No,PayPal,Express,No,No,30,Venmo,Quarterly
3348,22,Female,Shoes,Footwear,70,Iowa,XL,Cyan,Summer,4.4,No,Credit Card,Standard,No,No,28,PayPal,Bi-Weekly
3352,43,Female,Shirt,Clothing,49,New Hampshire,L,Cyan,Spring,4.2,No,Cash,2-Day Shipping,No,No,18,Bank Transfer,Fortnightly
3354,31,Female,Dress,Clothing,66,Ohio,L,Teal,Fall,4.6,No,Debit Card,Free Shipping,No,No,19,Credit Card,Every 3 Months
3355,42,Female,Skirt,Clothing,45,Maryland,M,Orange,Fall,2.8,No,Cash,Next Day Air,No,No,15,PayPal,Weekly
3358,41,Female,Hoodie,Clothing,67,Arkansas,M,Pink,Winter,3.5,No,Venmo,Free Shipping,No,No,37,Credit Card,Monthly
3362,47,Female,Shoes,Footwear,26,Florida,M,Silver,Spring,4.1,No,Credit Card,Free Shipping,No,No,47,Credit Card,Bi-Weekly
3364,58,Female,Sweater,Clothing,23,California,M,Turquoise,Winter,3.0,No,PayPal,Next Day Air,No,No,46,Bank Transfer,Bi-Weekly
3366,43,Female,Skirt,Clothing,58,Tennessee,L,Teal,Fall,3.9,No,Bank Transfer,Express,No,No,45,Credit Card,Every 3 Months
3369,30,Female,Sandals,Footwear,25,Nebraska,M,Blue,Spring,4.8,No,Cash,Express,No,No,29,Bank Transfer,Every 3 Months
3372,49,Female,Hoodie,Clothing,99,Colorado,S,Turquoise,Winter,4.0,No,PayPal,Next Day Air,No,No,28,PayPal,Annually
3373,56,Female,Socks,Clothing,25,Pennsylvania,M,Maroon,Winter,4.6,No,Credit Card,Free Shipping,No,No,14,Credit Card,Every 3 Months
3375,22,Female,Blouse,Clothing,47,Nevada,S,Lavender,Spring,3.7,No,Debit Card,2-Day Shipping,No,No,41,Debit Card,Annually
3376,51,Female,Boots,Footwear,98,Connecticut,XL,Yellow,Fall,4.9,No,Debit Card,Express,No,No,8,Credit Card,Annually
3378,37,Female,Shirt,Clothing,32,Kentucky,M,Yellow,Winter,4.6,No,Bank Transfer,Next Day Air,No,No,18,PayPal,Fortnightly
3381,41,Female,Dress,Clothing,52,North Dakota,L,Blue,Summer,3.8,No,PayPal,Standard,No,No,6,PayPal,Every 3 Months
3383,34,Female,Sweater,Clothing,35,Nebraska,M,Maroon,Spring,2.8,No,Bank Transfer,Express,No,No,2,Bank Transfer,Weekly
3384,27,Female,Coat,Outerwear,43,Delaware,M,Pink,Fall,2.6,No,Credit Card,Next Day Air,No,No,39,Venmo,Bi-Weekly
3385,39,Female,Hoodie,Clothing,24,Minnesota,L,Maroon,Summer,3.8,No,Credit Card,Free Shipping,No,No,9,Venmo,Quarterly
3388,53,Female,Pants,Clothing,78,New Jersey,S,Pink,Spring,3.4,No,Venmo,2-Day Shipping,No,No,2,Credit Card,Bi-Weekly
3390,38,Female,Pants,Clothing,57,North Carolina,L,Maroon,Fall,3.8,No,Credit Card,Free Shipping,No,No,39,Venmo,Annually
3391,32,Female,Socks,Clothing,70,Oregon,S,Red,Summer,3.0,No,Credit Card,Next Day Air,No,No,38,PayPal,Annually
3392,47,Female,Hoodie,Clothing,57,Montana,M,Silver,Fall,3.7,No,Cash,2-Day Shipping,No,No,6,Debit Card,Every 3 Months
3394,60,Female,Dress,Clothing,90,Arizona,M,Gold,Fall,3.1,No,PayPal,Next Day Air,No,No,50,Debit Card,Monthly
3396,44,Female,Dress,Clothing,43,Colorado,M,Silver,Winter,3.1,No,Debit Card,Free Shipping,No,No,15,Debit Card,Every 3 Months
3397,29,Female,Pants,Clothing,37,Tennessee,XL,Black,Winter,5.0,No,PayPal,Next Day Air,No,No,5,PayPal,Quarterly
3398,19,Female,Blouse,Clothing,38,New Jersey,L,Yellow,Summer,2.7,No,Bank Transfer,Standard,No,No,13,Bank Transfer,Bi-Weekly
3400,40,Female,Pants,Clothing,55,Montana,XL,Yellow,Winter,3.3,No,Debit Card,Standard,No,No,36,Debit Card,Annually
3403,22,Female,Hoodie,Clothing,61,Louisiana,M,Black,Spring,4.4,No,Venmo,2-Day Shipping,No,No,11,PayPal,Every 3 Months
3409,48,Female,Socks,Clothing,72,Montana,L,Purple,Summer,4.4,No,PayPal,Standard,No,No,11,Bank Transfer,Annually
3410,24,Female,Shirt,Clothing,93,Minnesota,M,Teal,Summer,3.2,No,PayPal,Next Day Air,No,No,3,Credit Card,Every 3 Months
3411,50,Female,Sandals,Footwear,76,Ohio,L,Teal,Summer,4.3,No,PayPal,Free Shipping,No,No,38,Bank Transfer,Bi-Weekly
3415,27,Female,Boots,Footwear,94,Connecticut,M,Maroon,Spring,4.9,No,Venmo,Next Day Air,No,No,3,Bank Transfer,Quarterly
3416,38,Female,Blouse,Clothing,68,New York,M,Gold,Fall,3.0,No,Credit Card,2-Day Shipping,No,No,15,Bank Transfer,Annually
3418,54,Female,Coat,Outerwear,35,Massachusetts,M,Blue,Summer,2.9,No,PayPal,2-Day Shipping,No,No,22,Debit Card,Fortnightly
3419,53,Female,Jacket,Outerwear,30,South Carolina,M,Beige,Summer,2.8,No,Cash,Free Shipping,No,No,35,Debit Card,Annually
3422,57,Female,Shoes,Footwear,30,New Jersey,M,Maroon,Summer,2.9,No,PayPal,Free Shipping,No,No,27,PayPal,Weekly
3423,19,Female,Coat,Outerwear,91,New York,L,Beige,Winter,3.2,No,Credit Card,Next Day Air,No,No,9,Venmo,Monthly
3424,33,Female,Boots,Footwear,71,Massachusetts,M,Brown,Spring,3.8,No,Venmo,Next Day Air,No,No,21,PayPal,Bi-Weekly
3427,47,Female,Socks,Clothing,35,Oregon,XL,Magenta,Fall,4.8,No,PayPal,2-Day Shipping,No,No,31,Credit Card,Annually
3430,27,Female,Skirt,Clothing,96,Alaska,S,Purple,Winter,4.6,No,Debit Card,Express,No,No,34,Debit Card,Weekly
3431,67,Female,Socks,Clothing,73,Montana,M,Lavender,Winter,4.2,No,Credit Card,Next Day Air,No,No,17,Bank Transfer,Every 3 Months
3433,36,Female,Boots,Footwear,44,Connecticut,M,Gray,Summer,4.8,No,Credit Card,2-Day Shipping,No,No,46,PayPal,Every 3 Months
3434,62,Female,Socks,Clothing,93,Alaska,M,Yellow,Spring,4.5,No,Cash,Free Shipping,No,No,28,PayPal,Annually
3435,31,Female,Pants,Clothing,72,Ohio,S,Orange,Summer,3.3,No,PayPal,2-Day Shipping,No,No,6,Venmo,Fortnightly
3436,68,Female,Socks,Clothing,91,Montana,M,Beige,Summer,2.7,No,Debit Card,2-Day Shipping,No,No,50,Debit Card,Bi-Weekly
3438,22,Female,Jacket,Outerwear,62,Oklahoma,S,Green,Winter,3.5,No,Venmo,2-Day Shipping,No,No,50,PayPal,Annually
3442,64,Female,Sweater,Clothing,96,Tennessee,XL,Charcoal,Fall,4.1,No,Debit Card,Standard,No,No,15,Credit Card,Annually
3443,28,Female,Skirt,Clothing,78,Michigan,M,Violet,Spring,4.3,No,Venmo,Next Day Air,No,No,12,PayPal,Weekly
3445,53,Female,Pants,Clothing,63,Rhode Island,S,Green,Summer,3.8,No,Cash,2-Day Shipping,No,No,12,Bank Transfer,Bi-Weekly
3448,62,Female,Sandals,Footwear,58,Arkansas,M,Blue,Fall,4.3,No,Debit Card,Express,No,No,3,Bank Transfer,Bi-Weekly
3449,18,Female,Coat,Outerwear,28,Kentucky,S,Yellow,Winter,4.1,No,PayPal,Express,No,No,32,Bank Transfer,Fortnightly
3452,32,Female,Blouse,Clothing,73,Nevada,XL,Silver,Fall,3.0,No,Bank Transfer,Free Shipping,No,No,13,Credit Card,Annually
3453,26,Female,Jacket,Outerwear,20,Oklahoma,M,Indigo,Spring,3.7,No,Credit Card,Next Day Air,No,No,3,Venmo,Fortnightly
3454,31,Female,Shirt,Clothing,60,Alabama,L,Pink,Winter,4.3,No,Venmo,Standard,No,No,48,Venmo,Bi-Weekly
3456,49,Female,T-shirt,Clothing,89,Ohio,M,Orange,Fall,4.7,No,Bank Transfer,Standard,No,No,13,Venmo,Annually
3457,42,Female,Hoodie,Clothing,53,Texas,M,Red,Fall,4.6,No,Bank Transfer,Express,No,No,21,Venmo,Monthly
3460,68,Female,Hoodie,Clothing,37,Ohio,L,Green,Fall,3.8,No,Venmo,Express,No,No,21,PayPal,Annually
3463,44,Female,Jeans,Clothing,73,Michigan,L,Olive,Spring,4.5,No,Bank Transfer,Standard,No,No,34,Credit Card,Every 3 Months
3465,36,Female,Coat,Outerwear,59,Utah,S,Peach,Winter,2.7,No,Debit Card,Next Day Air,No,No,12,PayPal,Annually
3467,49,Female,Socks,Clothing,42,Maryland,S,Purple,Summer,4.6,No,Debit Card,Standard,No,No,43,Bank Transfer,Annually
3473,31,Female,Blouse,Clothing,42,Georgia,S,White,Summer,4.0,No,Bank Transfer,Free Shipping,No,No,15,Debit Card,Weekly
3481,21,Female,Sandals,Footwear,79,New Hampshire,L,Peach,Winter,3.5,No,Cash,Free Shipping,No,No,45,PayPal,Monthly
3484,19,Female,Hoodie,Clothing,37,Texas,L,White,Winter,3.9,No,Venmo,Express,No,No,21,Credit Card,Every 3 Months
3485,44,Female,Dress,Clothing,75,Illinois,L,Gray,Fall,4.2,No,Debit Card,Free Shipping,No,No,13,Credit Card,Bi-Weekly
3486,50,Female,Shirt,Clothing,21,Massachusetts,XL,Brown,Winter,3.4,No,Debit Card,Standard,No,No,23,Debit Card,Fortnightly
3487,51,Female,Shorts,Clothing,89,North Carolina,L,Charcoal,Winter,4.9,No,Debit Card,Standard,No,No,6,PayPal,Weekly
3490,48,Female,Dress,Clothing,26,Idaho,L,Black,Summer,4.6,No,Bank Transfer,2-Day Shipping,No,No,32,PayPal,Every 3 Months
3497,39,Female,Shoes,Footwear,38,Idaho,M,Pink,Summer,4.0,No,Cash,Free Shipping,No,No,22,PayPal,Monthly
3499,47,Female,Sandals,Footwear,35,Kentucky,M,Lavender,Summer,3.8,No,PayPal,Standard,No,No,2,Bank Transfer,Bi-Weekly
3500,22,Female,Socks,Clothing,29,New Jersey,L,Indigo,Fall,3.0,No,Bank Transfer,Next Day Air,No,No,13,PayPal,Every 3 Months
3501,38,Female,Shirt,Clothing,48,Oregon,S,Silver,Fall,4.6,No,Credit Card,Next Day Air,No,No,38,Debit Card,Fortnightly
3502,53,Female,Shoes,Footwear,87,Nebraska,M,Silver,Fall,4.8,No,Bank Transfer,Standard,No,No,43,Bank Transfer,Weekly
3509,52,Female,Pants,Clothing,54,Pennsylvania,M,Gray,Fall,4.7,No,Venmo,Standard,No,No,49,Bank Transfer,Weekly
3510,50,Female,T-shirt,Clothing,22,Ohio,L,Brown,Winter,4.3,No,Cash,Next Day Air,No,No,43,Venmo,Bi-Weekly
3511,49,Female,Sneakers,Footwear,96,Pennsylvania,S,Orange,Fall,4.9,No,Credit Card,2-Day Shipping,No,No,14,Venmo,Monthly
3513,36,Female,Shirt,Clothing,46,Kentucky,M,White,Fall,3.4,No,Bank Transfer,Free Shipping,No,No,31,Debit Card,Quarterly
3516,19,Female,Dress,Clothing,80,South Dakota,XL,Charcoal,Winter,4.0,No,PayPal,Next Day Air,No,No,16,Debit Card,Bi-Weekly
3517,34,Female,Boots,Footwear,56,South Carolina,S,White,Summer,4.0,No,Venmo,Free Shipping,No,No,38,PayPal,Bi-Weekly
3518,29,Female,Skirt,Clothing,69,Tennessee,M,Orange,Winter,3.1,No,Debit Card,Next Day Air,No,No,34,Debit Card,Every 3 Months
3519,50,Female,Shirt,Clothing,97,Colorado,M,Black,Spring,4.2,No,Bank Transfer,Standard,No,No,30,PayPal,Quarterly
3520,31,Female,Shorts,Clothing,66,Wisconsin,M,White,Winter,3.7,No,Credit Card,Next Day Air,No,No,14,Bank Transfer,Fortnightly
3525,69,Female,Pants,Clothing,74,Michigan,L,Silver,Summer,2.9,No,Credit Card,Free Shipping,No,No,30,Credit Card,Monthly
3527,20,Female,Sweater,Clothing,99,Massachusetts,M,Olive,Spring,3.8,No,PayPal,Express,No,No,1,PayPal,Every 3 Months
3530,55,Female,T-shirt,Clothing,20,Montana,S,Maroon,Winter,3.9,No,Credit Card,Next Day Air,No,No,43,Bank Transfer,Weekly
3533,61,Female,Pants,Clothing,68,Connecticut,L,Indigo,Fall,4.6,No,Credit Card,Standard,No,No,12,Credit Card,Annually
3534,50,Female,Sneakers,Footwear,98,Texas,L,Yellow,Fall,4.7,No,Venmo,Standard,No,No,30,Venmo,Fortnightly
3536,68,Female,Shorts,Clothing,51,Mississippi,M,Red,Summer,5.0,No,Bank Transfer,Express,No,No,20,Debit Card,Monthly
3541,24,Female,Shorts,Clothing,95,Nevada,M,Magenta,Spring,4.6,No,Bank Transfer,Free Shipping,No,No,5,Bank Transfer,Weekly
3542,59,Female,Blouse,Clothing,66,Virginia,M,Olive,Winter,4.0,No,Cash,Next Day Air,No,No,22,PayPal,Annually
3543,62,Female,Coat,Outerwear,28,Idaho,S,Olive,Spring,4.2,No,Bank Transfer,Express,No,No,5,Venmo,Weekly
3546,48,Female,Sandals,Footwear,28,Connecticut,M,Yellow,Spring,3.7,No,Venmo,2-Day Shipping,No,No,22,Debit Card,Annually
3549,63,Female,Blouse,Clothing,37,Utah,M,Red,Fall,3.0,No,Venmo,Standard,No,No,47,Debit Card,Fortnightly
3550,44,Female,T-shirt,Clothing,34,Oregon,M,Cyan,Summer,3.4,No,Credit Card,2-Day Shipping,No,No,11,Bank Transfer,Fortnightly
3554,62,Female,Shoes,Footwear,99,Minnesota,M,Charcoal,Spring,4.9,No,Cash,Free Shipping,No,No,32,Bank Transfer,Weekly
3555,39,Female,Dress,Clothing,55,Louisiana,M,Indigo,Spring,5.0,No,Bank Transfer,Free Shipping,No,No,5,Credit Card,Fortnightly
3558,52,Female,Jacket,Outerwear,26,Nevada,M,Peach,Summer,4.9,No,PayPal,Next Day Air,No,No,1,PayPal,Every 3 Months
3560,18,Female,Shorts,Clothing,25,Utah,M,Beige,Fall,3.0,No,Debit Card,Next Day Air,No,No,13,Venmo,Every 3 Months
3561,18,Female,Socks,Clothing,96,Kansas,XL,Violet,Fall,3.5,No,Cash,Express,No,No,5,Credit Card,Annually
3562,63,Female,Sneakers,Footwear,29,North Carolina,L,Black,Spring,3.4,No,Cash,Standard,No,No,39,Credit Card,Fortnightly
3563,47,Female,Sneakers,Footwear,36,Maryland,M,Cyan,Winter,3.4,No,PayPal,Free Shipping,No,No,7,Bank Transfer,Weekly
3564,43,Female,Blouse,Clothing,90,Maine,M,Green,Summer,4.9,No,Credit Card,Standard,No,No,8,Credit Card,Every 3 Months
3567,28,Female,Jeans,Clothing,88,Alaska,S,Orange,Spring,3.1,No,Credit Card,Next Day Air,No,No,14,Venmo,Monthly
3569,29,Female,Sandals,Footwear,71,Arkansas,M,Purple,Spring,4.8,No,Cash,Next Day Air,No,No,14,PayPal,Quarterly
3570,35,Female,Sandals,Footwear,94,Alaska,M,Olive,Fall,3.3,No,Credit Card,Express,No,No,9,Bank Transfer,Fortnightly
3571,23,Female,Dress,Clothing,97,Louisiana,XL,Teal,Winter,4.7,No,PayPal,Standard,No,No,32,Debit Card,Annually
3572,70,Female,Skirt,Clothing,27,North Dakota,M,White,Summer,3.2,No,Cash,Standard,No,No,15,Bank Transfer,Every 3 Months
3573,23,Female,Shorts,Clothing,28,Rhode Island,M,Black,Spring,5.0,No,Bank Transfer,Standard,No,No,25,Credit Card,Monthly
3574,43,Female,Jeans,Clothing,67,Connecticut,L,Maroon,Fall,4.9,No,Cash,Free Shipping,No,No,27,PayPal,Monthly
3575,29,Female,Socks,Clothing,70,New York,M,Cyan,Fall,4.9,No,Cash,Express,No,No,39,Bank Transfer,Quarterly
3576,61,Female,Coat,Outerwear,95,Kentucky,M,Violet,Fall,3.7,No,Cash,Express,No,No,49,Venmo,Bi-Weekly
3577,29,Female,Boots,Footwear,24,Maine,L,Yellow,Spring,3.0,No,Cash,Express,No,No,12,Venmo,Bi-Weekly
3579,46,Female,Shoes,Footwear,22,Georgia,L,Olive,Winter,2.6,No,Credit Card,Standard,No,No,22,Bank Transfer,Quarterly
3582,26,Female,Dress,Clothing,95,Georgia,M,Orange,Fall,4.9,No,Venmo,Next Day Air,No,No,50,Credit Card,Weekly
3583,23,Female,Shorts,Clothing,41,California,S,Beige,Summer,3.4,No,Cash,2-Day Shipping,No,No,15,PayPal,Annually
3585,39,Female,Sneakers,Footwear,52,Florida,L,Indigo,Fall,4.8,No,Debit Card,Express,No,No,48,Debit Card,Monthly
3588,33,Female,Sweater,Clothing,90,Virginia,S,Violet,Summer,4.4,No,Debit Card,Standard,No,No,33,Debit Card,Annually
3591,27,Female,Dress,Clothing,87,South Dakota,M,Gray,Fall,2.9,No,PayPal,2-Day Shipping,No,No,19,Venmo,Every 3 Months
3592,48,Female,Jacket,Outerwear,89,South Dakota,M,Gold,Winter,3.2,No,Cash,2-Day Shipping,No,No,38,Bank Transfer,Quarterly
3593,61,Female,Boots,Footwear,82,New Jersey,L,Lavender,Spring,4.4,No,Cash,2-Day Shipping,No,No,18,Venmo,Fortnightly
3594,63,Female,Sandals,Footwear,80,Wyoming,M,Black,Spring,4.6,No,Bank Transfer,Next Day Air,No,No,24,PayPal,Monthly
3602,34,Female,T-shirt,Clothing,47,North Carolina,M,Indigo,Summer,3.0,No,Debit Card,Next Day Air,No,No,3,PayPal,Monthly
3605,63,Female,Hoodie,Clothing,86,Louisiana,M,Orange,Fall,3.3,No,Bank Transfer,Standard,No,No,17,Debit Card,Annually
3607,41,Female,Sandals,Footwear,90,Minnesota,XL,Purple,Fall,4.8,No,Cash,Express,No,No,41,Venmo,Annually
3610,21,Female,Socks,Clothing,39,New Mexico,M,Cyan,Summer,3.0,No,Debit Card,2-Day Shipping,No,No,31,Debit Card,Monthly
3611,18,Female,Jacket,Outerwear,86,Texas,XL,Green,Fall,4.8,No,Credit Card,2-Day Shipping,No,No,23,Bank Transfer,Fortnightly
3612,63,Female,T-shirt,Clothing,82,Washington,M,Silver,Spring,2.9,No,PayPal,Standard,No,No,30,Credit Card,Annually
3616,35,Female,Dress,Clothing,31,California,M,Gold,Winter,4.4,No,Bank Transfer,Free Shipping,No,No,4,Credit Card,Monthly
3621,60,Female,Sandals,Footwear,82,Louisiana,M,Turquoise,Summer,2.9,No,Credit Card,Express,No,No,28,Credit Card,Fortnightly
3627,69,Female,Blouse,Clothing,98,Mississippi,L,Teal,Fall,3.5,No,Bank Transfer,Express,No,No,32,Venmo,Quarterly
3629,53,Female,Blouse,Clothing,88,Georgia,L,Purple,Summer,3.8,No,Cash,Free Shipping,No,No,35,Credit Card,Monthly
3630,52,Female,T-shirt,Clothing,43,Kansas,L,Lavender,Summer,4.5,No,Credit Card,Standard,No,No,44,Debit Card,Fortnightly
3633,27,Female,Sneakers,Footwear,73,Utah,L,Green,Spring,3.2,No,PayPal,Express,No,No,3,Debit Card,Quarterly
3635,59,Female,Socks,Clothing,22,Ohio,M,Pink,Winter,3.3,No,Bank Transfer,Standard,No,No,17,PayPal,Annually
3636,52,Female,Sandals,Footwear,32,Colorado,L,Cyan,Fall,3.3,No,Cash,Free Shipping,No,No,17,Credit Card,Fortnightly
3638,32,Female,Boots,Footwear,66,Utah,L,Yellow,Winter,3.6,No,PayPal,Express,No,No,32,Credit Card,Fortnightly
3640,26,Female,Coat,Outerwear,44,Illinois,M,Brown,Summer,3.6,No,Venmo,2-Day Shipping,No,No,39,Venmo,Annually
3642,51,Female,Jacket,Outerwear,45,New York,M,Cyan,Fall,2.7,No,Debit Card,Free Shipping,No,No,39,Bank Transfer,Every 3 Months
3645,35,Female,Blouse,Clothing,32,Arkansas,M,Violet,Winter,2.6,No,Cash,Next Day Air,No,No,18,Venmo,Weekly
3650,68,Female,Skirt,Clothing,57,Minnesota,M,Brown,Fall,4.4,No,Debit Card,Standard,No,No,33,Credit Card,Fortnightly
3651,51,Female,Jeans,Clothing,60,Ohio,M,Silver,Summer,3.5,No,Cash,2-Day Shipping,No,No,3,PayPal,Annually
3654,67,Female,Coat,Outerwear,20,Minnesota,M,Blue,Spring,3.9,No,Debit Card,Next Day Air,No,No,39,Credit Card,Fortnightly
3656,20,Female,Sweater,Clothing,27,Wyoming,M,Yellow,Fall,2.9,No,Venmo,Next Day Air,No,No,4,Credit Card,Bi-Weekly
3657,35,Female,Jacket,Outerwear,67,North Dakota,XL,Cyan,Spring,3.7,No,Debit Card,2-Day Shipping,No,No,18,Credit Card,Monthly
3658,58,Female,Shoes,Footwear,82,Alabama,L,Gold,Winter,3.7,No,Bank Transfer,Express,No,No,1,Debit Card,Every 3 Months
3659,28,Female,T-shirt,Clothing,72,Mississippi,M,Magenta,Fall,4.6,No,Cash,Standard,No,No,18,PayPal,Fortnightly
3661,19,Female,Shoes,Footwear,74,Arkansas,L,Indigo,Winter,3.1,No,Venmo,2-Day Shipping,No,No,13,Bank Transfer,Fortnightly
3662,63,Female,Sandals,Footwear,39,Kansas,S,White,Winter,3.5,No,Cash,Next Day Air,No,No,5,Credit Card,Fortnightly
3663,69,Female,Shorts,Clothing,80,Rhode Island,M,Indigo,Spring,4.9,No,Venmo,Next Day Air,No,No,11,Debit Card,Weekly
3666,28,Female,Socks,Clothing,77,North Carolina,M,Peach,Fall,3.4,No,Credit Card,Next Day Air,No,No,11,Credit Card,Quarterly
3668,51,Female,Pants,Clothing,45,Washington,L,Cyan,Fall,2.6,No,Credit Card,Next Day Air,No,No,20,Venmo,Monthly
3671,31,Female,Shoes,Footwear,50,Vermont,S,White,Winter,3.8,No,Cash,Free Shipping,No,No,4,PayPal,Every 3 Months
3673,51,Female,Sandals,Footwear,81,New York,S,Pink,Fall,4.5,No,Venmo,Free Shipping,No,No,7,PayPal,Monthly
3674,32,Female,Socks,Clothing,28,Rhode Island,M,Pink,Summer,4.2,No,Debit Card,2-Day Shipping,No,No,31,Bank Transfer,Fortnightly
3679,56,Female,Shirt,Clothing,45,Texas,S,Beige,Fall,3.5,No,Debit Card,Standard,No,No,29,Bank Transfer,Fortnightly
3684,30,Female,Socks,Clothing,77,Mississippi,M,Purple,Winter,3.0,No,Bank Transfer,Free Shipping,No,No,17,Venmo,Fortnightly
3685,29,Female,Skirt,Clothing,86,Pennsylvania,L,Charcoal,Spring,4.4,No,PayPal,Free Shipping,No,No,47,Credit Card,Bi-Weekly
3688,34,Female,Shirt,Clothing,44,Arkansas,L,Lavender,Summer,2.9,No,PayPal,Next Day Air,No,No,28,Bank Transfer,Every 3 Months
3692,63,Female,Sandals,Footwear,21,Michigan,XL,Orange,Summer,4.8,No,Credit Card,Next Day Air,No,No,24,PayPal,Weekly
3694,66,Female,Blouse,Clothing,46,South Dakota,M,Violet,Summer,4.7,No,Debit Card,2-Day Shipping,No,No,10,Venmo,Weekly
3695,45,Female,Sweater,Clothing,41,Rhode Island,M,Blue,Winter,2.6,No,Venmo,Express,No,No,11,PayPal,Bi-Weekly
3696,38,Female,Skirt,Clothing,33,Florida,M,White,Fall,4.6,No,Bank Transfer,Standard,No,No,18,Bank Transfer,Fortnightly
3697,63,Female,Blouse,Clothing,48,Connecticut,L,Turquoise,Fall,3.4,No,Venmo,Next Day Air,No,No,26,Bank Transfer,Annually
3699,25,Female,Skirt,Clothing,54,California,XL,Maroon,Spring,4.0,No,Credit Card,2-Day Shipping,No,No,4,Venmo,Annually
3704,30,Female,Sandals,Footwear,83,Michigan,S,Teal,Fall,2.9,No,Bank Transfer,Standard,No,No,23,PayPal,Every 3 Months
3706,28,Female,Skirt,Clothing,65,Colorado,L,Teal,Summer,3.2,No,PayPal,Free Shipping,No,No,2,Debit Card,Annually
3709,40,Female,Hoodie,Clothing,96,South Carolina,M,Red,Fall,4.9,No,Bank Transfer,Express,No,No,41,PayPal,Monthly
3710,31,Female,Socks,Clothing,43,Utah,M,Silver,Fall,3.6,No,Debit Card,Free Shipping,No,No,27,PayPal,Quarterly
3713,51,Female,Blouse,Clothing,72,Oregon,M,Turquoise,Spring,3.7,No,Venmo,2-Day Shipping,No,No,24,PayPal,Quarterly
3714,49,Female,Shoes,Footwear,87,Arizona,M,Peach,Spring,2.6,No,Cash,Express,No,No,31,Debit Card,Every 3 Months
3717,57,Female,Shirt,Clothing,53,Vermont,M,Charcoal,Fall,3.4,No,Bank Transfer,Next Day Air,No,No,42,Debit Card,Every 3 Months
3718,45,Female,T-shirt,Clothing,85,Maryland,XL,White,Summer,4.2,No,Venmo,Express,No,No,47,Bank Transfer,Every 3 Months
3719,36,Female,Pants,Clothing,50,Tennessee,L,Turquoise,Fall,2.9,No,Credit Card,Standard,No,No,44,Bank Transfer,Bi-Weekly
3720,20,Female,Pants,Clothing,91,Pennsylvania,M,Red,Summer,4.1,No,Cash,Free Shipping,No,No,8,Bank Transfer,Every 3 Months
3723,23,Female,Jacket,Outerwear,34,Kentucky,XL,Yellow,Fall,4.0,No,PayPal,Standard,No,No,1,Credit Card,Fortnightly
3724,26,Female,Sandals,Footwear,30,Rhode Island,M,Beige,Spring,3.6,No,Venmo,Free Shipping,No,No,1,Debit Card,Monthly
3726,18,Female,Dress,Clothing,100,Oklahoma,S,Turquoise,Winter,4.4,No,Bank Transfer,Next Day Air,No,No,2,PayPal,Annually
3728,41,Female,Socks,Clothing,83,Maine,M,Gold,Summer,3.5,No,Credit Card,Next Day Air,No,No,17,Debit Card,Bi-Weekly
3729,62,Female,Jacket,Outerwear,31,Vermont,L,Red,Winter,3.0,No,Credit Card,Standard,No,No,1,Debit Card,Annually
3731,46,Female,Shirt,Clothing,79,Florida,M,Teal,Summer,2.5,No,Bank Transfer,2-Day Shipping,No,No,3,Credit Card,Bi-Weekly
3733,36,Female,Shoes,Footwear,92,Indiana,L,Pink,Spring,3.3,No,PayPal,Free Shipping,No,No,28,PayPal,Annually
3734,25,Female,Socks,Clothing,58,Illinois,M,Maroon,Fall,4.7,No,Bank Transfer,Next Day Air,No,No,6,Debit Card,Every 3 Months
3735,38,Female,Hoodie,Clothing,88,California,M,Beige,Spring,3.4,No,Venmo,Next Day Air,No,No,33,Debit Card,Every 3 Months
3736,38,Female,Sandals,Footwear,44,Massachusetts,L,Orange,Spring,3.1,No,Cash,2-Day Shipping,No,No,29,PayPal,Annually
3742,58,Female,Shirt,Clothing,96,Arizona,M,Purple,Spring,3.2,No,Venmo,2-Day Shipping,No,No,26,Debit Card,Bi-Weekly
3743,56,Female,Shirt,Clothing,80,Maryland,M,Gray,Fall,4.4,No,Debit Card,Standard,No,No,50,Credit Card,Bi-Weekly
3744,62,Female,Pants,Clothing,28,Idaho,L,Cyan,Fall,3.6,No,Credit Card,Free Shipping,No,No,36,Debit Card,Quarterly
3745,24,Female,Hoodie,Clothing,51,New Jersey,M,Gray,Summer,2.7,No,Venmo,Next Day Air,No,No,26,Bank Transfer,Fortnightly
3746,60,Female,Socks,Clothing,41,Washington,L,Gold,Spring,4.3,No,Bank Transfer,Express,No,No,2,Debit Card,Monthly
3747,53,Female,Coat,Outerwear,99,Idaho,XL,Cyan,Summer,2.6,No,Debit Card,Next Day Air,No,No,49,PayPal,Monthly
3750,24,Female,Blouse,Clothing,95,Alaska,L,Yellow,Winter,2.9,No,Debit Card,2-Day Shipping,No,No,38,Venmo,Every 3 Months
3751,42,Female,Hoodie,Clothing,88,Arizona,M,Gold,Fall,3.1,No,Debit Card,Free Shipping,No,No,5,PayPal,Monthly
3753,24,Female,Coat,Outerwear,81,Washington,L,Pink,Winter,4.1,No,Debit Card,2-Day Shipping,No,No,43,Venmo,Weekly
3756,64,Female,Skirt,Clothing,93,Pennsylvania,M,Peach,Fall,3.4,No,Bank Transfer,Free Shipping,No,No,26,Credit Card,Monthly
3757,64,Female,Skirt,Clothing,69,South Carolina,L,Teal,Spring,4.8,No,Credit Card,Express,No,No,42,Debit Card,Bi-Weekly
3761,65,Female,Socks,Clothing,80,Connecticut,M,Peach,Fall,3.1,No,PayPal,Next Day Air,No,No,36,PayPal,Weekly
3765,36,Female,Socks,Clothing,21,South Dakota,M,Maroon,Fall,3.5,No,PayPal,Next Day Air,No,No,19,Venmo,Monthly
3768,59,Female,Shorts,Clothing,51,New York,XL,Black,Summer,3.1,No,Venmo,Free Shipping,No,No,10,Bank Transfer,Fortnightly
3769,50,Female,Sweater,Clothing,35,Vermont,M,Yellow,Winter,4.0,No,PayPal,Free Shipping,No,No,34,Bank Transfer,Quarterly
3772,21,Female,T-shirt,Clothing,86,Oklahoma,M,Red,Winter,2.6,No,Bank Transfer,Express,No,No,28,Venmo,Bi-Weekly
3777,19,Female,Sneakers,Footwear,25,Alaska,L,Olive,Spring,4.1,No,Debit Card,Standard,No,No,10,Credit Card,Fortnightly
3779,25,Female,Sneakers,Footwear,60,South Dakota,M,Cyan,Fall,2.9,No,PayPal,Free Shipping,No,No,30,Debit Card,Annually
3780,60,Female,Jeans,Clothing,75,California,XL,Lavender,Spring,4.0,No,Venmo,Express,No,No,45,PayPal,Annually
3781,54,Female,Sneakers,Footwear,57,Mississippi,L,Yellow,Fall,4.1,No,Bank Transfer,Free Shipping,No,No,41,Venmo,Quarterly
3782,52,Female,Boots,Footwear,99,Tennessee,M,Pink,Winter,3.7,No,Venmo,Standard,No,No,40,PayPal,Fortnightly
3783,40,Female,Jacket,Outerwear,45,Alabama,L,Orange,Spring,2.8,No,Cash,Free Shipping,No,No,42,PayPal,Fortnightly
3785,54,Female,Socks,Clothing,53,Virginia,M,Violet,Winter,4.5,No,Cash,Next Day Air,No,No,4,Venmo,Annually
3787,31,Female,Boots,Footwear,47,Tennessee,L,Yellow,Fall,3.6,No,Venmo,2-Day Shipping,No,No,22,Venmo,Weekly
3788,37,Female,Blouse,Clothing,80,New York,M,Pink,Fall,3.6,No,PayPal,2-Day Shipping,No,No,46,PayPal,Every 3 Months
3790,56,Female,Shirt,Clothing,75,North Dakota,M,Magenta,Summer,3.8,No,Debit Card,Express,No,No,18,Bank Transfer,Every 3 Months
3797,40,Female,Shorts,Clothing,81,Utah,M,Lavender,Fall,3.2,No,Credit Card,Free Shipping,No,No,47,Bank Transfer,Quarterly
3801,19,Female,Sweater,Clothing,26,Vermont,M,Turquoise,Fall,4.8,No,Venmo,Next Day Air,No,No,12,Venmo,Bi-Weekly
3807,18,Female,Boots,Footwear,71,Missouri,M,Teal,Spring,3.0,No,Cash,Standard,No,No,41,PayPal,Weekly
3808,38,Female,Blouse,Clothing,39,Michigan,L,Peach,Spring,2.9,No,PayPal,Next Day Air,No,No,36,PayPal,Annually
3809,33,Female,Socks,Clothing,28,Washington,M,Pink,Winter,4.7,No,Venmo,Express,No,No,6,Debit Card,Bi-Weekly
3810,57,Female,Shoes,Footwear,33,New York,S,Maroon,Winter,3.7,No,Bank Transfer,Standard,No,No,28,Credit Card,Annually
3811,46,Female,Skirt,Clothing,79,Wisconsin,L,Peach,Fall,3.9,No,Debit Card,Free Shipping,No,No,29,Venmo,Monthly
3813,50,Female,Skirt,Clothing,75,Michigan,M,Pink,Spring,2.8,No,PayPal,Next Day Air,No,No,7,Bank Transfer,Every 3 Months
3814,61,Female,Pants,Clothing,89,Georgia,M,Orange,Summer,4.1,No,Credit Card,Express,No,No,31,Venmo,Bi-Weekly
3815,45,Female,Dress,Clothing,95,Michigan,M,Orange,Winter,4.2,No,Credit Card,Free Shipping,No,No,26,Bank Transfer,Every 3 Months
3822,20,Female,Sneakers,Footwear,48,Oregon,M,Gold,Summer,4.6,No,PayPal,Free Shipping,No,No,34,Credit Card,Every 3 Months
3824,50,Female,Shirt,Clothing,42,California,M,Gold,Summer,3.0,No,Bank Transfer,Standard,No,No,27,Bank Transfer,Weekly
3825,54,Female,Shorts,Clothing,26,Georgia,M,Olive,Summer,4.0,No,Credit Card,Free Shipping,No,No,31,Credit Card,Quarterly
3826,49,Female,Shorts,Clothing,35,Hawaii,L,Green,Fall,4.1,No,Bank Transfer,Express,No,No,47,Debit Card,Fortnightly
3827,50,Female,Jacket,Outerwear,31,Montana,M,Gray,Summer,4.0,No,Bank Transfer,Express,No,No,25,Bank Transfer,Annually
3830,69,Female,Pants,Clothing,32,Washington,M,Indigo,Spring,2.9,No,Credit Card,Free Shipping,No,No,32,Debit Card,Fortnightly
3834,44,Female,Jacket,Outerwear,93,Arizona,L,Gray,Summer,4.6,No,Cash,Free Shipping,No,No,17,PayPal,Every 3 Months
3836,58,Female,Sandals,Footwear,58,Pennsylvania,L,Silver,Winter,2.6,No,Credit Card,Express,No,No,28,PayPal,Bi-Weekly
3837,62,Female,Skirt,Clothing,84,Alaska,M,Violet,Spring,2.5,No,Venmo,Free Shipping,No,No,38,PayPal,Fortnightly
3838,45,Female,Hoodie,Clothing,100,New Mexico,M,Green,Spring,4.8,No,Debit Card,Free Shipping,No,No,33,Bank Transfer,Fortnightly
3839,47,Female,Dress,Clothing,25,Rhode Island,L,Green,Summer,4.2,No,Bank Transfer,Express,No,No,24,Venmo,Every 3 Months
3840,66,Female,Sandals,Footwear,29,Connecticut,M,Peach,Spring,3.9,No,PayPal,Free Shipping,No,No,14,Venmo,Quarterly
3841,30,Female,Jeans,Clothing,42,Idaho,M,Turquoise,Spring,3.7,No,Debit Card,Express,No,No,5,Venmo,Fortnightly
3842,68,Female,Jeans,Clothing,57,Mississippi,L,Pink,Fall,4.2,No,Cash,2-Day Shipping,No,No,8,Bank Transfer,Monthly
3843,35,Female,Jacket,Outerwear,84,Colorado,L,Lavender,Winter,4.2,No,Cash,Next Day Air,No,No,42,Debit Card,Monthly
3845,30,Female,Shorts,Clothing,87,Montana,S,Cyan,Fall,5.0,No,Credit Card,Next Day Air,No,No,40,Venmo,Quarterly
3846,58,Female,Sweater,Clothing,52,California,M,Green,Winter,4.9,No,Venmo,Standard,No,No,46,Venmo,Annually
3847,57,Female,Blouse,Clothing,58,Pennsylvania,L,Orange,Summer,4.0,No,Credit Card,Express,No,No,40,PayPal,Every 3 Months
3848,60,Female,Sweater,Clothing,34,Delaware,S,Blue,Fall,3.2,No,Credit Card,2-Day Shipping,No,No,31,PayPal,Fortnightly
3850,46,Female,Hoodie,Clothing,68,Florida,S,Cyan,Winter,2.6,No,Venmo,Express,No,No,36,PayPal,Fortnightly
3855,57,Female,T-shirt,Clothing,20,Florida,M,Black,Spring,4.2,No,Venmo,Free Shipping,No,No,4,Venmo,Annually
3857,39,Female,Sandals,Footwear,78,Virginia,S,Brown,Summer,2.5,No,PayPal,Free Shipping,No,No,8,Debit Card,Quarterly
3860,65,Female,Shorts,Clothing,88,Mississippi,S,Blue,Fall,3.0,No,Credit Card,2-Day Shipping,No,No,47,Bank Transfer,Bi-Weekly
3862,64,Female,Jacket,Outerwear,57,Wyoming,M,Yellow,Spring,4.9,No,Venmo,Standard,No,No,49,Credit Card,Monthly
3863,56,Female,Shirt,Clothing,49,Idaho,L,Turquoise,Winter,2.8,No,PayPal,Next Day Air,No,No,9,Venmo,Monthly
3865,55,Female,T-shirt,Clothing,99,Wyoming,S,Blue,Winter,4.9,No,Bank Transfer,Express,No,No,1,Debit Card,Fortnightly
3868,46,Female,Jacket,Outerwear,21,Maryland,L,Lavender,Summer,2.7,No,Cash,Standard,No,No,28,Credit Card,Monthly
3870,26,Female,Coat,Outerwear,64,Arizona,L,Cyan,Spring,3.8,No,Bank Transfer,Free Shipping,No,No,28,Bank Transfer,Annually
3872,55,Female,T-shirt,Clothing,97,Minnesota,M,Black,Fall,4.1,No,Credit Card,2-Day Shipping,No,No,20,Bank Transfer,Every 3 Months
3874,42,Female,Sandals,Footwear,43,Louisiana,L,Silver,Summer,4.0,No,PayPal,Standard,No,No,22,Credit Card,Weekly
3875,70,Female,Sweater,Clothing,54,Nevada,XL,Beige,Summer,3.9,No,Cash,2-Day Shipping,No,No,33,Credit Card,Bi-Weekly
3878,28,Female,Hoodie,Clothing,96,Nevada,M,Olive,Spring,4.2,No,Venmo,Next Day Air,No,No,46,Debit Card,Monthly
3880,26,Female,Skirt,Clothing,63,Florida,L,Maroon,Winter,4.1,No,Cash,Free Shipping,No,No,6,Debit Card,Quarterly
3881,42,Female,Shirt,Clothing,20,Massachusetts,M,Red,Winter,3.9,No,Credit Card,Free Shipping,No,No,40,PayPal,Monthly
3885,47,Female,Sandals,Footwear,29,Maryland,M,Brown,Fall,4.9,No,Debit Card,Express,No,No,3,PayPal,Weekly
3888,40,Female,Shirt,Clothing,34,Kansas,M,Charcoal,Spring,2.7,No,PayPal,Express,No,No,1,Credit Card,Quarterly
3889,45,Female,Sneakers,Footwear,69,Virginia,M,Violet,Spring,3.4,No,Bank Transfer,Standard,No,No,14,Venmo,Bi-Weekly
3890,57,Female,Dress,Clothing,65,Alaska,S,Yellow,Spring,3.5,No,Debit Card,Express,No,No,49,Bank Transfer,Annually
3891,35,Female,Shirt,Clothing,81,Nebraska,XL,Green,Winter,2.6,No,Credit Card,Standard,No,No,33,Debit Card,Annually
3892,36,Female,Dress,Clothing,30,Colorado,L,Peach,Winter,4.7,No,Cash,Free Shipping,No,No,6,Bank Transfer,Quarterly
3895,66,Female,Skirt,Clothing,78,Connecticut,L,White,Spring,3.9,No,Cash,2-Day Shipping,No,No,44,Credit Card,Every 3 Months
3896,40,Female,Hoodie,Clothing,28,Virginia,L,Turquoise,Summer,4.2,No,Cash,2-Day Shipping,No,No,32,Venmo,Weekly
3899,44,Female,Shoes,Footwear,77,Minnesota,S,Brown,Summer,3.8,No,PayPal,Express,No,No,24,Venmo,Weekly
