asin,category,brand_name,title,about_item,list_price
B0B59BJG6Y,Clothing,MLYENX Store,4/5 Pack Mens Polo Shirts Short Sleeve Quick Dry Moisture Wicking Casual Golf T Shirts for Men,"Premium Comfort: Crafted from a high-quality cotton blend, these mens polo shirts are soft, lightweight, and breathable; ensuring you stay comfortable whether at work, on the golf course in your favorite golf shirts, or out for a casual dayEffortless Style: Designed with a timeless, classic fit, these polo shirts seamlessly transition from casual to smart-casual; pair them with jeans, chinos, or shorts for a polished look that’s always in style—perfect as polo t shirts for menExceptional Value: This 5-pack of polo shirts for men offers unbeatable value, featuring a selection of classic and versatile colors; great for updating your wardrobe with multiple mens polo shirts that suit any occasionPerfect Fit for Every Man: Available in a range of sizes, from small to 3XL, this 5-pack of polo shirts is designed to offer a comfortable and flattering fit for every body type; making it the go-to choice for any man’s wardrobeEasy Care: Made to withstand regular wear and washing, these mens polo retain their shape, color, and softness; simply machine wash with cold water, fuss-free maintenance",53.99
B0DLGB4RYH,Clothing,COOFANDY Store,COOFANDY Men's Polo Shirts Short Sleeve Moisture Wicking Golf Shirt Fashion Casual Collared T-Shirt,"Material: Men's polo shirt is made of soft polyester fabric, moisture wicking, stain-resistant, durable work shirts, lightweight, breathable and comfortable. Golf shirt for men keeps you cool and dry in all day.Design: Mens short sleeve polo shirts designed with 3 button closure, solid color basic collared t-shirt with split hem, unrestricted movement during your golf swings, fashion classic design golf polo shirt is great for spring, summer and fall.Match: Polo shirts can be worn out or tucked. Tucked polos for business casual settings, while untucked polos casual look ideal for everyday wear. Basic polo t shirts for men easy to match with slacks, jeans, suit pants, shorts, etc.Occasions: Polo shirts for men is suitable for casual, golf, business, office, work, everyday wear, school uniform, travel, meeting, dating, dinner, street, hiking, camping, tennis or other activities. Perfect Valentine's Day, Father's Day, Christmas, Thanksgiving Day, Birthday gift for father, husband, son, boyfriends, friends or yourself.Garment Care: Machine Washable. Easy to Care and Wash. Note: Men's golf polo shirt is in standard US size, please choose your size refer to the size information under the description before ordering.",24.99
B0DRXF62JH,Clothing,ZITY Store,ZITY 3 Pack Men Polo Shirts Short Sleeve with Pocket Sport Wicking Shirts for Men Casual Athletic Collared T-Shirts,"PERFORMANCE:These men polo shirts are soft,lightweight and moisture wicking,keep you cool and breathableMULTIPACK:3 Pack men short sleeved polo shirts offering various colors and sizes, can be used on multiple combinationsFEATURE: Three buttons polo shirts easy to wear, front pocket design,Classic striped color contrast just for your comfortOCCASION：Suit for any casual occasions,such as daily wear,business,sports,outdoor,date,golf, party,hiking,camping ,street,etc.TIPS:This mens shirts short sleeve can be machine washed and easy to maintain not easy to deform, and will not pilling,they are available in sizes M L XL 2XL 3XL",59.99
B0BGXTC1FR,Clothing,V VALANCH Store,V VALANCH Mens Polo Shirts Short Sleeve Moisture Wicking Golf Polo Athletic Collared Shirt Tennis T-Shirt Tops,"MOISTURE WICKING: The fabric of the summer golf shirt absorbs moisture and sweat from the skin and quickly diffuses into the air to keep the skin dry and comfortable. Away from the swelter and odorsLIGHTWEIGHT& FLEXIBLE: Anti-wrinkle, soft, breathable fabric.Slips on the body fine, flexible fit. This men's golf polo provides enhanced mobility during the golf swing and outdoor activity.DESIGNS: Right sleeve with a pocket of the tennis shirt for carrying your small accessories. A hook under the button, suitable for diagonally hanging sunglasses or pensOCCASION: The polo shirt is a great idea for golf, bowling, tennis, outdoor activity, daily wear, and work wear. And a great gift for yourself, or your hubby, son, brothers, friendsEASY CARE: Machine wash/Hand wash. Medium Heat Dry. Don't Bleach. Don't Exposure. Gentle washing way can extend the life of the polo t-shirt",38.99
B07FMX9FSF,Clothing,POLO Store,"POLO RALPH LAUREN Men's Slim Fit Cotton Crew Undershirts, 3 Pack","Length: 29.25in / 74cm, Chest: 41in / 104cm",49.5
B07FMYL9NR,Clothing,POLO RALPH LAUREN Store,"POLO RALPH LAUREN Men's Classic Fit Cotton Crew Undershirts, 3 Pack",A quality Polo Ralph Lauren staple for your wardrobe essentials.Soft-ribbed cotton fabrication with a body hugging fit.Moisture-wicking fabric for all-day comfort.Crew neckline.Short sleeve design.,49.5
B0BGSDG377,Clothing,TELALEO Store,TELALEO 4/5 Pack Mens Polo Shirts Quick Dry Short Sleeve Golf T Shirt Performance Moisture Wicking Casual Workout,"Lightweight Breathable Quick Dry Fabric: soft smooth fabric wicks moisture quickly, keep you dryTagless: printed tag inside polo t shirt neck, all works just for your comfortOdor Resistant: 95% polyster,5% spandex. 3 button down shirt, quick dry, stay cool fresh. These polo shirts work great for sun protection, performed as UPF SPF shirtsVarious Use: Perfect for sports such as golf and tennis, wearing to the office, or lounging around homeWarm Tips: To ensure that you get a right fit, we recommend checking sizing chart before purchase. If you are stronger and taller than other regular, please choose a bigger size than you usually wear. Note: These summer collared shirts are machine washable, but need tumble dry LOW!",45.99
B07FMZ31SR,Clothing,POLO Store,"POLO RALPH LAUREN Men's Classic Fit Cotton V-Neck Undershirts, 3 Pack",A quality Polo Ralph Lauren staple for your wardrobe essentials.Soft-ribbed cotton fabrication with a body hugging fit.Moisture-wicking fabric for all-day comfort.V-neckline.Short sleeve design.,49.5
B0CXDL2NP6,Clothing,OYGSieg Store,OYGSieg 6 Pack Mens Polo Shirts Performance Short Sleeve Golf Shirt Moisture Wicking Athletic Casual Collared T-Shirt,"Performance Fabric Blend: material blend of 95% polyester and 5% spandex, ensuring our men's polo shirts are lightweight, breathable, and incredibly soft.Advanced Moisture-Wicking Technology: Stay cool and dry in any condition with our moisture-wicking fabric. This technology efficiently moves sweat away from your skin to the dry areas of the shirt, ensuring quick drying while maintaining a soft and breathable feel.UPF 50+ Sun Protection: Men's Golf Shirts, made with light-weight fabric boasts UPF50+, protect you from uv rays all day long.Stylish Design Elements: Elevate your appearance, adding a touch of sophistication to your ensemble. The lightweight tech fabric not only enhances style but ensures a quick dry, making it the perfect companion for seasons like Spring, Summer, and Autumn.Versatile Occasions: Our Men's Quick-Dry Golf Polo is more than just a golf shirt. It's perfect for daily wear, work, sports, and the new Work-From-Home normal. Whether you're attending Zoom calls or enjoying outdoor activities like golfing, hiking, or fishing, this shirt is your go-to companion. Share the comfort with family and friends – it makes an ideal gift.",49.99
B09MHPSWY2,Clothing,ZITY Store,ZITY 5 Pack Mens Polo Shirt Short Sleeve Sports Golf Tennis T-Shirt Moisture-Wicking Summer Shirts,"QUALITY MATERIAL: This men’s polo shirts short sleeve made from Polyester Spandex, offering lightweight, moisture wicking, soft hand-feel, four way stretch, keep you cool and breathableCOLOR AND SIZE: Our mens golf polo short sleeve based on US regular fit: M, L, XL, XXL, 3XL and multiple colors for choice, allowing for great mobility in any directions and making you have different look everydaySTYLISH FEATURE: Our mens casual shirts, button placket and simple look that make this golf polo shirt a go-to for the office or the vacationOCCASION: This mens shirts casual is easy to match for a daily look, can be a business casual shirt,also perfect for sport, golf, tennis and other outdoor activities. Great gift for husband, friends or boyfriendsWASH TIP: Machine wash, anti-fading and anti-pilling, do not bleach",105.99
B06VZ3RCYS,Clothing,Hanes Store,"Hanes Men’s X-Temp Short Sleeve Polo Shirt, Midweight Men's Shirt","SO SOFT - Midweight pique fabric feels super-soft up against your skin.KEEPS YOU COMFORTABLE - X-Temp technology is designed to keep you cool and dry, no matter what the day brings.ODOR CONTROL - FreshIQ advanced odor protection technology attacks the odor-causing bacteria in your clothing.STAY-FLAT COLLAR - Classic polo style featuring a ribbed stay-flat collar.FRONT BUTTON PLACKET – Men’s shirts are accented with a tailored 3-button placket.TEARAWAY TAG - Simply remove the tearaway tag for itch-free comfort.",19.0
B0B47Q6QYP,Clothing,POLO RALPH LAUREN Store,POLO RALPH LAUREN Men's Slim Fit Stretch Crew Tee,Soft Breathable FabricLay Flat CollarWicks Away MoistureTag FreePolo Pony Embroidery,51.785714285714285
B0BPHD8XCN,Clothing,POLO RALPH LAUREN Store,POLO RALPH LAUREN Slim Fit Undershirt w/Wicking 5-Pack Crews,Bring that simplicity to your elegant attire with the Polo Ralph Lauren P5 Slim Fit Crews T-Shirt Set.Crew neckline.Short sleeves.Pull-on construction.Straight hemline.,69.5
B005LCMU00,Clothing,U.S. Polo Assn. Store,"U.S. Polo Assn. Men's Classic Polo Shirt, Two-Button Closure Pique Polo Shirt, Summer Fashion Golf Shirt",Short-sleeve polo shirt featuring two-button placket and embroidered logo on chestRibbed collar and cuffs,21.99
B0DSBXZY87,Clothing,GEEK LIGHTING Store,GEEK LIGHTING Mens Waffle Polo Shirts Short Sleeve Summer Casual T-Shirts Moisture Wicking Collared Golf Shirt with Pocket,"Waffle Texture: Composed of 95% polyester and 5% spandex, the distinctive pattern on this polo shirts for men provides a richly textured surface. It is lightweight and breathable making it perfect for all-day wearOriginal Design: this mens waffle polo shirt have a chest pocket with a leather label ,which is convenient for you to carry small items such as cards, keys and headphones, making it a versatile wardrobe staple that can be worn for a variety of occasionsVersatile Occasion: Suitable for all seasons, this short sleeve polo shirts for ment is perfect for dates, parties, office work, outdoor activities, golfing, vacations, and everyday outings. Its classic and versatile design makes it an ideal gift for husbands, fathers, grandfathers, or friendsVersatile Occasion: Suitable for all seasons, this collared polo shirt is perfect for dates, parties, office work, outdoor activities, golfing, vacations, and everyday outings. Its classic and versatile design makes it an ideal gift for husbands, fathers, grandfathers, or friendsCare Instructions: Polo t shirts for men with pocket can be machine washed in cold water; do not bleach. Before ordering the GEEK LIGHTING men's waffle texture polo shirt, please refer to our size chart image to ensure the best fit",40.99
B0C8GBQ3QS,Clothing,HUAKANG Store,3 Pack Mens Polo Shirts Short Sleeve Sport Golf Tennis T Shirt Quick Dry Athletic Workout Polo,"Material:Men's Polo Shirt made of 100% polyesterComfort and Lightness:Men's golf polo shirts are made of soft, lightweight, comfortable, moisture wicking, breathable, keeping you dry all day longDesign:This polo shirt features a simple and stylish collar with a three-button closure and color-blocked sleeves, making it for golf, tennis and other outdoor sports, as well as for everyday business, work and casual wearOccasion: men polo shirt short sleeve can be used for many occasions, home leisure wear, outdoor sports, you can wear it to participate in sports, running, fitness, jogging golf, tennis, equestrian and other activitiesCare and Sizing Note:Machine wash cold, hand wash, machine wash, fade-proof, anti-pilling, do not bleach; If you like loose polo shirts, we suggest you choose one size up",33.99
B00GZIT5A2,Clothing,Brand: U.S. Polo Assn.,U.S. Polo Assn. Men's Crew Neck Pocket T-Shirt (Color Group 2 of 2),Solid short-sleeve T-shirt featuring crew neckline and chest pocket with contrast logo embroidery,26.0
B08SM3CDLN,Clothing,ZITY Store,ZITY Mens Polo Shirt Short Sleeve Sports Tactical T-Shirt Athletic Golf Polos Daily Casual Stylish Collared Shirts for Men,"FABRIC FEATURES: Soft, Lightweight, Breathable, Comfortable. Casual Short Sleeve Summer Polo Shirts for MenUNIQUE DESIGN: Men's athletic polo shirt the ring buckle design under the placket is convenient for carrying sunglasses/microphones. Sleeve pocket design makes it easy to carry small items such as keys/headphonesMOISTURE WICKING: Men's golf polo shirts are made quality four-Way Stretch/breathable and Moisture Wicking fabric helps to wick away moisture and rapid cooling technology keep you cool. A synthetic of polyester and spandex can be very durable, abrasion-resistant, and stretchy enough to allow for better mobilityALL DAY COMFORT: Mens polo shirts are suitable for various occasions such as business casual, company, work, tennis, golf, soccer, tactical training, vacation travel, daily casual, fitnes, jogging, holiday, walking, festival, football sports or four seasons all day wear. Of course these men casual stylish shirts are always the best gift for family and friendsWASH TIP: Machine wash/Hand wash. Don't Bleach. Our polo shirts for men last long and well made, great value. Easy to care for, fantastic coming out of the dryer, good enough to be a golf shirt or business casual. Please refer to the measurement chart when you place the order. Click our store to view more our golf apparel",37.99
B0DCP4FHYY,Clothing,POLO RALPH LAUREN Store,POLO RALPH LAUREN Boys' Multi-Pack Short Sleeve Undershirt,"BREATHABLE STRETCH COTTON: Unmatched coolness and comfort all day long; perfect for active days and relaxed moments alike.4D-FLEX STRETCH: Stretch technology in these undershirts redefine comfort by allowing unrestricted movement.SOFT AND COMFY: The comfort of soft, breathable fabric against the skin.MULTI-PACK CONVIENCE: More value, more choices, less hassle.SIGNATURE PONY EMBROIDERY: Classic style, with a stylish touch that your kids will love.",40.0
B07JBRGFH4,Clothing,Gildan Store,"Gildan Men's Crew T-Shirts, Multipack, Style G1100","Soft, breathable cottonMoisture wicking technology keeps you cool and dryTag-free to prevent irritationClassic length for easy tuckingDurable stitchingLay-flat collar",18.99
B07FMXG9PB,Clothing,POLO RALPH LAUREN Store,Polo Ralph Lauren Men's Slim Fit Cotton V-neck Undershirt 3-pack,A quality Polo Ralph Lauren staple for your wardrobe essentials.Slim fit tee crafted from a moisture-wicking cotton fabric for all-day comfort.V-neckline.Short sleeve design.Embroidered signature pony at left hem.,49.5
B01AZ4DAJ8,Clothing,Brand: U.S. Polo Assn.,U.S. Polo Assn. Men’s Undershirt – 4 Pack Crew Neck Short Sleeve T-Shirt,100% CottonImportedPull On closureMachine Wash,30.0
B01BDZMRR4,Clothing,POLO RALPH LAUREN Store,Polo Ralph Lauren Men's Jersey Short Sleeve Tee,Embroidered pony logo accents left chestRibbed crewneckMachine washClassic fit,51.785714285714285
B00PUAO7MM,Clothing,Brand: U.S. Polo Assn.,"U.S. Polo Assn. Men's Solid Short Sleeve Interlock Polo Shirt, Golf Shirts for Men, Business Casual Polos",Two-button polo shirt featuring short sleeves and contrast embroidery at chest,28.0
B07J6784R8,Clothing,Nautica Store,Nautica Men's Classic Fit Short Sleeve Dual Tipped Collar Polo Shirt,"Stand collar, 3-button placket closureRibbed collar & cuffs, hem with slitsPull On closureMachine Wash, Cuello alto, cierre de solapa de 3 botonesCuello y puños acanalados, dobladillo con aberturas, Stand collar, 3-button placket closure",21.95
B01AZ4DAKM,Clothing,Brand: U.S. Polo Assn.,U.S. Polo Assn. Men's Undershirts - 4 Pack V Neck Undershirts for Men (S-XL),"OFFICIAL U.S. POLO ASSN: Cotton Undershirts for Men Pack of 4; Authentic and officially sanctioned by the United States Polo Association; More than just a brand – it’s an experienceTAG FREE COMFORT: Soft and comfortable undershirts for men with a tag-free design for all-day comfort. These V-Neck undershirts stay hidden under dress shirts, button-downs, and sweaters, ensuring a smooth, irritation-free fit.CLASSIC FIT: Designed to be snug without being restrictive and loose without being baggy, the classic fit of these V-Neck undershirts makes them the perfect base layer t-shirt for men. Ideal for layering under any outfit, they provide comfort and versatility.MULTIPACK VALUE: Get exceptional value with this 4-pack of lightweight and breathable basic undershirts for men. Stock up on this essential wardrobe item and always have a fresh undershirt ready for any occasion.EASY CARE: These undershirts are easy to care for, simply machine wash and tumble dry. Designed to maintain their shape and softness, they are a practical addition to any man's wardrobe. Please refer to the product description for more details.",28.0
B07BN24BLX,Clothing,Nautica Store,Nautica Men's Short Sleeve Solid Stretch Cotton Pique Polo Shirt,Casual styling and a stretch pique fabrication for the most comfortable fitPolo collar with a sporty buttoned placketShort sleeves,21.95
B01GH5JOJY,Clothing,Under Armour Store,Under Armour Men's Tech Golf Polo,"Textured fabric that's soft, light & breathable|Material wicks sweat & dries really fast|Anti-odor technology prevents the growth of odor-causing microbes",39.99
B07J9PZGX4,Clothing,Nautica Store,Nautica Men's Solid Crew Neck Short-Sleeve Pocket T-Shirt,Easy pullover styling with a casual crew-necklineShort sleeves; pocket at chestTrue to sizeEnsures a flattering fit with excellent wearing comfort,21.95
B01BDZMIK0,Clothing,POLO RALPH LAUREN Store,Polo Ralph Lauren Men's Classic Fit Jersey Short Sleeve Tee,"HIGH QUALITY COTTON - A must-have, high quality cotton jersey tee that will last for years.STANDARD, CLASSIC FIT - You will never go wrong with a classic. This bestselling standard casual t-shirt is accented with our signature embroidered pony at the left chest and also comes with a tagless neck label for optimal comfort.SHORT SLEEVES CREW-NECKLINE - A timeless wardrobe essential that will give you that old favorite kind of feel. It's available in great color variants you will surely love.MACHINE WASHABLE and DRYER FRIENDLY - Completely machine washable and dryer friendly, making it easy for laundering.",55.0
B0132MFEA8,Clothing,Hanes Store,Hanes Men's Short Sleeve X-Temp Performance Polo,"QUALITY FABRIC - This sporty men’s polo shirt is crafted from a soft knit cotton blend for all-day comfort. (60% Cotton/40% Polyester, Light Steel 90% Cotton/10% Polyester)ODOR PROTECTION - Built with FreshIQ, this odor protecting technology attacks odor-causing bacteria so you can feel fresh all day.MOISTURE-WICKING - Hanes men’s polo shirt is made from a moisture-wicking fabric with a dynamic vapor. The cotton-blend fabric will keep you cool and dry from day to night.COOL COMFORT - Created with Hanes X-Temp technology, this men’s polo shirt is designed to adapt to help keep you cool.BUTTON PLACKET - This men’s polo shirt is accented with a three-button placket featuring pearlized buttons.COLD WATER WASH - Hanes recommends machine washing this men's polo shirt in cold water to help reduce energy consumption.",19.0
B07FMY215J,Clothing,POLO RALPH LAUREN Store,POLO RALPH LAUREN Men's Classic Fit Cotton Tanks 3-pack,Get comfy in Polo Ralph Lauren Classic Fit w/ Wicking 3-Pack Tank Undershirts.Soft-ribbed cotton fabrication with a body hugging fit.Moisture-wicking fabric for all-day comfort.Scoop neckline.Sleeveless design.,49.5
B01MDOUGX4,Clothing,Lacoste Store,Lacoste Men's Short Sleeve Crew Neck Pima Cotton Jersey T-Shirt,Regular FitFan favorite short sleeve classic crew neckSoft premium Pima cotton jersey fabricShort sleeves for year-round versatilitySignature embroidered green crocodile on left chest,60.0
B0CS69YKZQ,Clothing,ROOMLINE Store,Men's Polo Shirts 2025 Short Sleeve Casual Polo T Shirt Color Block Slim Fit Golf Shirts with Pocket,"【SUPREME COOLING COMFORT】Our polo shirt made of premium polyester blend material,uniquely designed to provide a cooling,breathable,and soft touch for unmatched comfort【CLASSIC DESIGN】Men's fashion showcasing a classic polo neck with zipper closure style,our shirts feature a unique stripe splicing for a fashion,casual style.【LIGHTWEIGHT/MOISTURE WICKING】Our short sleeve polo shirts for men help wicks away the sweat,keeping you cool and relaxed all day long.【EASY MATCHING】Our polo T-shirts easily match with your casual pants, jeans, and various shorts,meeting your needs for any style and occasion.【VERSATILE FOR ALL OCCASIONS】Perfect for summer,outdoor wears for golf,tennis,traveling;daily wears for working, business, dating, parties, This men's polo shirt is also a great gift for family,son,friends or boyfriends",23.99
B07HR8C4X3,Clothing,Nautica Store,Nautica Men's Solid Deck Shirt,"Short sleeve with ribbed cuffsClassic fit, hem with slits, Manches courtes avec poignets côtelésCoupe classique, ourlet avec fentes, Short sleeve with ribbed cuffsClassic fit, hem with slits, Kortärmad med ribbade manschetterKlassisk passform, fåll med slitsar",21.95
B0BZZSK8TF,Clothing,Lacoste Store,Lacoste Men's Short Sleeved Ribbed Collar Shirt,"Lacoste, inventor of the polo since 1933. Original L.12.12 Polo. Made by LacosteThe Icon. Slim fit, adjusted ease on body Adjusted version of the Original L.12.12 polo in our iconic petit pique renewed every season in a new color paletteRibbed collar and cuffs, Side slits, Fake mother of pearl buttons 3cm green crocodile at chest",60.0
B07TF5NCTY,Clothing,MAGCOMSEN Store,MAGCOMSEN Men's Polo Shirt Quick Dry Performance Short Sleeve Tactical Shirts Pique Jersey Golf Shirt,"Material: Polyester, premium pique jersey fabric for comfy and soft feelingStyle: Classic polo shirts with 3-button placket and spread collar, a loop under the buttons suitable for hanging sunglasses or microphone, dual pen pockets on left sleeve for your convenienceQuick Dry: This men's short sleeve polo shirt features sweat-wicking material that pulls moisture away from the body to keep you cool and dryComfortable: underarm patch design reduces chafing, with slit hem and short sleeve allows this shirt for a wide range of motionIdeal For: Daily wear, work wear, camping, climbing, hiking, mountaineering, travelling, walking, fishing",35.99
B0BQVR9CCL,Clothing,POLO RALPH LAUREN Store,POLO RALPH LAUREN mens Classic Fit Undershirt W/Wicking Crews 5-pack,"TIMELESS CLASSIC FIT: The Polo Ralph Lauren soccer jersey is designed with a classic fit that effortlessly blends comfort and style. This relaxed yet refined silhouette ensures you look polished while maintaining ease of movement, making it an essential piece for both casual weekends and laid-back social gatherings.CREW NECKLINE: Featuring a traditional crew neckline, this regular T-shirt offers a clean and versatile look that complements a wide range of outfits. Whether layered under a jacket or worn on its own, the neckline maintains its shape while adding a subtle touch of sophistication to your ensemble.BREATHABLE SHORT SLEEVES: Designed for comfort in warmer weather, the short sleeves of this summer clothing for men allow for optimal breathability and freedom of movement. The thoughtful construction ensures that the sleeves stay in place, providing a neat and tailored appearance without sacrificing comfort.ICONIC EMBROIDERED BRANDING: The Polo Ralph Lauren logo, meticulously embroidered at the left hem, adds a signature touch of elegance to this short sleeves T-shirt. This subtle yet distinctive detail showcases the brand's heritage of quality and style, making it a must-have for those who appreciate understated luxury.COTTON COMFORT: Crafted from 100% high-quality cotton, this men’s cloth offers unparalleled softness against the skin while ensuring durability. The fabric is designed to retain its shape and color through multiple washes, and with its easy-care instructions—simply machine wash and tumble dry—this tee promises to be a reliable and low-maintenance addition to your wardrobe.",51.785714285714285
B07HR877BN,Clothing,Nautica Store,Nautica Men's Short Sleeve Solid Crew Neck T-Shirt,J class at chestClassic t-shirt with a casual crew neckline and short sleeves,21.95
B0D5FXL1NC,Clothing,POLO RALPH LAUREN Store,POLO RALPH LAUREN Men's 4d Flex Cooling Ventilation Cotton Modal Crew Undershirts,"Advanced Cooling Technology designed to Adapt to Your BodySuper Soft Fabric with Four Way Stretch for Freedom of MovementOdor Control Mesh Inserts underarm to Keep you Fresh throughout the dayLay Flat Collar, Smooth Flat Seams and Tag Free for ComfortStays Tucked",49.5
B0DJ6QSC4R,Clothing,COOFANDY Store,COOFANDY Knit Polo Shirts for Men Short Sleeve Textured Polo Shirt Slim Fit Summer Collared T Shirt with Pocket,"【KNIT FABRIC】: Coofandy mens short sleeve polo shirt is made from soft knitted fabrics which are comfortable, lightweight, skin-friendly，stretchy and breathable material.Slim fit polo shirts will give you comfort and flexibility. Suits for spring, summer or autumn.【Features】: This muscle polo shirts for men is designed with waffle textured pattern, short sleeve, lapel collar, ribbed hem and cuff, classic and awesome fit, 3 buttons placket fastening polo t shirt is stylish and simple, yet with a retro flavor.【Match】: Men's knit polo shirts are a versatile and easy-to-match staple in any wardrobe. For a retro look reminiscent of the 1950s and 1960s, pair this Italian-knit piece with mid-to-high waist trousers and loafers, vintage big and tall polo shirt can also match khaki pants or white shorts for classic or vacation outfits.【OCCASIONS】: Mens short sleeve golf polo is suitable for dating, party, office work, outdoor, golf, vacation, street and casual looking, classic and versatile, perfect gift for your husband, dad, grandpa and frends.【GARMENT CARE】: The business polo shirts machine washable and easy to maintain. Please check size chart before ordering these men’s casual golf polo shirts to ensure accurate fitting.",27.99
B07GP4Q8Z5,Clothing,Brand: Nike,Nike Mens Dri-FIT Short Sleeve Polo Shirt,"ATTENTION BUYER: Embroidered Swoosh design trademark at the ""RIGHT SIDE"" of the chestDouble knit flat back mesh body fabric with a self collarButton closureThree-button front placket",47.82
B0BXSP3W6R,Clothing,BALENNZ Store,BALENNZ Golf Polos for Men Quick-Dry Athletic Mens Polo Shirts Short Sleeve Summer Casual Moisture Wicking Golf Shirt,"The Ultimate Shirt: BALENNZ’s moisture wicking polo shirts for men are a staple piece in your wardrobe. With a casual look and super comfortable fabric, these polo t-shirts for men are your go-to choice each morning.Premium Fabric: Our men’s polo shirts short sleeve are made with a superior material blend of 90% polyester and 10% spandex. The shirts are lightweight, breathable, and very soft so you can wear them all day long.Moisture Wicking Polo: These polo shirts have a moisture wicking feature that keeps your skin dry. These short sleeve shirts for men are great for any casual outfit but they are also a good option for golf shirt.Great Fit: Our men’s short sleeve shirts with classic solid color. The simple button collar is more comfortable, while the slim fit design looks great on virtually all men.Pick Your Style: These mens polo shirts short sleeve come in a wide range of colors suitable for your style. Additionally, they are available in several sizes and come in packs ranging from 1 to 4 shirts per set.",76.99
B09TK9248H,Clothing,ZITY Store,ZITY 4 Pack Mens Polo Shirt Short Sleeve Sports Golf Tennis T-Shirt Athletic Collared Tactical Shirts,"DESIGNS: Right sleeve with a pocket of the polo shirt for carrying your small accessories. A hook under the button, suitable for diagonally hanging sunglasses or pensMOISTURE WICKING: Wicks away moisture remarkably fast by incorporating soft and breathable fabrics with rapid cooling technology to keep you cool with all-day comfort even when the competition heats upALL DAY COMFORT: This men's golf polo shirt is a comfortable polo shirt.Lightweight, soft and breathable stretchy fabric to give you a cool feeling in the hot summerMULTI USE: Perfect for your any workout and sports, like tennis, golf, fitness, running, cycling, soccer, all purpose style of it is good for matching any kinds of pantsWASH TIP: Machine wash, anti-fading and anti-pilling, do not bleach",95.99
B0D9GXG945,Clothing,Qekoma Store,Men's Casual Polo Shirts Classic Long Sleeve Basic Button T-Shirt Lightweight Cotton Golf Tops with Pocket,"[Feature]:These mens polo shirts with collar can be paired with a casual and business style.Delicate front pocket button design make these Men's long sleeve polo shirts more classy,high stretch,no pilling and no wrinkling,convenient to wear,pair it jeans, casual pants for a stylish look.[Material]:The mens long sleeve tee shirts super soft and lightweight,moderate stretch and fitting cutcomfortable,keep you warm in cold days, making it more comfortable,is true classic tees men.[Design]:The mens shirts has a classic basic style,solid color,button closure and classic lapel collar design,casual fit.It features moisture wicking and air permeable,this soft and lightweight polo shirt comes in a variety of colors,classic cut long sleeve soft cotton fabric make this polo a go to for the office or the weekend.[Occasion]:Mens long sleeve shirt suitable for fall, winter and spring.Comfortable and slim fit casual wear,suit for any casual occasions,such as daily wear,business,office,work,date,golfing,outdoor,party,travel,camping,street etc.A perfect gift at Christmas, Halloween, birthday and Father's Day for husband, dad and boyfriend.[Note]:Qekoma polo shirts for men are machine washable, stardard US size.Please carefully refer to the tshirts size chart before ordering.Any problem about our product,please feel free to contact with us,we will respond and resolve your issues in a timely manner.Look forward to your choice.",27.99
B010C7M9Z4,Clothing,Hanes Store,"Hanes Men's Cool Dri Polo Shirt, Quick-Drying Performance Polo For Men, 40+ Upf Protection","QUALITY FABRIC - Hanes Sport jersey knit fabric works overtime to keep you cool and dry. (100% Polyester)MOISTURE-WICKING - Cool Comfort moisture-wicking fabric works to wick away wetness, keeping you cool and dry.QUICK DRY - Hanes Sport men’s polo shirt features innovative Cool DRI technology, allowing the fabric to dry faster.BUTTON PLACKET - This men’s polo shirt is accented with a three-button placket featuring pearlized buttons.SHOULDER SEAMS - Hanes Sport polo shirt is detailed with rolled shoulder seams for a better fit. The classic design also features a ribbed knit collar for added style.COLD WATER WASH - Hanes recommends machine washing this men's shirt in cold water to help reduce energy consumption.",22.0
B0DPWXCXBX,Clothing,OYGSieg Store,OYGSieg 5 Pack Mens Polo Shirts Quick Dry Performance Tactical Short Sleeve Golf Polo Shirts Casual Stylish Collared T-Shirts,"Premium Fabric: Made of high-quality polyester, our tactical polo shirt has soft, breathable pique jersey fabric for ultimate comfort in any setting.Functional Design: It features a 3-button placket, spread collar, a button loop for sunglasses or mic, and Sleeve pocket design makes it easy to carry small items such as keys/headphones.Quick-Drying: Advanced sweat-wicking material rapidly draws moisture away, keeping you cool and dry during intense activities like hiking or training.Comfortable: The smooth side seams minimize chafing, and the slit hem with short sleeves allows for unrestricted movement, ensuring you can move freely in any situation.Versatile: Perfect for daily wear, work, outdoor adventures like camping and fishing, as well as tactical operations and training.",49.99
B0CQY7PMMK,Clothing,TACVASEN Store,TACVASEN Mens Polo Golf Shirts with Pocket Pique Cooling Performance Moisture Wicking Polo Shirts,"[FABRIC]Our premium blend fabric polo features a raw yarn texture that provides ultimate comfort every time you wear it.[COOL FEELING]For all-day comfort, we've incorporated cooling technology into the fabric, which keeps you cool and dry.[MOISTURE WICKING]The polo's excellent moisture wicking properties keep you dry and comfortable, making you feel healthier while wearing it.[CLASSIC STYLE]Designed with a classic style featuring a three-button placket, split neckline, side slits, and a convenient left chest pocket, this polo combines style and practical, making it the perfect addition to your wardrobe.[OCCASION]Whether you're on the golf course, hiking trails, or embarking on an adventure, our polo is the perfect companion for your active lifestyle.",24.98
B077ZJXCTS,Clothing,Gildan Store,"Gildan Men's Crew T-Shirts, Multipack, Style G1100","Soft, breathable cottonMoisture wicking technology keeps you cool and dryTag-free to prevent irritationClassic length for easy tuckingDurable stitchingLay-flat collar",18.99
B08F2P8CS9,Clothing,Fruit of the Loom Store,"Fruit of the Loom Men's Undershirts, Moisture Wicking & Tag Free, Short Sleeve Crew T-Shirts","6 pack Assorted Crew T-ShirtsSoft, Double stitched lay flat collar won’t rub or irritateTag-free for all-day comfortSoft covered seams on neck and shouldersThis is an assorted color pack. This pack may contain all solids, all prints or a combination.",21.48
B077ZJC1N9,Clothing,Gildan Store,"Gildan Men's V-Neck T-Shirts, Multipack, Style G1103","Soft, breathable cottonMoisture wicking technology keeps you cool and dryTag-free to prevent irritationClassic length for easy tuckingDurable stitchingLay-flat hidden collar",19.99
B086L57B7J,Clothing,Hanes Store,"Hanes Men's Cotton, Moisture-Wicking Crew Tee Undershirts, Multi-Packs Available","America's #1 Men's Underwear Brand - Source: Circana/Consumer Tracking Service, U.S. Sales, Underwear Bottoms and Undershirts, 12 months ending November 2023.CLASSIC FIT - Just-right standard fit, not too tight and not too loose.QUALITY FABRIC – These men’s t-shirts are crafted from soft, breathable cotton. Heathered styles are 75% cotton/25% polyester.KEEP COOL & FEEL FRESH - Cool Comfort moisture-wicking technology wicks away moisture to keep you cool and comfortable. Advanced odor protection technology attacks odor-causing bacteria to keep you feeling fresh.STAYS TUCKED - A longer hem length is designed to stay tucked in.DESIGN DETAILS - A crewneck collar is designed to lay flat, while a tag-free interior eliminates the itch caused by scratchy tags.",21.34
B0BV257YG8,Clothing,COOFANDY Store,COOFANDY Men's Linen Shirts Short Sleeve Casual Shirts Button Down Shirt for Men Beach Summer Wedding Shirt,"COOFANDY LINEN SHIRT --- Mens Casual Button Down shirt is made of high quality cotton linen fabric. Feature with Breathable, Lightweight, Skin-friendly, which can resistant shrink, provide you feeling cool and comfotable all dayCASUAL & FASHION --- Mens Casual Linen Shirts comes with button-down closure, short sleeve, adjustable cuff, silm fit, solid color. Casual Beach Style Design to make you feel better about this summerMENS SUMMER OUTFIT --- Mens Summer Shirts Short Sleeve is great to match with beach shorts, solid t-shirts, casual pants, casual shorts. Pair with shorts, sunglasses,a hat, and canvas shoes for your perfect vacation style on the beachOCCASION --- Mens Cotton Linen Shirts For Beach suitable for beach, yoga, vacation, informal business, party, holiday, dating, wedding, travel, streetwear or any casual daily wear. Great for Summer, Spring, bring this Linen Button Down Shirts to Enjoy your Leisure TimeWARM TIPS --- Low temperature hand wash or machine wash, hang to dry. Regular fit. The Size is US Size. Please refer to our SIZE CHART for selection",34.99
B07VTSD48H,Clothing,Liberty Imports Store,5 Pack Men’s Active Quick Dry Crew Neck T Shirts | Athletic Running Gym Workout Short Sleeve Tee Tops Bulk,"ATHLETIC CREWNECK SHIRTS: Elevate your workout gear with our pack of 5 premium men's athletic crewneck shirts. These shirts provide the perfect blend of comfort and performance, whether you're pumping iron, hitting the track, or just running errands.ACTIVE STYLE: Look and feel great in the gym with our set of 5 premium athletic crewneck t-shirts in solid colors. Perfect for layering or wearing solo, these shirts will give you the confidence you need to crush your workouts and stand out in the gym.GAME CHANGER: Say goodbye to sweaty, uncomfortable shirts with our quick-drying fabric that wicks away moisture and keeps you cool and dry. The breathable material easily dissipates heat and feels ultra-soft on the skin.MOVE WITH EASE: Enjoy a non-restrictive cut and 4-way stretch construction that allows for optimal range of motion, so you can tackle any activity with ease. Our shirts also feature a tag-free neckline for distraction-free training.MEN'S GYM STAPLES: Add some flair to your gym wardrobe with our stylish and vibrant athletic crewneck shirts. Designed with your comfort and performance in mind, these shirts are a true classic that will never go out of style.",59.95
B07DRMT92L,Clothing,Real Essentials Store,Real Essentials 5 Pack: Men’s Short Sleeve Dry Fit Active Crew Neck T Shirt - Athletic Running Gym Workout Tee Tops,"ACTIVE CREW T-SHIRTS: Elevate your workout gear with our pack of 5 men's athletic workout shirts. These camisas Para hombres provide the perfect blend of comfort and performance, whether you're in the gym, running on the track, or just doing errands.ATHLETIC STYLE: Look and feel great in the gym with our pack of 5 active workout t-shirts in solid colors. Perfect for layering or wearing alone, these shirts will give you the confidence you need to excel your workouts and lead in the gym.WORKOUT TRANSFORMER: Say goodbye to sweaty T-shirts with our quick-drying dry-fit fabric that wicks away moisture and keeps you cool and dry. The breathable dry fit material easily cools heat and feels super-soft on your skinWORKOUT WITH FREE MOTION: Enjoy a non-restrictive cut and 4 way stretch construction that allows for optimal range of motion, so you can tackle any activity with ease. Our shirts also feature a tag-free neckline for pure comfort trainingGYM STAPLES FOR MEN : Add some style to your gym wardrobe with our stylish and vibrant men’s athletic crewneck shirts. Designed with your comfort and performance in mind, these shirts are a true classic that will never go out of style.",50.0
B0CCT3WHSS,Clothing,True Classic Store,True Classic Mens T-Shirts - Short Sleeve Crew Neck Plain Novelty T Shirt for Men,"PERFECT FIT WITH A CONTEMPORARY EDGE: Designed for a modern, athletic fit, these men's t-shirts hug you in all the right places without being too tight. Thanks to the classic side seam, you’ll always look sharp.PREMIUM FABRIC BLEND THAT DELIVERS: Made with 60% combed ringspun cotton and 40% polyester, our mens tshirt offers unbeatable softness and durability. Plus, it barely shrinks—because laundry happens.TAG-FREE T-SHIRTS FOR COMFORT ALL DAY LONG: Forget itchy tags! These mens t shirts feature a screen-printed soft tag for maximum comfort. Wear it once, and you’ll never go back to those scratchy old mens tee shirts.KEEPS SHAPE & COLOR: All the durability with minimal shrinkage, no-stretch tshirts for men that hold up wash after wash. If you prefer a mens white tee shirt, or the timeless black t shirt, we’ve got you covered.PERFECT FOR EVERY OCCASION: Get a mens t-shirts multipack or single unit. With black tee shirts or white tee shirt for men we offer versatile style for dressing up, dressing down, or wearing on repeat—your ultimate wardrobe MVP.",89.97
B0BPF1R8KC,Clothing,Champion Store,"Champion Men's Classic Everyday Soft, Comfortable T-Shirt (Regular or Big & Tall)","THE FIT - Standard-fit men's Big & Tall T-shirt for easy, all-day comfort.THE FEEL - Crafted with a soft, 5.5 oz. cotton or cotton blend, this men's tee feels great on.THE LOOK - Classic short-sleeve style with ribbed crew neckline and soft back neck tape.YOU’VE GOT OPTIONS - Find this bestselling men’s tee in staple to statement colors.SPOT THE C - Iconic C logo at the chest and left sleeve is recognizable on and off the field.Note: C logo patch color may vary from image.",20.0
B00NOY3JKW,Clothing,Hanes Store,"Hanes Men's Beefy-T T-Shirt, Heavyweight Cotton Tee, 1 Or 2 Pack, Big & Tall","HANES QUALITY - Men’s tees are made with a high-density stitch count, double-needle stitching, and shoulder-to-shoulder taping.HOLDS ITS SHAPE - The ribbed crewneck lays flat and holds its shape for a tee that's made to last.ROOM TO MOVE - A full cut in these men’s undershirts gives you extra room to move.COTTON GOODNESS - Soft and strong 6-oz. ringspun cotton feels great for comfort that lasts. (Heathered colors are a cotton blend.)BIG & TALL SIZES - Need more room? These classic men's short-sleeve tees are available in Big Men's sizes up to 6XL.COLD WATER WASH - Hanes recommends washing this men's t-shirt in cold water to reduce energy usage.",12.0
B08BC4HDS2,Clothing,Brand: MCPORO,Workout Shirts for Men Short Sleeve Quick Dry Athletic Gym Active T Shirt Moisture Wicking,"HIGH-PERFORMANCE ACTIVEWEAR: We combine soft, breathable and stretchy fabric with a functional and modern design to bring you men’s athletic wear t-shirts that will give you the extra support you need to push your limits while playing or working outSOFT & COMFORTABLE: Our moisture-wicking t-shirts are made with comfort and functionality in mind. This is why each shirt is made using 4-way stretch fabric that’s gentle on the skin and flexes with your body to bring you mens athletic shirts you can comfortably wear all dayBETTER WAY TO WORKOUT: The moisture-wicking short sleeve shirts provide you with the upper body support you need to push your limits while staying dry and cool. Great for most outdoor activities including sports, hiking, climbing, biking, cycling, weight lifting and just for daily useQUICK DRYING & MOISTURE WICKING: Thanks to the breathability of the fabric, our men’s workout shirts wick away moisture from the skin and dry quickly so you can stay dry around the clock making them the great choice for any men that want to enjoy comfortable workout sessionsSTAY READY ALL YEAR: We designed our workout shirts for men to offer protection against the sun, enhanced breathability and just the right fit making them the great choice for use around the year in every season. They can also be layered with other clothes to create eye-catching combinations",43.99
B078LC7GCX,Clothing,Champion Store,"Champion Men's T-Shirt, Classic Graphic T-Shirt, Soft and Comfortable T-Shirts for Men, Script Logo (Reg. or Big & Tall)","THE FIT - Standard-fit men's t-shirt.THE FEEL - Comfortable, 5.5 oz cotton or cotton blend that's extra soft.THE GRAPHIC - Classic script sits on the chest of this men's tee.SPOT THE C - Iconic C logo patch hits at the sleeve.EASY CARE - Machine wash this men's t-shirt on cold with like colors for easy care that reduces energy use.Note: C logo patch color may vary from image.",25.0
B0D266SMGD,Clothing,HovSiyla Store,1/5 Pack Workout Shirts for Men Athletic Running Gym Quick Dry Short Sleeve Performance Moisture Wicking T Shirt,"【LOOSE FIT】: The loose fit of our short sleeve shirt provides maximum comfort and style. It's perfect for those who prefer a relaxed, casual look.【RAPID DRYING】: Stay dry and comfortable with fast-drying technology. Moisture-wicking fabric ensures rapid evaporation, ideal for intense workouts or outdoor activities.【VERSATILE STYLE】: This athletic casual shirt is incredibly versatile. Its classic style and neutral colors make it easy to pair with any bottom, suitable for various occasions and styles.【LIGHTWEIGHT & SOFT】: Made of experience ultimate comfort with a lightweight material, this exercise tops is perfect for all-day wear. It won't weigh you down, no matter how long you wear it.【MULTI SENCE】： Whether you’re hitting the gym, going for a run, or running errands, this quick dry workout t-shirt is perfect for multiple scenes. Stay stylish and comfortable throughout the day with its functional design.",22.99
B002GHC19I,Clothing,Carhartt Store,Carhartt Men's Loose Fit Heavyweight Short-Sleeve Pocket T-Shirt,Rib-knit crew neckSide-seam construction minimizes twistingLeft-chest pocket with sewn-on Carhartt labelTagless neck labelPrev. Name: Workwear Pocket Short-Sleeve T-Shirt,19.99
B086L1PM8V,Clothing,Hanes Store,"Hanes Men's Pocket Undershirt Pack, Cotton Crew Neck T-Shirt, Moisture Wicking Tee, Assorted 6-Pack","America's #1 Men's Underwear Brand - Source: Circana/Consumer Tracking Service, U.S. Sales, Underwear Bottoms and Undershirts, 12 months ending November 2023.CLASSIC FIT - Just-right standard fit, not too tight and not too loose.QUALITY FABRIC – These men’s pocket tees are crafted from soft, breathable cotton. Heathered styles are 75% cotton/25% polyester.KEEP COOL & FEEL FRESH - Cool Comfort moisture-wicking technology wicks away moisture to keep you cool and comfortable. Advanced odor protection technology attacks odor-causing bacteria to keep you feeling fresh.STAYS TUCKED - A longer hem length is designed to stay tucked in.DESIGN DETAILS - A left chest pocket provides extra function and style while the crewneck collar is designed to lay flat. Tag-free interior eliminates the itch caused by scratchy tags.",19.4925
B01GH5KOZ2,Clothing,Under Armour Store,Under Armour Men's Tech Golf Polo,"Textured fabric that's soft, light & breathable|Material wicks sweat & dries really fast|Anti-odor technology prevents the growth of odor-causing microbes",39.99
B0BB2JC2QX,Clothing,ZITY Store,ZITY Men's Flannel Hoodie Shirts Casual Button Down Plaid Shirt Jackets for Men Long Sleeve Stylish Hooded with Pocket,"PREMIUM FABRIC: This men's plaid shirt is made of high quality flannel fabric, soft, skin-friendly, comfortable and breathable. Mens flannel Shirt will give you a more comfortable wearing experienceSTYLISH DESIGN: Men's button down shirt designed with a modern style, drawstring hood and button-down closure, plaid pattern, an utility chest pocket, wearcomfort and fashion senseEASY TO MATCH: The men's flannel hoodie can be paired with jeans, trousers, t-shirt, sweater, boot, leather shoes, etc. Available in a variety of colors and sizes, it's easy to find the perfect fit for youOCCASIONS: Men plaid hooded jacket shirt is often thought upon as the most versatile item a man can own. Men's long sleeve casual shirt is great for daily wear and various casual activities, such as lounging, street wear, shopping, casual daily life, traveling, working, office, and school, or as practical workwear, etc. Suitable for autumn, winter and spring. If there is ever a situation which brings with uncertainty regarding the dress code, the Flannel shirt is fail-proofNOTES: Men's plaid hoodie shirt is suitable for machine or hand washing and are not prone to pilling or fading. US size. Please choose the size refer to our SIZE CHART",40.99
B071WY2Q29,Clothing,Amazon Essentials Store,"Amazon Essentials Men's Crew Neck T-Shirts, Pack of 6, Versatile Basics,","SLIM FIT DESIGN: These men's crew neck t-shirts contour through the shoulders, sleeves, chest, and waistCOMFORTABLE COTTON JERSEY: Experience the softness of 100% cotton t-shirts with a ribbed knit and added stretchVERSATILE CREWNECK STYLE: The t-shirt's crewneck design is great for layering or wearing it on its ownDURABLE CONSTRUCTION: These t-shirts feature short sleeves, a straight hem, and super soft flexible stitchingHIGH-QUALITY AFFORDABILITY: Quality men's t-shirts at an affordable price",23.7
B09MHS6C6Z,Clothing,ZITY Store,ZITY 5 Pack Mens Polo Shirt Short Sleeve Sports Golf Tennis T-Shirt Moisture-Wicking Summer Shirts,"QUALITY MATERIAL: This men’s polo shirts short sleeve made from Polyester Spandex, offering lightweight, moisture wicking, soft hand-feel, four way stretch, keep you cool and breathableCOLOR AND SIZE: Our mens golf polo short sleeve based on US regular fit: M, L, XL, XXL, 3XL and multiple colors for choice, allowing for great mobility in any directions and making you have different look everydaySTYLISH FEATURE: Our mens casual shirts, button placket and simple look that make this golf polo shirt a go-to for the office or the vacationOCCASION: This mens shirts casual is easy to match for a daily look, can be a business casual shirt,also perfect for sport, golf, tennis and other outdoor activities. Great gift for husband, friends or boyfriendsWASH TIP: Machine wash, anti-fading and anti-pilling, do not bleach",105.99
B09S6VVX5B,Clothing,Gildan Store,"Gildan Unisex Adult Heavy Cotton T-Shirt, Style G5000, Multipack","Classic fit for loose comfortVersatile mid-weight fabric for year-round wearOur most popular t-shirtNon-topstitched, classic width, rib collarTear away label for customizable comfortScreen printing, embroidery, iron-on transfers, bleaching and tie dyE",18.99
B0CJTZLCQ2,Clothing,COOFANDY Store,COOFANDY Men's Cuban Guayabera Shirt Short Sleeve Button Down Shirts Casual Summer Beach Linen Shirts,"Premium Fabric --- Men's short sleeve cuban shirt is made of premium fabric, which is breathable, soft and skin-friendly, keeping you cool and comfortable in the summerCuban Guayabera Design --- Mens guayabera shirts features short sleeve, spread collar, button closure, cutout embroidery, relaxed fit. Distinct cuban design makes this shirt more fashionable and classicCollocation --- Men's button down short sleeve shirt makes a perfect versatile item that can be easily worn with shorts, jeans, trousers, jackets or suits. Add this summer shirt to your current collection for a sophisticated lookOccasions --- Casual summer shirts are suitable for beach,party,wedding,yoga,work,vacation,cruise,home or other casual daily wear. Perfect gift for husband, son, father, friendGarment Care --- Machine wash mens cuban button down shirt.Please read our size chart before ordering",28.24
B07NHW8Z3N,Clothing,Kingsted Store,Kingsted T-Shirts for Men Pack - Royally Comfortable - Super Soft Premium Fabric - Well-Crafted Classic Tee,"ROYALLY COMFORTABLE - Kingsted men's t-shirts are designed to look and feel like an old favorite. These super soft classic tees for men will quickly become your favorite comfy t-shirts you wear firstPREMIUM FABRIC - Our basic shirts for men are made with premium blend of polyester & cotton t-shirt fabric. The finish is a Wrinkle Resistant, Fast-Drying and Ultra-Durable high quality t-shirt for menCLASSIC TEES FOR MEN - Kingsted mens t-shirts are well-crafted true classic tees for men. These casual shirts for men have fitted side seams that help maintain shape better than tubular mens teesLONG LASTING - Kingsted colored t-shirts for men are heather dyed and maintain color much longer than other cheap cotton shirts for men. These lightweight polycotton t-shirts are exceptionally durableVALUE PACK - Bundle & Save on our short sleeve t-shirts for men packs. Kingsted's premium t shirts for men offer the same or more value as other designer t-shirts for men for a better price.",50.0
B0775MHKD6,Clothing,Amazon Essentials Store,Amazon Essentials Men's Regular-Fit Long-Sleeve Casual Poplin Shirt,"REGULAR FIT: Comfortable, easy fit through the shoulders, chest, and waist.WASHED POPLIN: Made from lightweight yet durable washed poplin, offering comfort and versatility for any season.EVERYDAY SHIRTING: With classic shirting details, the long sleeve poplin shirt is the perfect year-round wardrobe staple. Wear it tucked in for a polished look or untucked for casual sophistication. Pairs effortlessly with jeans, chinos, or shorts.DETAILS: Features a sturdy spread collar construction, a center front placket with secure button closure, and a classic shirt tail hem.",23.7
B074XY7MTG,Clothing,Hanes Store,"Hanes Men's Moisture-Wicking Crewneck Performance Undershirt, 5-Pack","Named Best Anti-sweat undershirt by Men’s Health” Menshealth.com – July 7, 2023.QUALITY FABRIC – Our men's white tee shirt 5-pack is made from moisture-wicking 60% rayon/40% polyester that's soft and moves with you.VALUE YOU EXPECT – Each everyday men's undershirts value pack comes with 5 crewneck T-shirts.BREATHABLE & MOISTURE-WICKING – X-Temp, double-dry technology helps wick moisture to keep you cool and dry all day.REMARKABLE ODOR CONTROL - FreshIQ odor protection technology even after a sweaty workout.SIZE OPTIONS – From men's shirt sizes Small-3XL, our multiple size options make shopping simple. Are oversized t-shirts your thing? Order a size up!",19.4925
B0CSWGBR4L,Clothing,HovSiyla Store,1/5 Pack Running Shirts Men Sport Tops Dry Fit Gym Wicking Athletic T Shirts Breathable Cool Workout Shirts,"【MOISTURE WICKING】: This quick dry short sleeve features fast sweat absorption, which allows sweat to evaporate quickly, keeping your body dry and cool, so that you can easily cope with sports or hot weather.【LIGHT AS A FEATHER】: Our running short sleeves are made of lightweight material to lighten the load and make you feel as if you're not wearing any clothes, while providing good breathability.【LOOSE-FIT DESIGN】: This athletic short sleeve applies a loose fit that doesn't constrict the body and offers freedom to stretch out, making you more comfortable and at ease during your activities.【SIMPLE BASIS】: This casual short sleeve adopts a simple design style, suitable for various occasions, whether for sports or daily wear, it can show your fashionable taste.【ALL-ROUND APPLICABILITY】: This moisture wicking short sleeve is suitable for a variety of scenarios, such as sports, traveling, leisure and so on.",22.99
B00B6EDB64,Clothing,Dickies Store,Dickies Men's Heavyweight Crew Neck Short Sleeve Tee,"SUPERIOR COMFORT FIT: Our classic crewneck pocket tee is made of 100% heavyweight, soft jersey-knit cotton. Extra-strong taped shoulder & neck seams for added durability. Tagless labeling eliminates chafing. Long tail looks good tucked or untucked.STURDY FUNCTIONALITY: This 100% preshrunk cotton shirt features a traditional chest pocket with pencil divider & a spacious fit with a long tail for all kinds of work activity. It's a sturdy, basic t-shirt that can be worn either alone or as an undershirtCLASSIC FAVORITE: Fans tell us our sturdy, tagless t-shirts are the ones by which all others should be measured. Try one on and see for yourself! You can wear it alone or as an undershirt, in a wide selection of colors & regular or big and tall sizes.TRUSTED NAME: The world's leading performance workwear brand, Dickies has been making quality workwear & apparel since 1922. All Dickies clothing offers superior craftsmanship & unmatched value to deliver classic style & long-lasting comfort every day.We make jeans, outerwear, school & work uniforms, sports shirts, kids wear, hats, socks, underwear, boots, gloves, belts, eyewear, backpacks, bags & much more.",16.99
B072QRN7HR,Clothing,Hanes Store,"Hanes Men's EcoSmart Fleece, Pullover Crewneck Sweatshirt, 1 or 2 Pack","FLEECE TO FEEL GOOD ABOUT - This men's pullover sweatshirt is made with cotton sourced from American farms.STAYS SOFT - Thick, sturdy fleece keeps this crewneck sweatshirt warm and cozy.UNISEX SIZING - This sweatshirt is designed with a standard men’s fit that also creates an effortless, oversized look for women. Female model is 5'8"" and wearing a size medium.MADE TO LAST - Double-needle stitching at the neck and armholes adds extra quality and sturdiness to this men's sweatshirt.CLASSIC SILHOUETTE - Basic crewneck sweatshirt shaping for that versatile look you love.BIG & TALL OPTIONS - This pullover sweatshirt is available in Big Men's sizing up to 3XL, so you can find your perfect fit.",18.0
B0CSJ417P3,Clothing,Brand: Kinglaman,5 Pack Mesh Workout Shirts for Men Dry Fit Gym Shirts Quick Dry Athletic Short Sleeve T-Shirt Moisture Wicking,"【Unbeatable Value】-5/6 pack workout shirts for men are the only Deal on Amazon. Pay less and Get More.【Moisture Wicking】- Dry fit t-shirts with quick drying properties to help you get rid of the sweat during exercise and keep dry all the time.【Athletic Tees Design】- Active t shirts for men with crew neck and short sleeve will make your excercise more comfortable. Using 4-way stretch fabric that’s gentle on the skin and flexes with your body.【High Performance Activewear】- Our sport tshirt is practical whether at home or in the gym, perfect for hiking, fitness, cycling, training, tennis, running, training, outdoor work etc.【Tagless And Easy Clean】- Our breathable top don't have sewn tags, so the tags won't wear your skin during training. They are machine washable.",21.99
B0CN2WFJLN,Clothing,OYGSieg Store,6 Pack Men's Quick Dry Long Sleeve Shirts Moisture Wicking Sun Protection Performance T-Shirt for Casual Workout,"Quick Dry & Breathable: These active shirts feature quick-dry and breathable technology, wicking away moisture to keep you comfortable.Perfect Fit and Soft: Our mens long sleeve t shirts are made using a blend of 95% Polyester, 5% Spandex Strike the ideal balance between comfort and flexibility with a sweatshirt that is neither too loose nor too tight.UPF Sun Protection: Shield yourself from harmful UV rays during your outdoor runs. The UPF 50+ sun protection feature ensures that you can focus on your run without worrying about sun damage.Comfortable Design：4 way stretch fabric coupled with the flat seams and breathable fabric keep you comfortable all day.Versatile Performance: These shirts are not just for running, you can use for various activities. Whether you're hiking, camping, surfing, fishing, working out, golfing or engaging in any outdoor adventure, this shirt ensures optimal performance.",49.99
B0C61X5ZD7,Clothing,duwqcui Store,3 Pcs Men's Oversized Heavy Cotton Summer T-Shirts Vintage Tee Loose Fit Short Sleeve Casual Tshirts for Men Women,"Size&Material:A Bit Small,Suggest You Choose ONE Size Larger Than Usual.This Tshirt Made from 100% premium cotton,feels ultra-soft and comfortable against your skin.You'll love the way it fits and feels!VINTAGE STYLE:Classic vintage faded color oversized cotton men's t-shirt will make you stand out from the crowd. It's a timeless piece that's perfect for any occasion.VERSATILE:Wear our men's tee to the gym, to the beach, or to any casual outing. It's a versatile piece that looks great with shorts, jeans, or sweatpants.LONG-LASTING:Made from heavy-duty cotton, our t-shirt is designed to withstand repeated washings and wearings. It won't shrink, fade, or lose its shape over time.Our casual t-shirt for men is a great for any occasion. Give it to your boyfriend, husband, brother, or friend for their birthday, Christmas, or any other special occasion.",38.99
B0B28SWXWP,Clothing,Alimens & Gentle Store,Alimens & Gentle Mens Solid Oxford Shirt Long Sleeve Dress Shirt Work Casual Button Down Shirts with Pocket,"Material: This casual shirt made in high-quality cotton for a breathable and strong feeling, button down collar design, oxford fabric will gets softer with each wearDesign: Mens solid dress shirt, long sleeve, button-down front closure, back pleat, adjustable cuff for a tailored look and ensuring more flexibility when movingOccasions: Casual Friday/Dating/Work/Office/Prom/Wedding/Concert/Perform/Party/Daily life, suitable for any casual occasions. It's also an ideal gift for husband, son, dad or friendsMatch: Shirt for men can be worn with or without a tie, classic design chest pocket holds your essentials, match with casual pants, dress pants, or jeansCare: Hand wash or machine wash cold; do not bleach, tumble dry low, low iron if necessary",29.99
B077ZH6ZRD,Clothing,Gildan Store,"Gildan Men's A-Shirt Tanks, Multipack, Style G1104","Soft, breathable cottonMoisture wicking technology keeps you cool and dryTag-free to prevent irritationClassic length for easy tuckingDurable stitchingRibbed fabrication",17.99
B07NWZ6PBF,Clothing,Real Essentials Store,Real Essentials 4 Pack: Men's Dry-Fit UV Moisture Wicking UPF 50+ SPF Sun Protective Fishing Hiking Active Long Sleeve Shirt,"Moisture-Wicking & Quick-Dry Performance: Stay cool and comfortable with our men's athletic shirts, designed with moisture-wicking and quick-dry fabric. These long sleeve tees are ideal for intense workouts, whether at the gym, running, or hiking. Available in black, white, blue, and orange, perfect for both casual and activewear. The cool dry fit technology keeps you feeling fresh in all conditions.Multi-Pack Essentials for Every Occasion: Stock up with our convenient multi-pack of dry fit t-shirts for men. From gym to construction work, these camisas para hombres and camisetas hombre are perfect for everyday wear, offering a lightweight and breathable fit. Choose from a variety of styles, including rash guard, compression shirts, and thermal options for colder months, ideal as winter sweatshirts or fall clothes.SPF & UPF Sun Protection: Enjoy superior sun protection with our quick-dry and compression t-shirts featuring SPF, UV, and UPF 50+ ratings. These work shirts are perfect for construction, fishing, golf, and other outdoor activities. Available in hi-vis orange for enhanced visibility during work or running, these manga larga tees are built for performance and protection.Versatile All-Season Wear: From fall to winter, these long sleeve t-shirts are perfect for layering or wearing solo. Crafted from breathable polyester, they provide warmth during cooler months while still being lightweight enough for summer activities. Great for casual wear, construction, or as an undershirt, these essential shirts offer durability and comfort throughout the year.Durable & Stylish Everyday Wear: Built to last, our good fellow playeras combine style and function. Ideal for work, gym, or leisure, these drifit shirts feature a comfortable fit and are available in classic black, red, white, and more. Whether you're on a construction site, hitting the gym, or going for a run, these adult tees offer reliable moisture-wicking and quick-dry features to keep you at your best.",50.0
B0C49Y4YXF,Clothing,Alimens & Gentle Store,Alimens & Gentle Men's Plaid Button Down Shirts Cotton Long Sleeve Dress Shirts Regular Fit Gingham Shirts,"Premium Fabric: The long sleeve plaid dress shirt is made of high-quality cotton polyester blend fabric, make you stay comfy, perfect for transitional weather",29.99
B0874W4WQ9,Clothing,Under Armour Store,Under Armour Men's HeatGear Compression Long-Sleeve T-Shirt,Super-light HeatGear fabric delivers superior coverage without weighing you downMesh underarm & back panels for strategic ventilationMaterial wicks sweat & dries really fastErgonomic design keeps seams off high abrasion areas & increases durabilityHybrid raglan sleeve construction for added range of motion & comfortWrite-in locker tag on back of neck for your initials or number,35.0
B0CW39BXTQ,Clothing,COOFANDY Store,COOFANDY Mens Short Sleeve Casual Button Down Shirts Summer Untucked Dress Shirts with Pocket,"LIGHTWEIGHT AND COMFORT: The COOFANDY Men's Short Sleeve Casual Shirt prioritizes comfort without compromising on style. The inclusion of soft fabric not only ensures a silky feel but also enhances breathability; allowing for a comfortable wearing experience throughout the dayMODERN LOOK: Embrace a modern aesthetic with men's short sleeve shirt; the urban design features classic shirt collar; button closure; timeless solid color and a regular fit tailored to complement most body types. This shirt effortlessly combines timeless style with contemporary flair, making it a versatile addition to your wardrobeEASY TO MATCH: A new fit for COOFANDY, Relax it's summer you have earned it; Whether paired with chinos or jeans for casual wear or dressed up with formal pants for special occasions, this shirt effortlessly adapts to your style, offering flexibility for a range of outfit choicesMULTIPLE OCCASIONS: This men's casual dress shirt is suitable for a variety of occasions; From weddings and date nights to business meetings and daily casual wear, it effortlessly transitions between different settings; Versatility is key, making it an ideal choice whether worn alone or as a base layer for additional styling optionsWARM TIPS: Machine washable for Mens Button Up Shirt. The convenience of easy care adds to the overall appeal of this exceptional garment. Please refer to our size chart carefully before you order",24.99
B0C9C7TKQ7,Clothing,Brand: Olidarua,Mens Casual Short Sleeve Henley Shirts Fashion Button T Shirts with Pocket,"Material: Cotton blend. It is lightweight, soft, breathable, comfy, stretchy and skin-friendlyFeature: Long sleeve, v neck, 3 buttons placket, regular fit, chest pocket, henley shirts for men.Match: Casual and classic style. You can pair this t shirt with jeans, jacket, sneakers, pants.Occassion: These long sleeve shirts are perfect for spring, fall, winter. Suit for work, sports, holiday, beach, lounge and daily wear.Gifts for men: Good gifts for husband, dad or boyfriend. Please refer to Size Information carefully in the last image.",19.99
B0CQLQLWXL,Clothing,COOFANDY Store,COOFANDY Men's Button Down Shirts Short Sleeve Casual Shirts Summer Beach Shirts Vacation Wedding Shirts with Pocket,"Premium Fabric: Mens Button Down Shirt is made of high quality material that is lightweight, comfortable, breathable and skin-friendly; the soft fabric provides you cool feel all day and give you a better wearing experienceStylish Design: The Summer Beach Shirt features with short sleeve, spread collar, button down closure, chest pocket and plaid pattern; classic shirts for men will make you feel handsome and elegant when you wear itCollocation: Short Sleeve Casual Shirt is great for spring, summer or fall; you can match with shorts, jeans or trousers for a casual look; pair with swimming shorts, sunglasses and a hat for vacation beach styleOccasions: Mens Casual Button Down Shirt is suitable for all occasions; such as beach, vacation, cruises, holiday, travel, wedding, party, school, office, business casual, hawaiian, island, yoga, work, or any casual daily wearWarm Tips: Machine wash for Mens Short Sleeve Button Up Shirt; please refer to our size chart carefully before you ordering",28.24
B0874WD2B2,Clothing,Under Armour Store,Under Armour Men's HeatGear Compression Short-Sleeve T-Shirt,Super-light HeatGear fabric delivers superior coverage without weighing you downMesh underarm & back panels for strategic ventilationMaterial wicks sweat & dries really fastErgonomic design keeps seams off high abrasion areas & increases durabilityHybrid raglan sleeve construction for added range of motion & comfortWrite-in locker tag on back of neck for your initials or number,30.0
B07FMZ12CJ,Clothing,POLO Store,"POLO RALPH LAUREN Men's Slim Fit Cotton Crew Undershirts, 3 Pack","Length: 29.25in / 74cm, Chest: 41in / 104cm",49.5
B086KKT21F,Clothing,Hanes Store,Hanes Men's Lightweight Cotton Moisture-Wicking Tank Undershirts (6 Pack),"THE COMFORT OF COTTON - Breathable ribbed cotton starts out soft and gets softer with each washing.COOL ALL DAY - Cool Comfort fabric wicks away moisture so you stay cool and dry hour after hourFRESH ALL DAY - FreshIQ technologyfor all-day freshnessBUILT FOR DURABILITY - Banded armholes and scoop neckline resist wear and tear.NO TAG, NO ITCH - No tag to bunch up or itch.STOCK UP IN AN INSTANT - A 6-pack of Hanes essential tank undershirts offers one-and-done convenience.",21.98
B073V3LPFL,Clothing,Levi Strauss Signature Gold Store,Levi Strauss Signature Gold Men's Relaxed Fit Flex Jeans (Available in Big & Tall),"Same great jeans, brand new name! Signature by Levi Strauss & Co. is now Levi Strauss Signature GoldAll-day comfort and authentic stylePremium denim with ultimate stretch and flexRelaxed seat and thigh; Straight leg openingUnique fabric varies in color due to wash, finish, and dyeMachine wash",27.99
B07LGVSPKF,Clothing,Rustler Store,Rustler Men's Classic Relaxed Fit,Relaxed fit thru seat and thigh5 pocket stylingStraight legHeavy weight durable denim,14.99
B0007CKJSY,Clothing,Wrangler Store,Wrangler Men's 13MWZ Cowboy Cut Original Fit Jeans,"ORIGINAL FIT. Designed with a functional fit in mind, these jeans are made to stack over your favorite pair of boots. Constructed with a comfortable fit in the waist, seat, and thigh, this jean is made for both function and comfort for long days in the saddleCLASSIC COWBOY JEAN. Made for authentic cowboys and worn by world champions, this original cowboy cut jean is a tried and true classic. As the Official ProRodeo Competition jean, this western denim essential will stay with you for years to come and maintain that timeless cowboy styleDURABLE MATERIALS. It's no question that this classic can withstand wear and tear. Made with durable heavyweight cotton and felled seams to prevent chafing, this original fit jean was made to last -- no matter the taskCOMFORTABLE WEAR. Whether you're out on the ranch or working in the garage, you need a durable jean that keeps you comfortable throughout the day. Made from 100% cotton, this jean provides comfort and breathability for your day aheadFIVE POCKET STYLING. This cowboy cut jean is constructed with an authentic five pocket styling: (1) watch pocket, (2) front scoop pockets, (3) back patch pockets. Finished with copper rivets for added long-lasting durability",53.0
B09K1PMWR6,Clothing,Levi Strauss Signature Gold Store,Levi Strauss Signature Gold Men's Slim Fit Jeans,"Same great jeans, brand new name! Signature by Levi Strauss & Co. is now Levi Strauss Signature GoldClosure: ZipperSlim Fit Jeans",27.99
B07LGQ884Z,Clothing,Rustler Store,Rustler Men's Classic Regular Fit,Regular fit thru seat and thigh5 pocket stylingStraight legHeavy weight durable denimBelt loops,18.99
B00UV3TGUG,Clothing,Levi's Store,Levi's Men's 559 Relaxed Straight Jeans (Also Available in Big & Tall),"Sits below waistExtra room through seat and thighStraight legZip fly and button closureThe model in the image is 6' 1"" and is wearing 32 x 32.",69.5
B073372KDR,Clothing,Levi Strauss Signature Gold Store,Levi Strauss Signature Gold Men's Regular Fit Flex Jeans (Available in Big & Tall),"Same great jeans, brand new name! Signature by Levi Strauss & Co. is now Levi Strauss Signature GoldAll-day comfort and authentic stylePremium flex denimUnique fabric varies in color due to wash, finish, and dyeMachine wash",27.99
B07BJKWX4Y,Clothing,Amazon Essentials Store,Amazon Essentials Slim Fit Jeans For Men,"SLIM FIT DESIGN: These mens jeans slim fit are designed with a tapered leg and are fitted through the hip and thigh, while sitting below the waistALL-DAY COMFORT: Crafted from mid-weight cotton denim with a bit of stretch, these slim fit jeans provide comfort all day. These jeans come in indigo denim washes or solid colors with a garment wash for a lived in denim-inspired lookSTYLE: Featuring a classic five-pocket design, these mens jeans slim fit are ideal for business casual settings or everyday adventures.DETAILS: These men jeans slim fit feature a zippered fly with a metal button closure, bartack reinforcements, and rivets at the front hand pockets. With stretch denim, it is always recommended to hang to dry for an extended garment lifeLEG OPENING: 7 1/4"" on US size 32",27.5
B01H7ENCLA,Clothing,Levi Strauss Signature Gold Store,Levi Strauss Signature Gold Men's Carpenter Jeans,"Same great jeans, brand new name! Signature by Levi Strauss & Co. is now Levi Strauss Signature GoldYou may also like our Men's Carpenter ShortDependable all day comfortRelaxed through seat & thighStraight leg openingCarpenter details",27.99
B0CBKCGNFR,Clothing,Lee Store,Lee Men's Extreme Motion Regular Straight Jean,"Regular fit with straight leg; sits just below the waistFeaturing extreme flex waistband, athletic-style waistband comfortably flexes as you moveExtreme stretch fabric makes bending, crouching, stretching, and moving supremely comfortableFive-pocket styling, logo patch at back waistband and belt loopsLeg opening: 16 inches",41.9
B074KL2SHP,Clothing,Wrangler Store,Wrangler Authentics Men's Regular Fit Comfort Flex Waist Jean,"COMFORT FLEX WAISTBAND: Constructed with comfort in mind - our innovative flex waistband with stretch denim bands ensure a comfortable fit that moves and bends with youREGULAR FIT: Built with a regular fit seat and thigh, these five-pocket regular fit jeans sit at the natural waist for a comfortable fitDURABLE MATERIALS: Made with durable and comfortable flex denim for added ease of movement, these versatile jeans are made to last through everyday wearEVERYDAY FIVE-POCKET STYLE: This everyday jean with a comfort waist takes you from the office and out to date night, keeping you feeling and looking greatHEAVY-DUTY HARDWARE: Finished with a zipper fly, button closure and our trademark embroidered back pockets",56.3
B0018ON68A,Clothing,Levi's Store,Levi's Men's 501 Original Fit Jeans (Also Available in Big & Tall),"Regular Through The ThighStraight legSits at your waistFront rise: 11 1/4"", Knee: 17 1/2"", Leg Opening: 16"", Measurements based on size 32.",79.5
B0CLQ8TV53,Clothing,Levi Strauss Signature Gold Store,Signature by Levi Strauss & Co Men's Fit Flex Jeans,"Same great jeans, brand new name! Signature by Levi Strauss & Co. is now Levi Strauss Signature GoldFlex WaistbandRegular FitAll-day comfort and authentic style",27.99
B0D98NLXK8,Clothing,Lee Store,Lee Men's Legendary Loose Jean,"LOOSE FIT. These jeans sit at the natural waist and fit loose through the seat and thigh for a classic, laidback look that keeps you comfortable all day long.CLASSIC STYLING. These jeans feature a classic 5-pocket styling complete with our spade back pockets and s curve stitching and a zip fly with button closure.LEGENDARY DETAILS. Make a statement in pants constructed with our signature Legendary details like our Lee Logo Waistband Button, Lee Logo rivets, and leather patch with the ""twitch"" Lee Logo.A LIFETIME OF QUALITY. For over 100 years, Lee has produced quality apparel with durability and long-lasting construction in mind. Lee is committed to designing clothing that conforms to your body, allowing you to move through life freely.SPECIFICATIONS. 5-pocket styling with (2) spade back pockets. Zipper fly with button closure. Leg opening: (straight) 17.5""",34.9
B07H12JDN6,Clothing,Lee Store,Lee Men's Extreme Motion Regular Boot Jean,"Regular Fit, Boot cut leg openingSits Just Below the WaistFeaturing an Extreme Flex WaistbandExtreme Stretch FabricLeg Opening: 17.5 Inches",41.9
B0CBL2WWBG,Clothing,Lee Store,Lee Men's Legendary Regular Straight Jean,"REGULAR FIT. Designed with a regular fit through the seat and thigh, these straight leg jeans sit at the natural waist and are the perfect casual closet essential.STRETCH COMFORT. Made with comfort in mind, these jeans are constructed from a perfect blend of stretch-cotton fabric that moves with you for all-day comfort. Stretch varies by colorway. Some fabrications are all cotton.LEGENDARY DETAILS. Make a statement in pants constructed with our signature Legendary details that make Lee jeans unique.A LIFETIME OF QUALITY. For over 100 years, Lee has produced quality apparel with durability and long-lasting construction in mind. Lee is committed to designing clothing that conforms to your body, allowing you to move through life freely.SPECIFICATIONS. 5-pocket styling with (2) spade back pockets. Zipper fly with button closure. Leg opening: 16"".",36.9
B09GK5CYD7,Clothing,Rock & Republic Store,Rock & Republic Men's Relaxed Straight Jean,"RELAXED FIT. Casual and comfortable, these men's jeans are built with a relaxed fit through the hip and thigh for unrestricted movement and a casual look.HIGH-PERFORMANCE FABRIC. Made for men on the move, these jeans are constructed with ultra-comfort denim that delivers movement and style. This high-performance fabric maintains lasting quality for all-day wear.CASUAL STYLING. These relaxed-fit jeans are perfect for casual weekends and chill hangouts. Throw on your favorite sneakers and head out the door, you're ready to rock for whatever you have planned.PREMIUM DETAILS. These jeans come in a variety of washes with worn-in details so they look like your longtime favorites. Elevated stitched details, a Rock & Republic embroidered logo and the perfect amount of distressing make these jeans a standout.5-POCKET JEANS. Built with extra storage for your phone, keys, wallet and more, these jeans feature classic 5-pocket styling with (2) front pockets, (1) watch pocket and (2) back pockets. Leg Opening: 17.5""",49.98
B0C9CPWWR1,Clothing,Brand: OIIIO,OIIIO Men's Ripped Slim Fit Straight Leg Jean Denim Pant,"US STANDARD SIZE - Elegant fashion and comfortable experience to wear and offer casual and relaxed mobility without any restrictions like other jeans.SLIM FIT. Designed with a slim fit and straight leg, these jeans sit at the natural waist for a slimmer, more tailored look, making it stylish to wear.QUALITY MATERIALS. Made from high-quality material, this relaxed fit boot cut jean is constructed for comfort, function, and style. Finished with a unique wash technique - whiskering, handsanding, distressing - each style varies in finishing.FASHION TREND DESIGN. Nice cutting in good version style, variety of colors and styles for you to choose, personalized and unique design, hipster street style , make you look more handsome, to be the coolest guy when walking on the street.Wash And Dry Inside Out With Like Colors; Liquid Detergent Is Recommended.",31.99
B07BHKQ8SM,Clothing,Lee Store,Lee Men's Extreme Motion Athletic Taper Jean,"ATHLETIC FIT. With a tapered leg and fitted waist, these jeans sit at the natural waist. Made with comfort in mind, this jean is perfect for everyday wear.CLASSIC STYLING. A modern fit jean designed with an authentic five-pocket style. Our bestselling straight fit jean is designed with a timeless five-pocket style, perfect for most occasions.EXTREME MOTION. Athletic Fit Extreme Motion Jeans feature an incredibly comfortable flexible waistband that actually adapts to your body and never binds and innovative power stretch fibers that allow you to move in total freedom.A LIFETIME OF QUALITY. For over 100 years, Lee has produced quality apparel with durability and long-lasting construction in mind. Lee is committed to designing clothing that conforms to your body, allowing you to move through life freely.SPECIFICATIONS. Zipper fly with button closure, leg opening: 15.5"".",41.9
B098KXZG2Z,Clothing,Lee Store,Lee Men's Legendary Slim Straight Jean,"SLIM FIT. Designed with a slim fit and straight leg, these jeans sit just below the waist for a slimmer, more tailored look.STRETCH COMFORT. Made with comfort in mind, these jeans are constructed from a perfect blend of stretch-cotton fabric that moves with you for all-day comfort.LEGENDARY DETAILS. Make a statement in pants constructed with our signature Legendary details that make Lee jeans unique.A LIFETIME OF QUALITY. For over 100 years, Lee has produced quality apparel with durability and long-lasting construction in mind. Lee is committed to designing clothing that conforms to your body, allowing you to move through life freely.SPECIFICATIONS.5-pocket styling with (2) spade back pockets. Zipper fly with button closure. Leg opening: 15.5"".",36.9
B07BJLDWXJ,Clothing,Amazon Essentials Store,Amazon Essentials Men's Skinny-Fit Stretch Jean,"SKINNY FIT: Snug fit through hip, thigh, and leg; sits below the waist.LIGHT-STRETCH DENIM: Mid-weight cotton denim with a bit of stretch for all-day comfort. Comes in indigo denim washes or solid colors with a garment wash for a lived in denim-inspired look.SKINNY JEAN: With classic, five-pocket denim styling, our skinniest fit jean is ideal for everyday wear.DETAILS: Features zippered fly with metal button fly closure, bartack reinforcements, and rivets at front hand pockets. With stretch denim, it is always recommended to hang to dry for an extended garment life.LEG OPENING: 6 5/8"" on US size 32.",21.11
B0018OMIOI,Clothing,Levi's Store,Levi's Men's 550 Relaxed Fit Jeans (Also Available in Big & Tall),"LEVI'S 550: These jeans feature a classic, relaxed style with more room for a slightly baggy fit. The 550 also features a tailor-like taper at the leg, complete with zip fly and 5 Pocket Styling.SIZE & FIT: These 550 jeans sit at the waist with a loose fit through the hip and thigh with a straight but slightly tapered leg opening.MATERIAL & FABRIC: Levi's 550 jeans are made from a cotton blend.CARE INSTRUCTIONS: Machine wash cold inside out with like colors, Do not bleach, Tumble dry medium, Hot iron if needed, Dry cleaning possible.",69.5
B09NMN9C21,Clothing,Wrangler Store,Wrangler Men's Free to Stretch Relaxed Fit Jeans,"RELAXED FIT. These jeans feature a roomier fit through the seat and thigh for complete comfort and a straight leg opening for a streamlined look.FLEX COMFORT. Made with a comfortable cotton-stretch blend, these jeans allow you to move throughout your day without restriction.SUSTAINABLY MADE. At Wrangler, We Care about the planet and the people that call it home. That's why we made these pants with 100% sustainable cotton and renewable energy, saving water and reducing energy use.FIVE POCKET STYLING. This jean is constructed with authentic 5 pocket styling: (1) watch pocket, (2) front scoop pockets, (2) back spade pockets.SIGNATURE DETAILS. Finished with a zipper fly, button closure, waistband logo patch and tonal W embroidery on the back pockets for that classic Wrangler style.",39.5
B01IR7TZWG,Clothing,Levi's Store,Levi's Men's 505 Regular Fit Jeans (Also Available in Big & Tall),"LEVI'S 505: These jeans feature a classic straight leg styling created in 1967 with the original zip fly and 5 Pocket Styling.SIZE & FIT: These 505 Regular jeans sits at the waist with a straight leg opening and designed with room in the thigh for a comfortable fit.MATERIAL & FABRIC: Levi's 505 jeans are made from a cotton blend.CARE INSTRUCTIONS: Machine wash cold inside out with like colors, Do not bleach, Tumble dry medium, Hot iron if needed, Dry cleaning possible.",69.5
B071H3C5HP,Clothing,Levi's Store,Levi's Men's 511 Slim Fit Jeans (Also Available in Big & Tall),"Slim ThroughoutSlim legSits below your waistFront rise: 10 1/4"", Knee: 16 1/4"", Leg Opening: 14 1/2"", Measurements based on size 32.",70.92857142857143
B08WKCT1CH,Clothing,Lee Store,Lee Men's Relaxed Fit Straight Leg Jean,"RELAXED STRAIGHT FIT. This jean sits at the waist and features a relaxed fit through the seat and thigh with a straight fit through the leg. This timeless fit keeps you comfortable all day long.5-POCKET STYLING. A classic jean designed with an authentic five-pocket style. This bestselling straight leg jean is designed with a timeless five-pocket style, perfect for everyday wear.A LIFETIME OF QUALITY. For over 100 years, Lee has produced quality apparel with durability and long-lasting construction in mind. Lee is committed to designing clothing that conforms to your body, allowing you to move through life freely.SPECIFICATIONS. (5) Pockets. Zipper fly with button closure. Signature label at back waistband. 16.5"" leg opening.",38.9
B01GQBWBYO,Clothing,Wrangler Store,Wrangler Men's Retro Slim Fit Straight Leg Jeans,"SLIM FIT. This slim fit straight leg jean is designed with fashion-forward style. Built with a slim fit through the seat and thigh, our Retro jean sits lower on the waist and leaves enough room to fit over your favorite pair of boots.RETRO STYLING. Designed with Retro style in mind, this slim straight jean provides a vintage look for the modern man. Complete with our signature Retro finishes and slim fit, this jean will keep you looking good for any occasion.QUALITY MATERIALS. Made from high-quality material, this slim fit straight jean is constructed for comfort, function, and style. Finished with a unique wash technique - whiskering, handsanding, distressing - each style varies in finishing.ICONIC EMBELLISHMENTS. This premium slim jean is finished with our iconic Wrangler “W” stitching, leather Wrangler patch on the back pocket, and 1947 rivet on the front pocket. Maintain that effortless classic style with a touch of Retro.FIVE POCKET STYLING. Constructed with our classic five-pocket jean styling, these straight leg jeans are made with (2) embroidered hip pockets, (1) watch pocket, and (2) front pockets.",68.0
B0006U6C0Q,Clothing,Wrangler Store,Wrangler Men's Cowboy Cut Slim Fit Jeans,"SLIM FIT. Designed with a functional fit in mind, these jeans are made to stack over your favorite pair of boots. Constructed with a slim fit through the seat and thigh, this jean is made for both function and comfort for long days in the saddle.CLASSIC COWBOY JEAN. Made for authentic cowboys and worn by world champions, this cowboy cut jean is a tried and true classic. As the Official ProRodeo Competition jean, this western denim essential will stay with you for years to come and maintain that timeless cowboy style.DURABLE MATERIALS. It's no question that this classic can withstand wear and tear. Made with durable heavyweight cotton and felled seams to prevent chafing, this original fit jean was made to last -- no matter the task.COMFORTABLE WEAR. Whether you're out on the ranch or working in the garage, you need a durable jean that keeps you comfortable throughout the day. Made from 100% cotton, this jean provides comfort and breathability for your day ahead.FIVE POCKET STYLING. This cowboy cut jean is constructed with an authentic five pocket styling: (1) watch pocket, (2) front scoop pockets, (3) back patch pockets. Finished with copper rivets for added long-lasting durability.",53.0
B09JYPMWP2,Clothing,Levi Strauss Signature Gold Store,Levi Strauss Signature Gold Men's Athletic Fit Jeans,"Same great jeans, brand new name! Signature by Levi Strauss & Co. is now Levi Strauss Signature GoldAll day comfort and authentic styleTapered Leg",27.99
B00MGBBMTY,Clothing,Levi's Store,Levi's Men's 541 Athletic Fit Jeans (Also Available in Big & Tall),"LEVI'S 541: These jeans give a tailored look with the comfort of a relaxed jean, an athletic and contemporary fit that features a roomier seat and thigh for added mobility, complete with zip fly.SIZE & FIT: These 541 jeans sit at the waist, offer extra room in the seat and thigh, as well as a slightly tapered fit from the knee to hem.MATERIAL & FABRIC: Levi's 541 jeans are made from a cotton blend with flex fabric, designed to move with you.CARE INSTRUCTIONS: Machine wash cold inside out with like colors, Do not bleach, Tumble dry medium, Hot iron if needed, Dry cleaning possible.",69.5
B0008EOGAS,Clothing,Lee Store,Lee Men's Regular Fit Straight Leg Jean,"REGULAR FIT. This classic jean sits at the waist and features a straight fit through the seat, leg, and thigh. Made with a 16-inch leg opening, this regular fit jean provides a tailored look that keeps you comfortable all day long.CLASSIC 5-POCKET STYLING. A classic fit jean designed with an authentic five-pocket style. Our bestselling straight leg jean is designed with a timeless five-pocket style, perfect for most occasions.JEANS FOR ALL. This jean is available in heavyweight and midweight denim with a wide variety of washes, finishes, and fits. Add a classic denim jean to your everyday rotation or try out a new alternative wash -- there's a pair of Lee jeans to fit every style.A LIFETIME OF QUALITY. For over 100 years, Lee has produced quality apparel with durability and long-lasting construction in mind. Lee is committed to designing clothing that conforms to your body, allowing you to move through life freely.SPECIFICATIONS. Zipper fly with button closure, signature label at back waistband, leg opening: 16"".",38.669230769230765
B01ISMKS7G,Clothing,Levi's Store,Levi's Men's 569 Loose Straight Fit Jeans,"Sits below waistExtra room through seat and thighStraight legZip flyThe model in the image is 6' 1"" and is wearing 32 x 32.",69.5
B07GX21XWG,Clothing,Lucky Brand Store,Lucky Brand Men's 363 Vintage Straight Jean,"Inseam: available in 30"", 32"" and 34""FIT: Mid-rise, classic fit with a straight legFront rise: 10 1/2 inches, Leg opening: 17 inches (Size 32)Classic 5-pocket stylingZip fly with button closure",99.0
B01N58LDY4,Clothing,FREDD MARSHALL Store,FREDD MARSHALL Men's Skinny Slim Fit Stretch Straight Leg Fashion Jeans Pants,"Slim fit,simple style,basic jeans you need everydayWith enough elasticity and good material,feels very comfortable and looks great after trying it onNice cutting in good version style,they are easily to match your tops or shoesFunctional five pockets for your convenience to keep your keys, cell phone, hairbands etc.Fashion street style design,suitable for your outfit or go out at night or club in town",39.99
B01MYQDZU2,Clothing,Wrangler Store,Wrangler Men's Retro Relaxed Fit Bootcut Jeans,"RELAXED FIT. This relaxed fit boot cut jean is designed with fashion-forward style. Built with a relaxed fit through the seat, thigh, and knee, our Retro jean sits lower on the waist and leaves plenty of room to fit over your favorite pair of bootsRETRO STYLING. Designed with Retro style in mind, this boot cut jean provides a vintage look for the modern man. Complete with our signature Retro finishes and relaxed fit, this jean will keep you looking good for any occasionQUALITY MATERIALS. Made from high-quality material, this relaxed fit boot cut jean is constructed for comfort, function, and style. Finished with a unique wash technique - whiskering, handsanding, distressing - each style varies in finishingICONIC EMBELLISHMENTS: This boot cut jean is finished with our iconic Wrangler “W” stitching, leather Wrangler patch on the back pocket, and 1947 rivet on the front pocket. Maintain that effortless classic style with a touch of retroFIVE POCKET STYLING: Constructed with our classic five-pocket jean styling, these boot cut jeans are made with (2) embroidered hip pockets, (1) watch pocket, and (2) front pockets",68.0
B073V3JSSB,Clothing,Levi Strauss Signature Gold Store,Levi Strauss Signature Gold Men's Bootcut Fit Jeans,"Same great jeans, brand new name! Signature by Levi Strauss & Co. is now Levi Strauss Signature GoldAll-day comfort and authentic style.Easy fit through seat & thighBoot Cut leg openingFive-pocket stylingSuperior quality, strength and durability",27.99
B01MZFNQNC,Clothing,Haggar Store,Haggar Men's Premium No Iron Khaki Classic Fit Expandable Waist Flat Front Pant (Regular and Big & Tall Sizes),"PREMIUM NO IRON KHAKI: Eliminate the need to iron with the premium khaki pant from Haggar. Featuring a hidden expandable waistband that stretches up to 3"", off seam front pockets, single welt back pockets in a flat front, classic fit silhouette.MATERIAL: Made of 61% Cotton, 37% Polyester, 2% Elastane for stretch and recovery. The comfort of the stretch is what makes this classic pant your go-to for the office or a formal event.HIDDEN EXPANDABLE WAISTBAND: The waistband stretches up to 3"" in the waist for all-day comfort and mobility in your mid-section.STYLE: The khaki that looks as great as it feels. Stretchable cotton-blend fabric, hidden expandable waistband and permanent crease will keep you looking sharp and comfortable.NO IRON: Whether you are at the office our out on the weekend the easy care of eliminating the need to iron will make this your favorite casual pant!",70.0
B073SLX239,Clothing,Amazon Essentials Store,Amazon Essentials Men's Classic-Fit Wrinkle-Resistant Pleated Chino Pant (Available in Big & Tall),"CLASSIC FIT: Roomy through hip & thigh with straight leg. Sits at the waist.WRINKLE-RESISTANT CHINO: Easy care cotton-blend chino fabric with a wrinkle-resistant finish and peached hand-feel. These pants are not wrinkle-free, but treated for ease of care with a wrinkle-resistant finish.CLASSIC STYLE: Pleated chino details with a versatile yet tailored look and all-day comfort.DETAILS: Front slant pockets and button-through back pockets; zipper fly and button closure. Machine washable.LEG OPENING: 8 1/2"" on US size 32.",28.6
B077PHG1MV,Clothing,DOCKERS Store,Dockers Men's Classic Fit Signature Lux Cotton Pleated Stretch Pants (Regular and Big & Tall),"Wrinkle-Resistant Pleat-Front Pant with Permanent Crease featuring slant hand pockets and cuffed hemButton welt pocket at the back of these men's pleated khaki pantsComfort fit waistband with up to 2"" additional expansion",36.49
B00QNAL9U6,Clothing,Lee Store,Lee Men's Extreme Motion Flat Front Regular Straight Pant,"STRAIGHT FIT. With a straight fit through the hip and thigh, these khaki pants sit at the natural waist with a flex waistband for comfort. These straight fit pants provides a tailored look that keeps you comfortable all day long.CLASSIC 4-POCKET STYLING. These straight fit pants are designed with four pockets with a timeless look, perfect for most occasions.LIVE IN COMFORT. The Extreme Comfort Pant offers work-to-play versatility. Athletic details like mesh pockets, a flex waistband and Active Comfort Fabric are combined with a classic khaki look for maximum comfort and style.A LIFETIME OF QUALITY. For over 100 years, Lee has produced quality apparel with durability and long-lasting construction in mind. Lee is committed to designing clothing that conforms to your body, allowing you to move through life freely.SPECIFICATIONS. Zipper fly with button closure, leg opening: 16.875"".",41.9
B08JM661K7,Clothing,YUCENFU Store,Men's Cozy Hidden Expandable Waist Dress Pants | Premium Stretch Texture Weave Work to Weekend Pants,"A Cozy Dress Pants – Made of 67.8% polyester and 32.2% viscose/67.8% polyester, 28% viscose, 5% spandexDesigned for Style & Comfort – 4 pockets and the zipper, hook and button. Enjoyment for every business occasion and special eventHidden Expandable Waist –Redesign the stretch index and position of the elastic expandable waistband, so that you will not be tight during squatting or short exercises and stay relaxed. It is most important that anexpandable waistband can adapt to your shapeGet the Right Size for You – Available in a variety of colors. Please check for your optimal waist size in the sizing table. These comfortable pants for men are designed to be generous and loose fitting and practical and easy to put on, without compromising on that classic lookQuality and Value – Yucenfu has been manufacturing products for 40 years and after that long we have learned a thing or two about quality and design. High-quality construction and materials guarantee you'll be holding on to a pair of these dress pants for a long time. Shop quality and value by adding our dress slacks to your cart today",45.0
B08BC5YNP3,Clothing,COOFANDY Store,COOFANDY Men's Casual Linen Pants Elastic Waist Drawstring Beach Summer Pants Lightweight Linen Trousers,"DRAWSTRING WITH ZIP FLY - With a drawstring waistband and metal zipper fly, these mens linen pants are easy to adjust for a comfortable and secure fit.FUNCTIONAL POCKETS - Keep your essentials safe with 2 side pockets and 2 rear buttoned welt pockets on these beach pants for men.LOOSE FIT - These men's straight leg linen pants feature a loose fit to provide total comfort, you'll surely have no problem wearing these lightweight casual summer pants from day to evening.VERSATILE PANTS - Whether you're relaxing at home, going to the beach, or doing yoga, these mens casual linen pants are perfect for any activity.WARM TIPS - Please follow our directions for laundering to avoid shrinking. Choose low temperatures and lukewarm water (<40°C/104°F) or machine wash cold on gentle cycle. Air dry it on a line or rack for drying to avoid wrinkles and even ironing! Do not bleach, tumble dry low. Loose fit, please refer to our SIZE CHART for selection.",39.99
B01JQTOOMA,Clothing,Amazon Essentials Store,Amazon Essentials Men's Classic-Fit Wrinkle-Resistant Flat-Front Chino Pant (Available in Big & Tall),"CLASSIC FIT: Roomy through hip & thigh with straight leg. Sits at the waist.WRINKLE-RESISTANT CHINO: Easy care cotton-blend chino fabric with a wrinkle-resistant finish and peached hand-feel. These pants are not wrinkle-free, but treated for ease of care with a wrinkle-resistant finish.CLASSIC STYLE: Flat-front chino details with a versatile yet tailored look and all-day comfort.DETAILS: Front slant pockets and button-through back pockets; zipper fly and button closure. Machine washable.LEG OPENING: 8 1/2"" on US size 32.",28.775
B01NA0C8IO,Clothing,DOCKERS Store,Dockers Men's Classic Fit Easy Khaki Pants - Pleated (Standard and Big & Tall),"Eased Fit Through Seat and Thigh, Sits at Waist With a Straight Leg Stretch for PerformanceThese Men's Pleated Khakis Feature Side Hand Pockets and Button-Through Welt Pockets at BackThese Stretch Khaki Pants Come With a Front Button ClosureSoft handButton through front closure",39.99
B07849QXR8,Clothing,DOCKERS Store,Dockers Men's Straight Fit Signature Lux Cotton Stretch Khaki Pant,"Lux Cotton StretchWrinkle free technology, super durable buttons, permanent crease, shirt gripperFlexible Waistband, for extra comfort when you're on the move",49.99
B01N7VGA1T,Clothing,DOCKERS Store,Dockers Men's Classic Fit Easy Khaki Pants (Regular and Big & Tall),"Eased Fit Through Seat and Thigh, Sits at Waist With a Straight LegNo Wrinkle Men's Khaki Pants With Stretch for PerformanceFeatures of These Khaki Pants Include Side Hand Pockets and Button-Through Welt Pockets at BackSoft HandZip Fly With Button Closure, Single Welt Button Through Back Pocket",36.49
B07BJKT4ZB,Clothing,Amazon Essentials Store,Amazon Essentials Men's Slim-Fit Casual Stretch Chino Pant,"SLIM FIT: Fitted through hip and thigh, with tapered leg. Sits below the waist.COTTON CHINO: Washed for softness, this breathable cotton twill has a bit of stretch for comfort and flexibility.KHAKI CHINO STYLING: Classic khaki chino trousers in a light garment washed fabric for a wardrobe staple. Versatile enough for everyday on-the-go or dressed up for business casual.DETAILS: Features zipper fly and button closure, front slant pockets, fifth-coin pocket at waistband, and button-through classic back welt pockets.LEG OPENING: 7 1/2"" on US size 32.",28.775
B07JHY96QC,Clothing,Amazon Essentials Store,Amazon Essentials Men's Athletic-Fit Casual Stretch Chino Pant (Available in Big & Tall),"ATHLETIC FIT: Extra room in the hip and thigh for athletic builds. Sits at the waist.COTTON CHINO: Washed for softness, this breathable cotton twill has a bit of stretch for comfort and flexibility.KHAKI CHINO STYLING: Classic khaki chino trousers in a light garment washed fabric for a wardrobe staple. Versatile enough for everyday on-the-go or dressed up for business casual.DETAILS: Features zipper fly and button closure, front slant pockets, fifth-coin pocket at waistband, and button-through classic back welt pockets.LEG OPENING: 7 1/2"" on US size 32.",28.775
B07FH9W2J7,Clothing,Amazon Essentials Store,Amazon Essentials Men's Straight-Fit Wrinkle-Resistant Flat-Front Chino Pant,"STRAIGHT FIT: Fitted through the hip and thigh with a straight leg. Sits at the waist.WRINKLE-RESISTANT CHINO: Easy care cotton-blend chino fabric with a wrinkle-resistant finish and peached hand-feel. These pants are not wrinkle-free, but treated for ease of care with a wrinkle-resistant finish.CLASSIC STYLE: Flat-front chino details with a versatile yet tailored look and all-day comfort.DETAILS: Front slant pockets and button-through back pockets; zipper fly and button closure. Machine washable.LEG OPENING: 8"" on US size 32.",23.7
B07848QFW3,Clothing,DOCKERS Store,Dockers Men's Classic Fit Signature Khaki Lux Cotton Stretch Pants,"Best Pressed- Timeless details and sharp center crease for a polished and confident lookClassic Fit (D3) - Sits naturally at waist, eased through seat and thigh with a straight legComfort Waistband offers up to 2"" of extra room in the waistZip fly with button-through front closure, double welt button-through back pockets and fine topstitching",49.99
B07NX8H7QZ,Clothing,Haggar Store,Haggar Men's Iron Free Premium Khaki Classic Fit Pleat Front Expandable Waist Casual Pant (Regular and Big & Tall Sizes),"IRON FREE - Our traditional classic fit that keeps it timeless in a pleat front silhouette. Additional features include offseam front pockets, single welt back pockets and roll hem.STYLE: These are the perfect classic fit trouser pants for a weekend out or for the office. They are a classic fit, meaning they are relaxed throughout the hip and thigh. They sit at or below the waist and have a relaxed leg opening.COMFORT: Without a doubt, this easy care trouser will not hinder your comfort throughout the day. This pant features a hidden expandable waistband that stretches up to 3 inches, so your pants will stay secure and you can feel comfortable all day!FABRICATION: Made of 61%Cotton 37%Polyester 2%Elastane offering stretch with incredible recovery.EASY CARE: Best of all, these pants are machine washable while eliminating the need to iron. Not to mention, the permanent center crease will keep your pants looking just good as new.",44.99
B0DJKR8WY6,Clothing,JMIERR Store,JMIERR Mens Cotton Pants Casual Elastic Waist Drawstring Lightweight Summer Beach Trousers with Pockets,"Product Features: These casual pants feature an elastic waistband with coulisse for adjustable comfort. Equipped with two front slant pockets and a back patch pocketWearing Effect and Matching Suggestions: The slim fit design accentuates your body lines, making it easy to pair with t-shirts, hoodies, or casual shirtsOccasions: The drawstring cotton pant is suitable for both clothing and casual, nice for daily wear. Dates, beach wedding, party, vacation, night out and lounging etc. Perfect gift for father, friend and boyfriendMaterial and Functionality: Crafted from cotton, these pants offer excellent durability. They ensure comfort and ease of movement, making them ideal for everyday wearPurchase Advice: Please refer to the JMIERR size chart before purchasing to ensure the right fit. Follow the care instructions on the label to maintain the pants in their best condition. (Note that due to variations in monitor settings, the actual color of the item may differ slightly from what is displayed on your screen. )",29.49
B0DJQWS3VY,Clothing,COOFANDY Store,COOFANDY Men's Casual Linen Cotton Pants Elastic Waist Summer Beach Trousers Lightweight Yoga Vacation Pants,"Linen Cotton Blend --- Mens casual yoga pants feature soft and stretchy linen and cotton fabric, lightweight, breathable and skin-friendly, provide you with a comfortable wearing experience.Loose & Casual --- Summer beach linen yoga trousers with the elastic waistband allows for adjustable fit. Double-sided slant pockets and back patch pockets offer you convenient storage.Easy Match --- Mens casual straight leg pants can pair with lounge linen t-shirt to create a leisure summer wear or with a white shirt and slim fit vest to build a beach wedding dress look, always make you stylish and smart.Occasions --- These relaxed fit linen slacks are ideal for casual or formal occasions like yoga, dance, school, vacation, beach, lounging, jogger and so on. Great for Spring, Summer and Fall.Warm Tips --- Machine wash. Please check the size chart for perfect match before purchase our linen casual summer yoga beach pants.",39.99
B01MSUQY5T,Clothing,Haggar Store,Haggar Men's Cool 18 Pro Classic Fit Pleat Front Hidden Expandable Waist Pant (Regular and Big & Tall Sizes),"COOL 18 PRO: This collection from America's favorite pant brand features 4-way stretch for ultimate comfort, moisture wicking technology, UV protection, and last but not least, are wrinkle resistant.FABRICATION: Made of 50% polyester and 50% sorbtek polyester, these pants will stay comfortable all day and will become a staple in your closet. Best of all, they are machine washable, with no iron necessary.STYLE: These are the perfect pleated front dress pants for going to work or a formal family event. They are a classic fit, meaning they are relaxed throughout the hip and thigh. They sit at or below the waist and have a straight leg opening.COMFORT: Without a doubt, these dress pants will not hinder your comfort throughout the day. They feature a hidden expandable waistband that stretches up to 3 inches, so your pants will stay secure.FEATURES: There are many subtle details of these pants including offseam front pockets, a single welt back pocket, a roll hem, and a shirt gripper to keep your shirt easily tucked in at all times.",70.0
B00YKRP324,Clothing,DOCKERS Store,Dockers Men's Relaxed Fit Comfort Khaki Pants - Pleated,"Wrinkle-Resistant Pleat-Front Pant With Permanent Crease Featuring Slant Hand Pockets and Cuffed HemThese Men's Pleated Khakis Feature Buttoned Welt Pocket at BackThese Stretch Khaki Pants Come With a Comfort Fit Waistband, up to 2"" of Additional ExpansionCuffed Hem",36.49
B0D4DXQBF1,Clothing,JMIERR Store,JMIERR Men's Casual Pants Cotton Twill Drawstring Elastic Waist Chino Pants with Pockets,"Elegant trouser cut in a contemporary slim fit, suitable for men. Featuring an elastic waistband with drawstring, side pockets, and back pockets, the vibrant colors and signature pocket embellishments offer a subtle statement while ensuring your comfort. These twill trousers are a comfortable classic choice.Made from 98% Cotton and 2% Elastane, it offers maximum mobility. Wrinkle-resistant and does not shrink after washing. The unique woven pocket design makes these solid color pants both classic and stylish.Our Cotton Casual Stretch Pants are inspired by your favorite pair of chino pants, with added elasticity to enhance performance and offer all-day comfort.Suitable for various occasions, the internal drawstring and elastic waistband design, tapered leg, and slim fit make you look slender and well fitted. With these casual pants, you can wear them in daily life and at work. It's the perfect gift for boyfriends, sons, husbands, and yourself.Please refer to the JMIERR size chart before ordering, not the Amazon size chart.",29.99
B0D8TGP38Y,Clothing,JMIERR Store,JMIERR Men's Chino Pants Casual Stretch Waist Tapered Trousers with Pockets,"Product Features: Crafted with a modern slim fit design, these casual pants are tailored to flatter all body types. Featuring a front zipper and button closure. The two side pockets and single back pocket offer practical storage for everyday essentials, making them perfect for various occasions.Material and Functionality: Made from 98% cotton and 2% elastane, these chinos combine durability with comfort. The twill cotton fabric is not only soft and breathable but also resistant to wrinkles, ensuring easy maintenance. The added elastane provides the right amount of stretch, enhancing mobility and comfort for all-day wear.Design Inspiration and Suitable Occasions: Inspired by classic chino pants and infused with modern fashion elements, these trousers are suitable for daily casual, golf, work, and business settings. Whether you're heading out for a weekend outing or commuting to work, these pants seamlessly blend style and function. It's the perfect gift for boyfriends, sons, husbands, and yourself.Wearing Effect and Matching Suggestions: The slim fit design creates a sleek and polished look, making the wearer appear more trim and professional. Pair these pants with casual shoes or sneakers for a trendy, relaxed style. They can be matched with T-shirts, shirts, or casual jackets, making them versatile for both casual and semi-formal occasions.Purchase Advice: Refer to the JMIERR size chart before purchasing to ensure the perfect fit. Follow the care instructions on the label to maintain the pants in their best condition. Ideal for those seeking a blend of comfort, style, and practicality.",32.99
B0CNGR3PSB,Clothing,COOFANDY Store,COOFANDY Mens Dress Pants Expandable Waist Wrinkle Free Suit Pants Flat Front Casual Dress Slacks,"Premium Material --- Mens wrinkle free dress pants feature soft and skin-friendly fabric, lightweight, stretchy and breathable, bringing you a comfortable and refreshing wearing experience.Classic Design --- Men straight fit dress pants are designed with expandable waist to better fit your figure. The casual dress slacks also 2 front pockets and 2 back pockets for you to store items.Easy Match --- Men Flat front suit pants pair with linen T-shirt to create an everyday casual style, or with a formal shirt to build a business dress look, always make you stylish and elegant.Occasions --- The classic fit dress slacks are suitable for business causal, beach wedding, formal meetings, office, proms, school, dates, outing, making them a must-have for any wardrobe.Warm Tips --- US Size. Please check the size chart for perfect match before purchase our casual dress slacks. Hand wash or dry clean recommended.",39.99
B07NSQNLPB,Clothing,Tommy Hilfiger Store,Tommy Hilfiger Chino Pants Custom Fit,"A hallmark of classic style, Tommy Hilfiger’s chino pants for men are best-sellers season after season, thanks to their sharp look, crisp feel and ultra-comfortable stretch fit.COOL COMFORT: The Tommy team used premium cotton woven with a hint of stretch fiber to ensure these all-time-favorite men’s chino pants are always comfortable and keep their shape.CLASSIC CONSTRUCTION: Designed with classic chino styling, from the zip fly with button closure and belt loops to the buttoned black pockets with embroidered flag—a Tommy Hilfiger signature—these men’s khaki pants are as classic as it gets.REGULAR FIT: These Tommy Hilfiger’s chinos for men are designed to be fitted through the seat and thigh and extend straight from hip to hem.ALWAYS PULLED TOGETHER: Tommy Hilfiger’s mens chinos are made to look polished work to weekend, on duty to off.A WARDROBE STAPLE: Discover the quintessential go-to mens chino pants , perfected by the team at Tommy Hilfiger—purveyors of classic, American cool style since 1985.",79.5
B0D59TM92S,Clothing,COOFANDY Store,COOFANDY Men's Knit Sweatpants Lightweight Open Bottom Casual Pants Drawstring Jogger Yoga Pants with Pockets,"Knit Material: Crafted with 97% polyester and 3% spandex, these mens sweatpants feature a textured knit fabric that offers the softness and comfort of cotton. The stretch material ensures both durability and a pleasant tactile experience.Seam Front Design: These lightweight pants boast a straight-leg, loose-fitting design, complete with pleated details for a sophisticated touch. They come with two front pockets, one back pocket, and a combination of an elastic waistband and drawstring for a prefect fit.Styling Match : Versatile and stylish, these mens casual pants pair perfectly with a casual t-shirt for a laid-back look or a crisp button-down shirt for a more polished appearance. They can easily transition from day to night, making them a wardrobe staple.Occasions: Ideal for various occasions, these pants are perfect for daily wear, lounging at home, casual outings, or even semi-formal events. Their comfort and style make them suitable for both work and leisure activities.Care Tips: Machine washable for easy care, wash in cold water and tumble dry on low. Please refer to the size chart for your perfect fit.",39.99
B001NSEC9I,Clothing,Haggar Store,Haggar Men’s Hidden Expandable Waistband Classic Fit Pleated Front Gabardine Dress Pant,Classic pleated dress pant with cuffed hem and button-through welt pockets at backHidden expandable waistband for customizable fitSlanted hand pockets,63.7475
B01N28YIF8,Clothing,Haggar Store,Haggar Men's Casual Classic Fit Denim Trouser Pant-Regular and Big & Tall Sizes,"FEATURES: This Premium Stretch Denim Trouser features a hidden expandable waistband in a classic fit, flat front model. Sublte details include offseam front pockets, single welt back pockets and roll hem. We made this denim pant even better with stretch!STYLE: Broken in and comfortable from the start with garment-washed softness, a classic fit and comfortable expandable waistband. This denim trouser allows you to have the comfort of your everyday denim with a business casual look.COMFORT: Featuring a hidden expandable waistband that allows up to 3"" of stretch for the ultimate comfort!MATERIAL: A stretch denim without hindering the garment wash after wash! This pant is made with 63% Cotton, 36% Polyester, 1% Elastane Stretch. Elastane provides stretch with an incredible recovery.EASY CARE: Best of all, this pant is machine washable!",70.0
B07HNTS427,Clothing,Calvin Klein Store,"Calvin Klein Men's Modern Fit Dress Pants | Suit Pants for Men | Performance Stretch Fabric, Flat Front, Ready-to-Wear","Enhanced Comfort with Performance Fabric: Crafted from high-quality performance fabric with added stretch, these dress pants offer exceptional comfort and flexibility throughout your day.Modern Fit with Tailored Style: Features a modern fit with a gentle taper to the ankle for a sleek, contemporary look that pairs effortlessly with a button-down shirt and blazer.Ready-to-Wear Convenience: Delivered with a finished hem, these pants are ready to wear straight out of the box, saving you time and hassle.Easy Care and Maintenance: Machine washable for effortless care, these pants maintain their shape and quality even after multiple washes.Versatile Color Options: Available in multiple colors to suit any occasion, these versatile dress pants are perfect for both formal events and professional settings.",59.99
B096YQ5KTS,Clothing,Amazon Essentials Store,Amazon Essentials Men's Classic-Fit Expandable-Waist Pleated Dress Pant,"CLASSIC FIT: Roomy through hip & thigh with straight leg. Sits at the waist.SUITING FABRIC: Cut from a sleek polyester twill suiting material with a subtle refined sheen for a tailored or business casual look all year round. Offered in conventional or recycled polyester fabric.BUSINESS CASUAL: These pleated front dress pants can be worn with a dress shirt or paired with a blazer. Wear with Amazon Essentials Men's Derbies and leather belts to accessorize.DETAILS: Subtle, expandable waistband detail stretches up to 2 inches in the waist for all-day comfort. Features a waistband curtain for a tailored look, button closure and zip fly, front off-seam pockets, and button-through double-welt back pockets.LEG OPENING: 8 3/4"" on US size 32.",33.5
B096YLM4CK,Clothing,Amazon Essentials Store,Amazon Essentials mens Straight-fit Stretch Golf Pant,"STRAIGHT FIT: Fits with slight ease through hip and thigh with straight leg. Sits at the waist.PERFORMANCE FABRIC: Train in confidence with these lightweight golf pants featuring a moisture-wicking, gentle stretch and wrinkle-resistant fabricGOLF STYLING: Designed for optimal performance and all day comfort on or off the course. Shirt-gripping active waistband keeps your shirt neatly tucked in.DETAILS: Features classic front and back pant pocketing with a fifth pocket for tees, markers, or coins.LEG OPENING: 8"" on US size 32.",29.3
B06XD4BK82,Clothing,Hanes Store,"Hanes, EcoSmart Fleece Sweats for Men, Open Bottom Sweatpants, 30.5""","FLEECE FOR THE FUTURE - EcoSmart mid-weight, year-round cotton/poly fleece with up to 5% of the poly fibers.RELAXED SILHOUETTE - For warming up, cooling down, or kicking back, these sweats have a relaxed fit with a straight leg and an open hem.SOFT, PLUSH, AND MADE TO STAY THAT WAY - Pill-resistant durable fleece stays warm and cozy.HANDY POCKETS - Side-seam pockets hold essentials.EASE AT THE WAIST - An inside drawstring assures the fit you want at the waist.TAG-FREE AND ITCH-FREE - Tagless design means no annoying tag to itch or bunch up.",18.0
B08JGBB9N1,Clothing,BALENNZ Store,BALENNZ Athletic Shorts for Men with Pockets and Elastic Waistband Quick Dry Activewear,"BOOST PERFORMANCE: We use soft fabric to bring you sports shorts for men that offer just the right balance of softness, breathability, and stretchiness to keep you comfortable throughout your workouts10-INCH INSEAM: Whether you're working out at the gym or running on the track, our men's gym shorts have you covered. They are suitable for all your sports and workout activities including gym, cycling, running, basketball, football, tennis and morePOCKETS ON BOTH SIDES: Thanks to the hand pockets, you can easily carry your wallet, smartphone, and other small accessories when working out or traveling. These mens athletic shorts can be paired up with other clothing to create your own lookBREATHABLE & QUICK DRYING: Our breathable sports shorts for men wick moisture away from the skin while being gentle and quick-drying so you can workout, train and push your limits while staying comfortable and feeling dryGET THE RIGHT FIT: Our men's workout shorts feature an encased elastic waistband which coupled with the inner drawcord makes sure you get the great fit every time. Our shorts stay comfortably in place whether running or training without sliding up or down",43.99
B0CRHF41F7,Clothing,BOOJO Store,5 Pack Athletic Gym Mens Shorts - Workout Black Quick Dry Basketball Shorts with Pockets for Running Casual Activewear,"【Soft & Comfortable & Cost Effective】Men's athletic shorts are made with soft fabric, upgraded in comfort, breathability and stretch, making you feel comfortable during your workout，5 packs offer a more favorable price than 1, 2, 3 and 4 pack.【Fit & LightWeight】 Our men's gym shorts feature an elastic waistband with an inside drawstring. Whether you're running or training, our shorts stay comfortable and don't slide up or down, ensuring you get the perfect fit every time.【LARGE POCKETS & STRONG SEAMS】 Two side pockets are designed to take the hassle out of backpacking for you, you can carry your smartphone, wallet or other essentials when you workout or go out. Upgraded shorts stitching and 10 inch inseam, so you can avoid the embarrassment of torn shorts.【Quick Drying & Breathable】 Men's casual basketball shorts are made of moisture wicking fabric, which can absorb sweat from the skin and dry gently and quickly, so that you can stay comfortable and dry when exercising, home activities and sports.【Multiple Occasions & Customer Service】BOOJO men's athletic shorts you can use as gym shorts, running shorts, basketball shorts or home leisure shorts, all of which can bring you a comfortable experience, if you have any questions about our products, please contact us！",31.89
B085NF55WL,Clothing,COOFANDY Store,COOFANDY Men's 2 Pack Gym Workout Shorts 7 Inch Quick Dry Athletic Shorts Lightweight Running Shorts with Pockets,"Lightweight, 4-way stretch fabric with moisture-wicking and quick-dry technology makes the 7-inch gym shorts comfortable and stress-free during workouts and other activitiesMens workouts shorts design in regular fit, featuring elasticized waist with adjustable drawstring, solid color, 1 back zipper pocket ; 2 side pockets prevent your phone from falling out when you exercise; Open flap design allows more movement for weight training.You can pair this 7 inch athletic shorts with tank tops/t shirts for workout or leisure all day long.Quick dry gym shorts great for all seasons, suitable for workout, gym, athletic, running, jogging, fitness, bodybuilding, basketball, squats, lunges, boxing wear, training, exercise, vacation, fishing, outdoor leisure or trendy casual wear.Machine washable. US sizes. Please check our size chart before ordering",39.99
B0BLKKW3M4,Clothing,JMIERR Store,JMIERR Mens Casual Shorts - Cotton Drawstring Summer Beach Stretch Twill Chino Golf Shorts,"Twill elastic and comfortable Breathable material: Our JMIERR Men's Casual Shorts are made of a 94% Cotton + 6% Elastane blend twill fabric, ensuring maximum breathability, softness, and comfort. The highly elastic material provides great flexibility for daily activities, making it perfect for sports or casual wear.Sports design: Our sports design features tapered sports pants made of micro-elastic fabrics, providing optimal comfort during physical activities. The long drawstring waistband allows for adjustable fit, and the front and back pockets with a three-dimensional leather label design enhance the overall style.Reinforced pockets: Our sports casual shorts come with reinforced pockets - 2 on the front and 2 on the back. The reinforced treatment ensures that your phone, keys, or wallet stay securely in place while jogging or running.Our workout shorts are designed for multiple occasions. They come with an adjustable internal drawstring and elastic waistband, providing a slim and fit appearance. These versatile shorts can be worn for golf, hiking, training, gym workouts, running, and other sports activities, as well as for daily life and work. They also make perfect gifts for your loved ones.Package Content: The package includes 1 X Men's Casual Shorts. Please refer to the JMIERR Size Chart for accurate sizing before placing your order. These stylish and high-quality shorts are a must-have addition to any wardrobe, making them perfect for yourself or as a thoughtful gift for your boyfriend, son, husband, or any fashion-conscious individual.",24.99
B08TB5KMQ8,Clothing,Lee Store,Lee Men's Extreme Motion Carolina Cargo Short,"REGULAR FIT. When you’re on the move, this cargo short will be your go to. Designed with a regular fit and Extreme Motion flex waistband, these shorts are made to keep you comfortable through any activity.EXTREME FLEX WAISTBAND. Constructed with comfort in mind, our innovative flex waistband ensures an unrestricted fit that moves and bends with you.PERFORMANCE FABRIC. Made with our moisture-wicking performance stretch fabric for breathable 360-degree motion, these cargo shorts allow you to move without restriction.A LIFETIME OF QUALITY. For over 100 years, Lee has produced quality apparel with durability and long-lasting construction in mind. Lee is committed to designing clothing that conforms to your body, allowing you to move through life freely.SPECIFICATIONS. (7) Pockets with extra storage. Zipper fly with button closure. 11-inch inseam.",34.9
B0CRRF28SH,Clothing,BOOJO Store,3 Pack Gym Basketball Mens Shorts - Quick Dry Black Workout Athletic Shorts with Pockets for Casual Running (S-6XL),"【LIGHTWEIGHT & BREATHABLE】BOOJO athletic shorts are designed with premium polyester for softness, breathability, and stretch. These lightweight shorts offer a comfortable texture, eliminating any irritation. With quick-drying properties, they ensure cool and comfy wear for any activity.【SECURE POCKETS & COST-EFFECTIVE】Our gym shorts offer both affordability and convenience. They feature deep, secure pockets that ensure comfortable wear and unrestricted movement. Safely store essentials like your phone, keys, or wallet, allowing you to focus on your activities【PRACTICAL DRAWSTRING】Our men's workout shorts feature a highly elastic waistband and a practical drawstring for a secure and comfortable fit. Designed for excellent performance during lounging, exercise, or basketball, they stay in place for unparalleled comfort without slipping or sliding.【MAXIMUM FLEXIBILITY & COMFORT】The running shorts, with a 10-inch inseam, provide maximum flexibility and comfort. Designed to minimize friction during various activities, they suit different sports. Whether in intense workouts or casual outings, enjoy the freedom and comfort our shorts offer.【MANY OCCASIONS】The men's shorts are designed to suit a variety of activities, including basketball, lounging, casual wear, walking, sleeping, yoga, training, athletics, jogging, running, tennis, or travel. Available in a range of colors, our shorts deliver unmatched comfort while catering to your diverse style preferences.",25.99
B0BWNHZCCR,Clothing,NY Threads Store,NY Threads Men's Athletic Shorts Quick Dry Loose-Fit Lightweight Running Workout Gym Shorts with Pockets,"Size - You have chosen the size ""Large"", Please refer to the 'Size Chart' for detailed measurements.High Quality - Made of the finest polyester, it is stretchable, wrinkle-resistant, moisture-wicking, and breathable, allowing unrestricted movement and ease. Perfect finishing and look that boost confidence.Strength & Comfort - A blend of durability and Lightweight that helps athletes go the extra mile. Perfect for indoor and outdoor sports.Versatile Comfort - Shorts feature 2 Pockets with an incredibly adaptive design to store Essentials and an adjustable Drawstring elastic waistband for a perfect fit.Care Instructions - Advisable to machine-wash with cold water and like colors. Use only non-chlorine bleach when needed. Avoid dry clean.",9.99
B096YJ8663,Clothing,Amazon Essentials Store,Amazon Essentials Men's Classic-Fit Stretch Golf Short (Available in Big & Tall),"CLASSIC FIT: Roomy through hip & thigh with straight leg. Sits at the waist.PERFORMANCE FABRIC: Train in confidence with these lightweight golf pants featuring a moisture-wicking, gentle stretch and wrinkle-resistant fabricGOLF STYLING: Designed for optimal performance and all day comfort on or off the course. Shirt gripping active waistband that keeps your shirt neatly tucked in.DETAILS: Features classic front and back pant pocketing with a fifth pocket for tees, markers, or coins.INSEAM: 9"" on US size 32 and 46.",28.775
B00BBW2XZG,Clothing,DOCKERS Store,Dockers Men's Perfect Classic Fit Shorts (Regular and Big & Tall),"Classic fit - Our classic fit is what we built our brand on, with easy, straight lines10.5"" Inseam; Twill FabricationLarger smart phone pocket; features hidden security pocket with a concealed zipper & coin compartmentZip Fly; welt pockets",27.99
B08D2TC7BT,Clothing,Real Essentials Store,5 Pack Men's Active Quick Dry Fit Shorts - Athletic Running Gym Workout Casual Shorts with Pockets Bulk,"Comfort & Mobility for Every Activity – These men's athletic shorts are designed with a 9-inch inseam, offering full range of motion and flexibility. Made from stretchy, breathable fabric, they provide comfort during running, weightlifting, or casual activities. Perfect for active individuals looking for versatile shorts for all types of physical activities.Moisture-Wicking Technology – Experience all-day comfort with the moisture-wicking properties of these dry fit shorts. Whether you're hitting the gym or jogging outdoors, these mens shorts athletic help keep sweat away from your body, allowing you to stay dry and comfortable through the most intense workouts. Stay fresh and focused with every move.Unmatched Performance and Adaptability - Crafted from lightweight, quick-drying material, these gym shorts men are made to withstand the toughest workouts. The breathable fabric promotes airflow, ensuring comfort and durability. Ideal for running, training, or any high-energy sport, they offer maximum flexibility to move freely and support your active lifestyle.Timeless Style Meets Everyday Comfort - Timeless Style – These workout and basketball shorts men come in sleek colors like black, white, and navy, offering a stylish and functional design. Their versatile look allows you to wear them both on and off the court, making them suitable for any workout shorts men or mens shorts casual outing. Pair them with your favorite athletic wear for a perfect combination of style and performance.Effortless Care for Long-Lasting Wear – Our men's athletic shorts are easy to care for, machine washable, and retain their shape and color after multiple washes. Made from durable, high-quality materials, they’re built to last, keeping you fresh and ready for any activity without the hassle. Real Essentials makes maintaining your gym shorts simple.",35.99
B00CAXS2Q4,Clothing,Hanes Store,"Hanes Men's Boxers, Cotton Knit Comfortable Boxer Underwear, Moisture-wicking Cotton Boxers, 5-pack",T-SHIRT SOFTNESS - Soft and breathable cotton feels as good as your favorite tee.STAY COOL - Cool Comfort fabric wicks away moisture to keep you cool and dry all day.COMFORT AT THE WAIST - ComfortSoft no-pinch stretch logo waistband moves with you and won't stretch out.NO-WORRY BUTTON FLY - Stays flat and smooth.TAGLESS - No annoying tag to bunch up or itch.STOCK-UP 5-PACK - Pack of basic colors for one-and-done ease.,20.0
B08GZL48D9,Clothing,Fruit of the Loom Store,"Fruit of the Loom Men's Tag Free Woven Boxer Shorts, Relaxed Fit, Moisture Wicking, Assorted Color Multipacks","This is an assorted color pack. This pack may contain all solids, all prints or a combination.Legs don't bunch or bindFly front",25.99
B09PYTB8SD,Clothing,Brand: Gaglg,"Men's 5"" Running Shorts 2 Pack Quick Dry Athletic Workout Gym Shorts with Zipper Pockets","A relaxed-fit workout gym shorts made from lightweight for a supple feel and ideal drape.The premium quality polyester fabric is stitched with double lock systems. The quick-dry, breathable fabric helps the ventilation to your skin during the workouts. Running workout shorts are tested to last long and stay in great condition all throughout. Our men's fitness athletic shorts offer a comfortable fit and perforated detail for breathability to keep you dry through intense workouts;Athletic training shorts offer a relaxed fit with a rugged cut-off hem to cater to both style and performance. The dual-concealed zippered pockets hold your small essentials,whilst our premium elastic waistband with invisible drawcord provides a secure fit during high-paced activities.Our bodybuilding workout running shorts have a streamlined design and very unique cuts and details that will be suitable for the fitness sports;The athletic fitness shorts will have a breathable elastic panel between the sides and inner seams,promoting ventilation as well as flexibility.A super lightweight, high-stretch elastic panel - complimented by breathable mesh fabric and low-profile seams - is technically engineered so you can train for flexibility and focus harder than ever before;Gaglg gym workout shorts have been carefully chosen for their fit,their performance, and their durability. If you want gym bodybuilding shorts for men that can keep up with you, pace for pace,our fitness workout collection is easily up to the task.Suitable for Running,Workout,Training,Jogging,Basketball,Boxing Wear,Soccer,cycling,hiking and other training activities;Use the chart below to determine your size based on your measurements.The chart below is based on ranges, so look for the range that best suits you. If you're on the borderline between two sizes, order the smaller size for a tighter fit or the larger size for a looser fit.We are committed to continuously improving our customers' wearing experience.If for any reason, you are unhappy with the gym shorts for men, we are here to provide a solution as per your wish;",25.99
B01AK7Z1ZG,Clothing,Champion Store,"Champion Men's Sport Shorts, Moisture Wicking, Athletic Shorts, Gym Shorts (Reg. Or Big & Tall)","THE FIT - Standard-fit sport shorts for men with a 10"" inseam that hits at the knee.THE FEEL - Lightweight, 4.4 oz. fabrication delivers incredible comfort.THE LOOK - An elastic drawcord waistband provides a custom fit, while side vents make for easy moves on and off the court.DON’T SWEAT THE SWEAT - These men's shorts have Double Dry technology that wicks moisture away from the skin.POCKETS - Side pockets keep essentials close by.SPOT THE C - Iconic C logo patch at the hem is recognizable on and off the field.",25.0
B07NDP7ZTX,Clothing,Real Essentials Store,Real Essentials 5 Pack: Men's Mesh Athletic Basketball Shorts Quick Dry Activewear with Pockets,"Designed for Comfort and Performance: Our Men's Mesh Athletic Shorts are made with a breathable and moisture-wicking fabric that keeps you cool and dry during any activity. With an adjustable drawstring waist and a comfortable fit, these shorts are perfect for any workout or athletic event, like a basketball game or running.Enjoy Versatility and Convenience: With our 5-pack of Men's Mesh Shorts, you can enjoy the benefits of having multiple pairs of high-quality shorts at an affordable price. These shorts are perfect for any activity, from basketball and soccer to running and fitness. Plus, with pockets included, you can carry your essentials with you wherever you go.Features You'll Love: Our Men's Mesh Shorts feature a quick-dry fabric that ensures you stay dry and comfortable all day long. These shorts also have a stretchy and loose 9-inch inseam design that provides maximum range of motion and flexibility. Plus, the variety of colors allows you to mix and match with any shirt or athletic gear.A Great Gift Idea: Looking for the perfect gift for the sporty man in your life? Our 5-pack of Men's Mesh Shorts is an excellent choice. With a variety of colors and sizes to choose from, these shorts make a practical and stylish gift for any occasion.Real Essentials' Commitment to the Family: At Real Essentials, we believe in providing high-quality clothing options for hard-working families at an affordable price. Our 5-pack of Men's Mesh Shorts takes your dollar further, giving you multiple options for any activity. Whether you're hitting the gym or just lounging around, our Men's Mesh Shorts are the perfect addition to your activewear collection.",35.99
B08LT8LY5N,Clothing,Ultra Performance Store,"Ultra Performance Mens 5 Pack Athletic Running Shorts, Basketball Gym Workout Shorts for Men with Zippered Pockets","The Right Pair Of Men's Workout Shorts Won’t Just Improve Your Performance At The Gym They Could Actually Motivate You To Break A Sweat. We Provide The Highest Quality Mens Workout Shorts.Our workout shorts for men come in 5 styles; Dry Fit Mens sport shorts with Rubber Zip PKTS in Inseam, Solid Marled Dry Fit Running Shorts with Rubber Zip PKTS in Inseam, Marled Dry Fit Athletic Shorts with Rubber Zip PKTS in Inseam, Dry Fit Men's Shorts with Printed Side Panel & Rubber Zipper Pocket , Printed Marble Dry Fit Black Solid Work Out Shorts with Rubber Zippered Pockets & Dry Fit ASST Black Pack with Rubber Zipper PocketOur Mens Running Shorts With Pockets Come In The Following Sizes : Small, Medium, Large, X-Large & 2X Sizes.Active Athletic Performance Mens Gym Shorts With Pockets - 5 Pack Are Constructed With Moisture Wicking Technology.These Athletic shorts for men are great for workouts, basketball shorts for men, football, volleyball, tennis, baseball, soccer, exercise training, cycling, running, hiking, jogging, boxing, etc",34.99
B0728KK8VK,Clothing,Amazon Essentials Store,"Amazon Essentials Men's Performance Tech Loose-Fit Shorts (Available in Big & Tall), Pack of 2","RELAXED FIT: Our most generous shorts fit, relaxed through the hip, thigh, and leg. Sits below the waist.PERFORMANCE TECH FABRIC: An ultra-lightweight and breathable fabric, with a soft finish. Made with quick dry and moisture-wicking finishes, helping you stay comfortable and cool while you workout. This honeycomb texture knit fabric has a 4 way gentle stretch for full flexibility during wear.BASKETBALL SHORTS: Mix and match your wardrobe with these effortless shorts, perfect for the studio or everyday comfort. These shorts are designed to sit just above the knee. Whether you're heading out for a jog, a quick game of basketball or running errands with the kids, our apparel is made to work out, live in, and lounge.DETAILS: Featuring an adjustable elasticated waistband with drawcord , for additional security during workouts.INSEAM LENGTH: 8"" on US size M",21.11
B0CQ1MZ1FP,Clothing,adidas Store,adidas Men's Adi Advantage Golf Shorts,"Men's golf shorts for classic style and all-day comfortREGULAR FIT: Strikes a comfortable balance between loose and snugEASY STORAGE: Front and back pockets hold small itemsMADE WITH RECYCLED MATERIALS: Made with 100% recycled materials, this product represents just one of our solutions to help end plastic waste",60.0
B01JQTRMEC,Clothing,Amazon Essentials Store,Amazon Essentials Men's Classic-Fit Cargo Short (Available in Big & Tall),"Roomy through hip & thigh with straight leg. Sits at the waistSoft, lightweight, and breathable twill cotton10-inch inseamSits naturally at waistAn Amazon brand",15.88
B09LSJKWMV,Clothing,Lee Store,Lee Men's Extreme Motion Crossroad Cargo Short,"Relaxed fit; hits at the kneeFeaturing 7 pockets including side cargo pockets and cell phone pocketComfort stretch fabricExtreme comfort waistband, an athletic flex waistbandInseam: 10.50 inches",34.9
B0BFDRQLNC,Clothing,NORTHYARD Store,"NORTHYARD Men's Athletic Running Shorts Quick Dry Workout Shorts 7""/ 5""/ 9"" Lightweight Sports Gym Basketball Shorts Hiking","Lightweight & Breathability: Men's athletic hiking Shorts are made quality 4-Way Stretch/breathable and quick-drying fabric helps to wick away moisture and dry quickly keep you cool A synthetic of polyester and spandex can be very durable, abrasion-resistant, and stretchy enough to allow for better mobilityUNIQUE: Exercise cool Shorts have stylish casual breathable holes on both sides, designed exclusively by NORTHYARD Soft Elastic waistband/ built-in adjustable drawstring for custom fit, flatlock seams reduce chafe for additional comfort and ease of movementTwo stylish reflective strips at the front and back allow you to improve safety in low-light situations3 Zipper Pockets: Men's athleisure unlined Shorts feature conveniently placed and easily accessible pockets so that you can quickly store and retrieve your items The 2 side and 1 back pockets with zipper offer easy storage for your essentials and are also deep enough to prevent the items from falling out during activitiesSunprotection & Cool: UPF 50+ Fabric let you move comfortably and provide great UV protection(No belt loops)-pocket cloth made of mesh fabric, very refreshing and breathable for your all-day comfortPerfect cooling shorts: NORTHYARD Men's thin active shorts are suitable for various occasions such as Tennis, Beach play, Soccer, Vacation Travel, Fitnes, jogging, holiday, Walking, festival, Football Sports or four seasons all day wear",25.99
B08FBLCCWT,Clothing,Fruit of the Loom Store,"Fruit of the Loom Men's Tag Free Knit Boxer Shorts, Relaxed Fit, Moisture Wicking, Assorted Color Multipacks","This is an assorted color pack. This pack may contain all solids, all prints or a combination.Soft knit fabricSoft, fabric covered tag free waistbandButton-flyWicks moisture",25.99
B016Y8268U,Clothing,Lee Store,Lee Men's Extreme Motion Flat Front Short,"STRAIGHT FIT. With a straight fit from the seat through the thigh, these khaki shorts feature a flex waistband for comfort in movement. This short hits at the knee and provides a tailored yet casual look that keeps you comfortable all day long.CLASSIC STYLING. A timeless classic with performance features, these straight fit khaki shorts are perfect for everyday wear. From a casual lunch to a day in the park, these shorts will add effortless style and all-day comfort to any outfit.LIVE IN COMFORT. The Extreme Comfort Shorts offer work-to-play versatility. Athletic details like mesh pockets, a flex waistband and Active Comfort Fabric are combined with a classic khaki look for maximum comfort and style.A LIFETIME OF QUALITY. For over 100 years, Lee has produced quality apparel with durability and long-lasting construction in mind. Lee is committed to designing clothing that conforms to your body, allowing you to move through life freely.SPECIFICATIONS. (2) Front slant pockets, (2) back welt pockets, zipper fly with button closure, 10"" inseam. Fabric varies by color.",42.4
B082TJ32DM,Clothing,Volcom Store,Volcom Men's Vmonty Stretch 22,Zip Fly with Button Closure22inch OutseamAsymmetrical Back YokeStretch Knit ConstructionVolcom Logo on Leg,50.0
B08JTQP6VY,Clothing,Profectors Store,Men's Athletic Shorts with Pockets and Elastic Waistband Quick Dry Activewear Workout Shorts for Men,"【SOFT & BREATHABLE】: The men's loose-fit shorts are made with soft, breathable, lightweight fabrics that strike a balance of comfort and stretch for ultimate comfort【QUICK DRYING & MOISTURE WICKING】: The men's basketball shorts are made of moisture-wicking fabric that wicks moisture away from the skin while quick-drying make sure you stay cool and dry throughout the day【ELASTIC WAISTBAND & INTERNAL DRAWCORD】: Thanks to the elastic waistband coupled with adjustable internal drawstring, our men's athletic shorts stay comfortably in place whether running or training without sliding up or down【DEEP POCKETS ON BOTH SIDES】: Our workout shorts are designed with pockets on both sides that provide the perfect fit for your wallet, smartphones, keys and more all your small eseentials【10-INCH INSEAM】: Whether you’re going for a run or working out at the gym, our mens fitness shorts have you covered. They are suitable for all your sports and workout activities including gym, cycling, running, basketball, football, tennis, weightlifting and more",42.99
B0151E6WTW,Clothing,Hanes Store,"Hanes Men's Athletic Shorts, Favorite Cotton Jersey Shorts, Pull-On Knit Shorts with Pockets, Knit Gym Shorts, 7.5"" Inseam","COMFORTING COTTON - Pure cotton jersey that's as soft as your favorite tee shirt.EASE AT THE WAIST - An elasticized pull-on waist with an interior drawstring is all about comfort.HANDY SIDE POCKETS - Who could live without pockets for your essentials?VERSATILE LENGTH - Mid-thigh length with a 7.5"" inseam, perfect for working out or hanging out.THE COLORS YOU WANT - Available in a range of the neutral colors guys want.QUALITY FABRIC - Hanes jersey shorts with pockets are made of 100% cotton (light steel: 90% cotton/10% polyester; charcoal heather, camo green heather: 50% cotton/50% polyester).",16.0
B0BQQYDHLG,Clothing,JMIERR Store,JMIERR Mens Casual Twill Cargo Shorts Cotton Drawstring Classic Cargo Stretch Short with 6 Pockets,"【Classic Cargo Design】JMIERR Classic Cargo Shorts for Outdoor or Work Use with Versatility and Comfort, Roomy hips and Thighs, Straight Legs, a Timeless Silhouette and Extra Storage.【Multiple Pockets】6 Pockets for Your Storage Needs. 2 Side Cargo Flap Pockets, 2 Slash Pockets, and 2 Rear Cargo Pockets. Great for storing personal items or gadgets.【Comfortable Material】JMIERR Cargo Shorts are Made of 95% Cotton + 5% Elastane for More Breathability and Softness. The Cycling Twill Casual Stretch Shorts are Made of High Stretch Material to Provide Great Flexibility and Movement Comfort in Daily Life.【Applicable Occasions】Designed with an adjustable drawstring, these cargo shorts have a slimming effect, suitable for golf, training, gym, running, basketball, daily wear, and work. A perfect gift for your boyfriend, son, husband, or yourself.【Package Content】1 X Men's Casual Shorts. Please Refer to the JMIERR Size Chart before Ordering, Not Amazon Size Chart.",29.99
B07PPXVTXJ,Clothing,Under Armour Store,Under Armour Men's Tech Golf Shorts,"Smooth, stretchy woven fabric is light but durable4-way stretch construction moves better in every directionMaterial wicks sweat & dries really fastFlat-front, 4-pocket designInseam: 10""",60.0
B09WCWZPLD,Clothing,Under Armour Store,Under Armour Men's Tech Graphic Shorts,"UA Tech fabric is quick-drying, ultra-soft & has a more natural feelMaterial wicks sweat & dries really fastEncased elastic waistband with internal drawcordMesh hand pocketsInseam: 10""""No liner",30.0
B0DMRJYXLP,Clothing,BOOJO Store,7 Pack Mens Athletic Shorts - Gym Basketball Running Workout Quick Dry Black Shorts with Pockets for Casual Performance,"Comfortable & Cost-effective: Mens shorts are fabricated with soft materials, offering extreme comfort, excellent breathability, and abundant elasticity.Perfect for everyday wear or intense workouts.The combination of 7 sets is more economical compared to 1,2, 3, and 5 sets.Fit & LightWeight: Our shorts for men feature an elastic belt design, inclusive of a drawstring. It enables the adjustment of the waist tightness based on personal preferences. Whether during sports or leisure time, it will not shift up and down, providing a very relaxed experience.Deep pockets design: The mens basketball shorts have two functional pockets, which are convenient for storing small items such as phones and keys. You don't need an extra backpack when going out. And the pocket lines have been upgraded, so they won't easily break even after multiple uses.Multi-color selection: 7 pack of mens gym workout casual shorts, with a variety of colors, such as black, dark gray, navy, light gray, army green, etc., enjoy a variety of colors at one time, whether it is with casual short sleeves or shirts, you can find the right color.Scene Application: Athletic shorts men, suitable for different scenarios, can let you sweat in the gym, busy in the office, running outside, and enjoy leisure time at home or outdoors. They can be the ideal choice, bringing comfort, breathability and convenience to life.",39.99
B088GTRQY8,Clothing,Volcom Store,Volcom Men's Vmonty Chino Shorts,22” outseamRelaxed Fit Chino ShortDouble asymmetric back yokesBack leg Stone embroideryBranded front shank button,45.0
B000J9YQOS,Clothing,Champion Store,"Champion Men's Shorts, Men's Mesh Gym Shorts, Lightweight Athletic Shorts (Reg. Or Big & Tall)","THE FIT - Classic mesh men's shorts with a standard fit and 9"" inseam. Elastic waistband with drawcords adjust for the perfect fit.THE FEEL - Comfortable and light mesh material with tricot liner makes up these shorts for men.THE LOOK - Mesh shorts with classic side slits for mobility.POCKETS - Gym shorts with side pockets keep essentials close.EASY CARE - Machine wash cold with like colors for easy care that reduces energy use.Note: C logo patch color may vary from image.",30.0
B08Q86H92W,Clothing,DOCKERS Store,"Dockers Men's Perfect Classic Fit 8"" Shorts",Set on waistbandLarger smart phone pocketWe call these the perfect shorts for a reason|Doesn't stretch|Welt pockets|Zip fly|Imported|Style: A16250001|Color: Maritime BlueStraight fit : This fit is straight and relaxed — but never baggy|Features a Hidden Security Pocket with a concealed zipper and coin compartment|Imported|Style: A16250001|Color: Maritime Blue,27.99
B07R1J9J3J,Clothing,MIER Store,"MIER Men's Workout Running Shorts Quick Dry Active 5 Inches Shorts with Pockets, Lightweight, Breathable","Super lightweight & breathable ---- MIER training running shorts have super silky soft, next-to-skin feel, light as a feather putting no burden on your exercise. Spliced with micro air mesh that keeps air flowing to provide you with breathability3 versatility pockets ---- 2 deep slash pockets for storage and convenience (10.5"" x 7.5""), one internal drop-in pocket at waist for additional small items like keys, coins, mini-cardQuick dry technology fabric ---- Crafted with moisture wicking fabric and treatment of quick dry technology, dries out rapidly during sweaty runs, keep you a long-day comfort. Elastic waistband with inside adjustable drawcord for a snug, adjustable fitComfy fit shorts ---- Single-layer athletic shorts with 5"" inseam, side splits at hem for ventilated comfort and freedom to move, 4-way stretch fabrication allows greater mobility & maintains shapeEasy Care --- Machine washable. These 5 inch mens athletic shorts are great for running, gym sessions, workouts, basketball, soccer, training, hiking, various sports endeavors, and everyday casual wear",21.99
B07RDL93KQ,Clothing,Hanes Store,"Hanes Mens 2 Pack Cotton Sleep Short, 7.5"" Inseam, Comfortable and Breathable, Assorted Colors","Ultimate Comfort: Experience unmatched comfort with these Hanes sleep shorts, designed with a soft cotton blend and a flexible elastic waistband for a perfect fit all night long.Breathable & Lightweight: Stay cool and relaxed in these lightweight pajama shorts, featuring a breathable fabric that's ideal for sleeping or lounging at home.Convenient 2-Pack: Double the value and versatility with this pack of two, ensuring you always have a clean pair on hand for a restful night's sleep.Classic Style & Fit: These sleep shorts boast a classic look with practical side pockets and adjustable drawstrings, making them a staple in any men's sleepwear collection.Easy Care & Durable: These Hanes sleep shorts are machine washable and designed to retain softness and color, ensuring long-lasting comfort and convenience.",20.98
B0B1LX9FGW,Clothing,Pudolla Store,"Pudolla Men's Hiking Cargo Shorts 9"" Lightweight Outdoor Work Shorts for Men Travel Golf Camping Casual with 5 Zipper Pockets","5 Zipper Pockets Hiking Shorts: Including 2 slash pockets, 2 flat pockets, and a back pocket. All the deep zipper pockets allows for secure storage of valuables like wallets cell phone and keys.Lightweight Moisture Wicking Fabric: Lightweight cargo shorts are made of breathable fabric, features moisture wicking and quick drying, keep you comfortable and cool in summer outdoor activities.Expandable Waist Cargo Shorts: Designed with a elastic back waistband, button closure with zip fly and 2'' belt loop for a personalized fit, offers a security support to ensure you move-freely and bends easily.Sun Protection & Water Repellent: Durable UPF 50+ sun protection helps to block harmful UV rays when you are hike, play or relax outdoors. Added durable water repellent finish to repel light moisture and dirt.Mens Summer Shorts：Great for various outdoor activities, such as hiking, golf, cycling, fishing and yard work. The men's casual shorts also suitable for every day wear and a ideal gift for families and friends.",35.99
B085C2KTNG,Clothing,FT FENTENG Store,"Mens Swim Trunks Quick Dry Board Shorts with Mesh Lining, Breathable Fit Hawaii Beach Shorts Swimwear Bathing Suits","⛱Mens Quick Dry Swim Trunks ⛱: 100% High quality polyester, wrinkle free, quick-drying, breathable, lightweight, safe, comfortable and skin-friendly fabric, can direct contact to skin. It has some useful characteristics, sweat-absorbing, quick drying, etc. Normally it takes 5 to 10 minutes, swim shorts have become dry already.⛱Mens Board Shorts With Mesh Lining Design ⛱: All of our swim trunks are made with our comfort technology quick dry fabric with mesh lining. Elasticized waistband with drawstring can stretch and fixed the waist for comfort and adjustable. Mens swim trunks with pockets: the board shorts all get two beside pockets. It is mens elastic waist swim trunks and also mens drawstring swim trunks.⛱Printed Swim Trunks for Men ⛱: These surf shorts can be worn in and out of the water during summer vacation. Our swim trunks using dye-sublimation technology that allows graphics lifelike, vibrant colors and comfy material will bring you a cool summer! (Machine wash or hand wash with cold water recommend,do not use bleach.)⛱Surprise Vacation Gift ⛱: Ultimate sun protection, our mens swimming trunks provides upf 50+ which blocks the sun's harmful ultraviolet rays. It is suitable for various water activities such as Swimming, Surfing, Bodyboarding, Kayaking, Fishing, Rafting, etc. Nice gift ideal for your mens/ husband/ father in this summer.⛱Mens Swim Trunks with Liner ⛱: The board shorts mens swimwear are suitable for swimming, beach vacation and sports, fitness, or for home etc and the American Flag swimsuits by our unique fashional stylish design are the best choice as men's swimwear.",32.99
B08SS8M9JT,Outerwear,Amazon Essentials Store,Amazon Essentials Men's Packable Lightweight Water-Resistant Puffer Jacket (Available in Big & Tall),"REGULAR FIT: Comfortable, easy fit through the shoulders, chest, and waist.WATER-RESISTANT NYLON TAFFETA: Nylon plain weave shell and lining fabric. Fully lined, quilted and insulated. (100% polyester shell and lining fabric on Marble print colorway).COLD-WEATHER STYLING: Stay warm in this versatile water-resistant lightweight puffer jacket featuring a full-length center-front zipper and stand-up collar.DETAILS: Stand-up collar, two zippered hand pockets, and elasticated cuffs and bottom opening. Jacket packs neatly into included carrying bag with a drawstring closure.",43.93333333333334
B07S2D47L8,Outerwear,Carhartt Store,Carhartt Men's Relaxed Fit Washed Duck Sherpa-Lined Utility Jacket,"12-Ounce, 100% Cotton ring-spun washed duckSherpa lining in bodyQuilted lining in sleevesCardura reinforced sleeve hem with inner rib knit cuffAttached hood with low profile adjustment at hood hemReinforced Cordura at cuffs; Internal rib-knit storm cuffs help keep out the cold",129.99
B07VPH7GTM,Outerwear,TACVASEN Store,TACVASEN Men's Bomber Jacket Lightweight Casual Spring Fall Windbreaker Zip Up Coat with Pocket,"Material: Polyester; Lightweight, Windbreaker, BreathableFull zipper stand collar bomber jacket, The zipper head is on the leftFEATURE: Rib Knit Cuffs, Waistband, Collar for comfort, Dual pen pockets on sleeveMULTI-POCKETS: 1 zipper sleeve pocket, 2 zipper slant hand pochets, 1 inner pocketSuitable for: Outdoor, Casual, Sportwear, Working, Daily life, Hiking, Clubwear, Sports, Spring, Fall or other outdoor activities.",55.99
B07BN72SZ5,Outerwear,Amazon Essentials Store,Amazon Essentials Men's Lightweight Water-Resistant Packable Hooded Puffer Jacket,"REGULAR FIT: Comfortable, easy fit through the shoulders, chest, and waist.WATER-RESISTANT NYLON TAFFETA: Nylon plain weave shell and lining fabric. Fully lined, quilted and insulated. (100% polyester shell and lining fabric on Marble print colorway).COLD-WEATHER STYLING: Stay warm in this versatile water-resistant lightweight puffer jacket featuring a full-length center-front zipper and hood.DETAILS: Two zippered hand pockets and elasticated hood opening, cuffs and bottom opening. Jacket packs neatly into included carrying bag with a drawstring closure.",42.3
B096YM16SV,Outerwear,Amazon Essentials Store,Amazon Essentials Men's Full-Zip Fleece Jacket (Available in Big & Tall),"REGULAR FIT: Comfortable, easy fit through the shoulders, chest, and waist.POLAR FLEECE: Double-sided knit fabric with a brushed finish and subtle texture, this soft and cozy midweight fleece keeps you warm and insulated while withstanding everyday wear.COLD-WEATHER STYLING: Designed for outdoor activity, this polar fleece jacket takes you everywhere you need to go. Perfect as a finishing touch for a cool-weather look or a comfy base layer when it's time to bundle up.DETAILS: Features a mock-neck with full-length center-front zipper, two zippered hand pockets, and elastic-bound sleeve cuffs and bottom opening.This product contains 100% Recycled Claim Standard (RCS) certified recycled polyester",28.5
B07S2D56H6,Outerwear,Carhartt Store,Carhartt Men's Relaxed Fit Duck BlanketLined Detroit Jacket,Updated blanket lining in bodyQuilted nylon lining in sleevesCorduroy-trimmed collar with under-collar snaps for optional hoodLeft-chest pocket with zipper closureTwo inside pocketsTwo lower front pockets,129.99
B08ZNZ9NFT,Outerwear,Calvin Klein Store,Calvin Klein mens Mid-weight Sherpa Lined Puffer,"This sorona filled jacket is designed with style, warmth and comfort in mind.Sherpa Interior Lining; Fixed Hood; Elastic banded cuffs and hem for comfortThe signature Calvin Klein logo is stitched onto the sleeve and zipper detailing; and the addition of welt pockets give this down jacket added flare and functionSits just past the waist; look good zipped-up or left openA cozy lining make this Calvin Klein down jacket a quick favorite for trips to the lodge and beyond.",79.99
B08PF4YNVQ,Outerwear,COOFANDY Store,COOFANDY Mens Sport Coat Casual Blazer One Button Business Suit Jacket,"Premium Fabric: Mens casual blazer jacket is made of high quality twill materials, which is lightweight, breathable, soft and wrinkle free, providing great flexibility and comfort in daily lifeClassic Design: This mens slim fit sport coats features notched lapel, two flap pockets, one button closure and three sleeve buttons, showing a modern and stylish lookingMatch Tips: This men's lightweight blazer can be paired with jeans and a basic T-shirt for a stylish street look, or with suit pants and a dress shirt for a formal business look, which is a good blend of casual and business stylesMore Occasion: Mens travel modern suit jacket is suitable for business, wedding, dating, meeting, event, office work, ceremony, daily wear, concerts, etcNotice: This men's suit jacket is a regular fit, please carefully refer to the size chart on the product page before purchasing to ensure accurate fitting",54.99
B08ZQM6Y2B,Outerwear,Calvin Klein Store,Calvin Klein Men's Full Zip Down Puffer Coat,"Quality performance: Jackets with chest pocket and 2 lower welt pockets with zipper closures to keep your valuables safe; elastic banded cuffs and hem provide a tailored look without sacrificing comfortKeeping warm: Coat with interior down insulation and water-resistant outer layer provides added warmth and blocks out cold temperatures, so you’re ready for whatever the weather throws your wayInfinite stretch fabric: This coat features breathable fabric that enables stretch, allowing for extreme flexibility and full range of movementTravel-friendly: Easily pack and store this puffer jacket men can’t get enough of; lightweight fabric and interior insulation allow the jacket to fit where you need itComfort and style: This puffer jacket is sure to become a staple in your closet; bring it along in your work bag, wear it for a night out, as a winter jacket or as part of your daily outfit",79.99
B0921G7MCY,Outerwear,Calvin Klein Store,Calvin Klein Men's Snap Front Puffer Jacket,"Coat description: This sherpa-lined puffer jacket-men; is designed with style, warmth and comfort in mind, making it a great mens winter coats optionDesigner features: The signature Calvin Klein logo is stitched onto the sleeve and middle zipper detailing; and the two large side pockets give this quilted jacket added flare and functionFunction and style: These winter coats for men land just past the waist; look good zipped-up or left open and represent the comfortable style you expect in a piece for Calvin KleinWardrobe options: Calvin Klein jackets for men sport an easy fit and can be worn over fall clothes and winter clothes; looks great over a pair of jeans, joggers, or mens sweatpantsCalvin Klein men: Mens fashion you can count on for simple, comfortable style",79.99
B08BG7WRTG,Outerwear,Carhartt Store,Carhartt Men's Loose Fit Washed Duck Insulated Active Jacket,"12-Ounce, 100 percent ring-spun cotton washed duckNylon lining quilted to 80g 3M Thinsulate insulation in body, sleeves, and hoodAttached hood with low profile adjustment at hood hemUpdated lower front pockets with brushed tricot lining and reinforced bottomsPen stall in wearer's right, lower front pocket",129.99
B0CLSRB5CF,Outerwear,Columbia Store,Columbia Men's Ascender Softshell Jacket,"COMFORT STRETCH: Crafted from 100% polyester that offers comfort stretch, this comfortable softshell makes for versatile wear — from the trail to the office.WATER RESISTANT: don't worry if it starts to drizzle or the wind picks up. The water-and-wind-resistant jacket has you covered.CLASSIC FIT: This softshell is made with a regular fit cut, for a classic design that you don't have to think twice about.HANDY FEATURES: Thoughtful touches include an abrasion resistant chin guard, zippered chest and hand pockets, adjustable cuffs, and an adjustable hem.BUILT TO LAST: Columbia’s attention to detail is what sets our apparel apart. Specifying only the highest quality materials, expert stitching, and craftsmanship. This is a long-lasting garment you will enjoy for seasons to come.",90.0
B0792XJHZL,Outerwear,TACVASEN Store,TACVASEN Men's Special Ops Military Tactical Rain Jackets Winter Warm Fleece Softshell Hooded Raincoat Snowboard,"【Outershell】 Polyester; Inner: soft fleece is warm，lightweight, breathable. The smooth, abrasion-resistant softshell fabric help protect against the wind and keep you warm .And comfortable fabric allows for more flexibility in the outdoors.【Multi-Pockets】 two shoulder pocket; forearm pocket on left arm; two front slash, zippered chest pockets; one zippered back pockets; vent zipper under each arm.It can be used to store money, keys,phones, wallets, passports and other items, providing you with great privacy and convenience.【Humanized Design】Drawstring waist and hood. Elastic, hook & loop adjustable wrist cuffs. Featuring adjustable hem and cuffs to help protect against wind and keep you warm inside.There are headphone holes on the inside of the jacket to help with the hidden use of wired headphones【Waterproof & Windproof】This softshell fleece-lined jacket is treated to repel water while maintaining breathability. And it effectively prevents rainwater from entering your interior fabric, keeping you dry and comfortable.It helps to keep the cold wind out in cold winter weather. As well as preventing cold wind from entering the body to some extent.【Multiple Occasions】Men's jacket is suitable for tactical wear, outdoor sports, outdoor work, travel, cycling, hiking, mountaineering, fishing, camping, hunting.",77.99
B01BUGS7DO,Outerwear,Carhartt Store,Carhartt Men's Rain Defender Relaxed Fit Heavyweight Softshell Jacket,Carhartt Company Gear CollectionRain defender durable water-repellentWind fighter technology tames the windRugged flex technology for ease of movementMock-neck collar,129.99
B0BNVZFBQX,Outerwear,MAGCOMSEN Store,MAGCOMSEN Men's Winter Coats Water Resistant Ski Snow Jacket Warm Fleece Jacket Parka Raincoats With Multi-Pockets,"Windproof: Adjustable cuffs with hooks and loops; Internal drawcord hem, detachable and adjustable storm hood help to keep wind out.Water repellent: Professional water repellent jacket, keep your body always dry and comfortable, you won't worry about getting wet while skiing, snowboarding, hunting, hiking in inclement weather.Fleece Lining: Windproof Warm Jacket Coat With Thermal Fleece Lining to Keep You Warm in Cold Weather.Multi Pockets: 1 Zipper chest pocket, 2 huge zipper side pockets, 1 deep inner zipper pocket.Great for: Ourdoor sports, camping, hiking, climbing, skiing, snowboarding, trekking, fishing and travelling; Note: Standard US size.",73.99
B075M97YPB,Outerwear,chouyatou Store,chouyatou Men's Classic Notched Collar Double Breasted Wool Blend Pea Coat,"Fabric: 30% Wool/60% Polyester/10% Viscose; Lining: 100% PolyesterClassic turn down lapel collar, front double breasted closure, long sleeve with three buttonsSide slant entry pockets and inner pockets, thicked checker quilted lining for warmth, solid color(black and grey)High quality wool blend fabric, suitable for casual daily wear or business formal wearSIZE: Please refer to the Last Picture -""Size Chart"" before ordering. If you are not sure about the size, please contact us without hesitation",99.99
B008KWXQ38,Outerwear,Brand: LONDON FOG,LONDON FOG Men's Auburn Zip-Front Golf Jacket (Regular & Big-Tall Sizes),"A Smart-Casual Classic: Exceptional comfort and versatility—this classic style men’s golf jacket features a timeless design. Great for business casual outings or semi-active wear. This men's casual jacket provides polished comfort and flexibility.7 Pockets, Elastic Waist and Adjustable Cuff Snaps: Zippered pockets and fastening pockets keep all the items you carry secure. Elastic lining inside allows the jacket to expand and return to its original shape during movement, enhancing the overall fit and comfort of this stylish jacket.Practical and Comfortable: Lightweight polyester/soft microfiber blend construction is durable and great for all seasons. This is your go-to choice for layering. Be ready for any weather and any outing and don’t fear being under-dressed.Wind and Water Resistant: A great year-round zippered jacket for men. Your fall, winter, spring and summer jacket that provides protection from wind, rain, and chilly nights. This sturdy build men's lightweight jacket ensures long-lasting wear.Since 1923. Designed by London Fog for chilly and wet winters, London Fog has been keeping the active and stylish warm, dry and at the forefront of fashion for over 100 years. Our coats and jackets for men are built to last.",59.99
B09LQSKLX8,Outerwear,MAGCOMSEN Store,MAGCOMSEN Men's Winter Jacket Lined Sherpa Jacket Warm Trucker Coat Multi Pocket,"[Fabric]: Shell: cotton; Lining: polyester. Warm, Heavyweight, Soft, Comfortable.[Keep Warm] The cargo jackets with turn down collar and warm sherpa lining, keeping you warm in cold winter.[Multi Pockets] 2 chest flap pockets with snaps, 2 side pockets and 1 inner pocket, good enough for storing essentials.[Feature] Cotton jacket with Sherpa lining; adjustable snap cuffs and hem, effective wind protection.[Suitable For] The warm jacket is a good for work in winter, perfect for daily wear, outdoor casual, travelling, camping, golf, hiking and other outdoor activities, Keep you fashion and comfortable in cold winter.",75.99
B0B5NS9XXB,Outerwear,THE NORTH FACE Store,"The North Face Men's Flare 2 Insulated 550-Down Full Zip Puffer Jacket (Large, Tnf Black)",Nylon liningZipper closure,165.0
B083W4JW26,Outerwear,COOFANDY Store,COOFANDY Men's Rain Jacket with Hood Waterproof Lightweight Active Long Raincoat,"【Premium Fabric】High qualtity rain jacket made of 80% nylon,20% polyester. Extremely waterpoof and windproof, quick drying, touch soft and super comfortable wear feel.【Waterproof】This long rain coat is covered with waterproof coating for quick drying.Smooth zippers with waterproof strip, buttons offer more secure protection. Velcro cuffs, below the knees length, adjustable hood and hem with elastic draw make sure a tight fit. The slim design delivers a more modern look.【Multiple Use】The breathable fabric makes sure that you can throw this jacket over your favorite tee on a rainy day in the middle of the summer. You can also layer up under this jacket for fall or winter use. The matt finish and the slick look ensure that no one knows you are using a rain jacket as a spring/fall windbreaker. You can also use this jacket to protect your pea coat from getting wet on a snow day.【Occassion】Hooded windbreaker jacket perfect for working in rain days, fishing, camping trip or hunting，bussiness trip, hiking, , outdoor party, adventure, theme parks, climbing, or any other outdoor activities. This full length rainjacket is also a great cosplay/game costume.【Garment Care】Please wipe off the dirt with a cloth. Note: Please do not iron that would damage the waterproof wax. No bleach. Do not machine wash. Hang to dry.",54.99
B07VQJ8QGP,Outerwear,TACVASEN Store,TACVASEN Men's Jackets-Bomber Jacket Fall Winter Warm Windbreaker Full Zip Casual Padded Coats,"Stylish stand-up collar design and full zip up.COMFORT FIT: Ribbing on collar, cuffs, and hem for a snug fit.MULTI POCKETS: 2 front slash zipper pockets, 1 pencil pocket on the left sleeve and 1 interior pockets on the chest.LINING DESIGN: Conspicuous orange polyester lining, warm and fashion.OCCASION: Classic design jackets for spring, fall and cold winter, perfect for casual wear, business, dates and parties or outdoor activities like hiking, picnicking, jogging, cycling, golf, traveling and so on.",49.98
B07ZHXGYVG,Outerwear,MAGCOMSEN Store,"MAGCOMSEN Men's Hooded Windproof Water Resistant Rain Jacket Windbreaker 5 Pockets for Hiking,Fishing,Travel","[Water-resistant] Water repellent jacket, zippers pockets are also waterproof design, you won't worry about getting wet while hiking or in rainy days, our rain jacket will keep your body dry and warm all day.[Windproof] Adjustable cuffs with hooks and loops help seal in warmth; Internal drawcord hem, detachable and adjustable storm hood, full length zip closure, stand collar, all the attentive designs keep out the wind effectively.[Breathable & Lightweight] The mesh lining fabric is more breathable and lightweight, can packs away into bag effortlessly. This rain jacket is adaptable to a variety of outdoor scenarios.[5 Pockets] This men jacket has 2 large zipper hand pockets, 1 waterproof zipper pocket on left chest, 2 inner pockets, keeping your odds and ends secure, providing enough room to essentials.[Occasions] An essential outdoor jacket for year-round use. Ideal outfits for sports, hiking, mountaineering, traveling, camping, rock climbing, cycling, fishing and other outdoor activities.",71.99
B08BG8D5TR,Outerwear,Carhartt Store,Carhartt Men's Loose Fit Washed Duck Sherpa-Lined Coat,"12-ounce, 100% cotton washed duckSherpa lining in body, quilted-nylon lining in sleevesUnder-collar snaps for optional hoodLeft-chest pocket with zipper closure, Two large Sherpa-lined front pocketsReplaces style C61",129.99
B07L57PG34,Outerwear,TACVASEN Store,TACVASEN Men's Winter Jacket Cotton Military Jackets Fleece Lined Thick Work Warm Cargo Coats with Hooded,"Fleece Lining:The men warm coats, available in durable cotton shell fabric and thick fleece lining, keep you warm in cold weather and providing maximum wind protection in all directions. (Zipper head on the left.)Windproof:Mens thick winter jackets with detachable zip hood, drawstring design, adjustable cuffs, button stand collar, and full zipper closure, all the well-designs keep out the wind effectively, and help seal in warmth.8 Multi-Pockets:This work jacket has a lot of utility pockets, different sized pockets for different storage needs. 2 button flap pockets on chest, 2 button flap pockets, 2 slant hand pockets, 1 inner hidden pocket on left chest, 1 Pocket on the left sleeve.Occasions:Mens winter jacket can be used in a variety of scenarios such as working, hunting, traveling, military, tactical, hiking, camping, training, motorcycling, daily casual wear.Classical Design:Old-fashioned army field jacket, durable and easy to match, very suitable for autumn and winter season. （The chest and shoulder patches can be removed in a few minutes, or replaced with a favorite badge sewn on.）",108.99
B07PZ8M9H4,Outerwear,Amazon Essentials Store,Amazon Essentials Men's Heavyweight Hooded Puffer Coat,"RELAXED FIT: Comfortable, relaxed fit.WATER-RESISTANT POLYESTER TAFFETA: Polyester plain weave shell fabric. Fully lined, quilted and insulated.COLD-WEATHER STYLING: Stay warm in this versatile water-resistant puffer jacket featuring a full-length center front zipper and hood.DETAILS: Fleece-lined and insulated hood, full-length front zipper and storm flap with snap closures, two front zippered hand pockets, and interior knit sleeve cuffs.",61.0
B09YPRWH1T,Clothing,SCODI Store,SCODI Men's Flannel Shirt Jacket Fleece Sherpa Lined Plaid Jackets Coat Full Zip Up Hoodie Winter Outwear,"HIGH QUALITY FABRIC: This men's fleece jacket shell is made of polyester yarn dyed flannel fleece, and lining is made of polyester sherpa lining including the sleeves. The men flannel jacket soft and skin-friendly, warm and comfortable, bring you warm enough in the cold winter daysWINTER JACKET: Men's hooded jacket, full zipper design, with two button front chest pockets and two side hand pockets, which can provide enough safe space for your belongings. Men's sherpa lined jacket is great for daily wear and various outdoor activities, such as lounging, streetwear, traveling, mountaineering, running, sports activities, and workouts, etc. The perfect Birthday/Christmas gift for your father, husband, son, boyfriend and yourselfVERSATILE STYLE: Classic men's flannel plaid jacket, wearcomfort and fashion sense. Easy to pair with jeans, joggers, sweatpants, or pants for a relaxed, laid-back look, add depth and texture to your ensemble2024 NEW UPGRADE: According to Customers' feedbacks, the men flannel hoodie upgraded the zipper and stitching to make it more durable and added new styles to meet different aestheticsNOTICES: 2.5 LB for XL Size. This men jacket anti-pilling, anti-fading, support machine washing. Please choose the size refer to our SIZE CHART",79.99
B0CN2VVBV6,Clothing,OYGSieg Store,6 Pack Men's Quick Dry Long Sleeve Shirts Moisture Wicking Sun Protection Performance T-Shirt for Casual Workout,"Quick Dry & Breathable: These active shirts feature quick-dry and breathable technology, wicking away moisture to keep you comfortable.Perfect Fit and Soft: Our mens long sleeve t shirts are made using a blend of 95% Polyester, 5% Spandex Strike the ideal balance between comfort and flexibility with a sweatshirt that is neither too loose nor too tight.UPF Sun Protection: Shield yourself from harmful UV rays during your outdoor runs. The UPF 50+ sun protection feature ensures that you can focus on your run without worrying about sun damage.Comfortable Design：4 way stretch fabric coupled with the flat seams and breathable fabric keep you comfortable all day.Versatile Performance: These shirts are not just for running, you can use for various activities. Whether you're hiking, camping, surfing, fishing, working out, golfing or engaging in any outdoor adventure, this shirt ensures optimal performance.",49.99
B087G2XPB2,Clothing,Brand: MCPORO,Workout Shirts for Men Short Sleeve Quick Dry Athletic Gym Active T Shirt Moisture Wicking,"HIGH-PERFORMANCE ACTIVEWEAR: We combine soft, breathable and stretchy fabric with a functional and modern design to bring you men’s athletic wear t-shirts that will give you the extra support you need to push your limits while playing or working outSOFT & COMFORTABLE: Our moisture-wicking t-shirts are made with comfort and functionality in mind. This is why each shirt is made using 4-way stretch fabric that’s gentle on the skin and flexes with your body to bring you mens athletic shirts you can comfortably wear all dayBETTER WAY TO WORKOUT: The moisture-wicking short sleeve shirts provide you with the upper body support you need to push your limits while staying dry and cool. Great for most outdoor activities including sports, hiking, climbing, biking, cycling, weight lifting and just for daily useQUICK DRYING & MOISTURE WICKING: Thanks to the breathability of the fabric, our men’s workout shirts wick away moisture from the skin and dry quickly so you can stay dry around the clock making them the great choice for any men that want to enjoy comfortable workout sessionsSTAY READY ALL YEAR: We designed our workout shirts for men to offer protection against the sun, enhanced breathability and just the right fit making them the great choice for use around the year in every season. They can also be layered with other clothes to create eye-catching combinations",38.99
B07DRN7QQD,Clothing,Real Essentials Store,Real Essentials 5 Pack: Men’s Short Sleeve Dry Fit Active Crew Neck T Shirt - Athletic Running Gym Workout Tee Tops,"ACTIVE CREW T-SHIRTS: Elevate your workout gear with our pack of 5 men's athletic workout shirts. These camisas Para hombres provide the perfect blend of comfort and performance, whether you're in the gym, running on the track, or just doing errands.ATHLETIC STYLE: Look and feel great in the gym with our pack of 5 active workout t-shirts in solid colors. Perfect for layering or wearing alone, these shirts will give you the confidence you need to excel your workouts and lead in the gym.WORKOUT TRANSFORMER: Say goodbye to sweaty T-shirts with our quick-drying dry-fit fabric that wicks away moisture and keeps you cool and dry. The breathable dry fit material easily cools heat and feels super-soft on your skinWORKOUT WITH FREE MOTION: Enjoy a non-restrictive cut and 4 way stretch construction that allows for optimal range of motion, so you can tackle any activity with ease. Our shirts also feature a tag-free neckline for pure comfort trainingGYM STAPLES FOR MEN : Add some style to your gym wardrobe with our stylish and vibrant men’s athletic crewneck shirts. Designed with your comfort and performance in mind, these shirts are a true classic that will never go out of style.",50.0
B09H79QJSH,Clothing,G Gradual Store,"G Gradual Men's Sweatpants with Zipper Pockets Tapered Joggers for Men Athletic Pants for Workout, Jogging, Running","STRETCHY FABRIC: Comfortable, soft and 4-way stretch fabric, enhances the stretchability of sweatpants and increases the range of motion.3 ZIPPER POCKETS: Zip pockets at sides and back for convenient and secure storage, allows you can comfortably enjoy the exercise time.ADJUSTABLE ELASTIC WAISTBAND: Elastic waistband and adjustable inner drawstring offer different people's custom fit.STYLISH DESIGN: The tapered leg design with enough length makes you look slim and athletic, open tapered leg allows pants to rest comfortably over shoes.VERSATILE & MULTI SWEATPANTS: G GRADUAL athletic sports sweatpants are perfect for workout, running, jogging, cycling, walking and lounging at home.",39.99
B08P1NVJDW,Clothing,G Gradual Store,"G Gradual Men's Sweatpants with Zipper Pockets Athletic Pants Traning Track Pants Joggers for Men Soccer, Running, Workout","The pants are made of 87% polyester and 13% spandex. Smooth and stretchy material keep comfortable wear experience.Elastic waistband and adjustable inner drawstring offer different people's custom fit.Side deep pockets and back pocket are all designed with zipper to ensure put phone, cards safe when moving.Tapered trouser legs and stretchy ankle cuffs keep length suitable for doing exercise.These men's pants are perfect for gym, soccer, running, jogging, workout, athletic, track, traning and others sports.",39.99
B0785VV446,Clothing,Under Armour Store,Under Armour Men's Tech 2.0 Short-Sleeve T-Shirt,"UA Tech fabric is quick-drying, ultra-soft & has a more natural feelMaterial wicks sweat & dries really fastAnti-odor technology is a superlative innovation which helps prevents odorNew, streamlined fit & shaped hemUnder Armour’s mission is to make all athletes better through passion, design and the relentless pursuit of innovation",25.0
B09KWY2C3W,Clothing,Real Essentials Store,Real Essentials 3 Pack: Men's Mesh Athletic Gym Workout Lounge Open Bottom Sweatpants with Pockets (Available in Big & Tall),"Our Men's Mesh Athletic Sweatpants outshine the competition with their innovative open-bottom design, ensuring unbeatable comfort and style during workouts, sports, or casual lounging. Say goodbye to restrictive pants!Elevate Your Lifestyle: Elevate your workouts and lounging experience with these sweatpants. Featuring quick-dry technology and ample pockets for your essentials, these pants are perfect for gym sessions, soccer practice, or simply relaxing in ultimate comfort.Feature-Packed Performance: Real Essentials' sweatpants are loaded with features like a convenient drawstring, versatile for various waist sizes, making them perfect for track running, training, and all your active endeavors.Endless Options: Get more bang for your buck with our multi-pack options. Enjoy multiple pairs of these versatile pants in different colors to suit your mood, occasion, or style. Real Essentials knows how to stretch your dollar further!Real Essentials' Commitment to the Family: At Real Essentials, we're dedicated to providing affordable, high-quality clothing options for hardworking families. When you choose our Men's Mesh Athletic Sweatpants, you're not just getting great pants - you're supporting our mission to make comfort and style accessible to everyone. Join the Real Essentials family today!",35.99
B07815BYTV,Clothing,Under Armour Store,Under Armour Men's Tech 2.0 V-Neck Short-Sleeve T-Shirt,"UA Tech fabric is quick-drying, ultra-soft & has a more natural feel|Material wicks sweat & dries really fast|Anti-odor technology prevents the growth of odor-causing microbes|New, streamlined fit & shaped hem",25.0
B01GH5KNR6,Clothing,Under Armour Store,Under Armour Men's Tech Golf Polo,"Textured fabric that's soft, light & breathable|Material wicks sweat & dries really fast|Anti-odor technology prevents the growth of odor-causing microbes",39.99
B0B728NH19,Clothing,Liberty Imports Store,5 Pack Men’s Active Quick Dry Crew Neck T Shirts | Athletic Running Gym Workout Short Sleeve Tee Tops Bulk,"ATHLETIC CREWNECK SHIRTS: Elevate your workout gear with our pack of 5 premium men's athletic crewneck shirts. These shirts provide the perfect blend of comfort and performance, whether you're pumping iron, hitting the track, or just running errands.ACTIVE STYLE: Look and feel great in the gym with our set of 5 premium athletic crewneck t-shirts in solid colors. Perfect for layering or wearing solo, these shirts will give you the confidence you need to crush your workouts and stand out in the gym.GAME CHANGER: Say goodbye to sweaty, uncomfortable shirts with our quick-drying fabric that wicks away moisture and keeps you cool and dry. The breathable material easily dissipates heat and feels ultra-soft on the skin.MOVE WITH EASE: Enjoy a non-restrictive cut and 4-way stretch construction that allows for optimal range of motion, so you can tackle any activity with ease. Our shirts also feature a tag-free neckline for distraction-free training.MEN'S GYM STAPLES: Add some flair to your gym wardrobe with our stylish and vibrant athletic crewneck shirts. Designed with your comfort and performance in mind, these shirts are a true classic that will never go out of style.",59.95
B00JUM4CT4,Clothing,Hanes Store,Hanes Men's EcoSmart Fleece Full-Zip Hoodie Sweatshirt,"FLEECE TO FEEL GOOD ABOUT - This Hanes EcoSmart zip-up hoodie is made with cotton sourced from American farms.CLASSIC ZIP-FRONT SILHOUETTE - Hooded sweatshirt with full-zip front featuring a drawstring hood and front pockets.UNISEX SIZING - This zip-up hoodie is designed with a standard men’s fit that also creates an effortless, oversized look for women. Female model is 5'8"" and wearing a size medium.MADE TO STAY SOFT - Made with thick, sturdy fleece for extra warmth.DESIGN DETAILS - Double-needle stitching at the neck and armhole seams for quality and sturdiness, plus a dyed-to-match drawstring at the hood. Ribbed cuffs and hem.BIG & TALL OPTIONS - This men's sweatshirt is available in Big Men's sizing so you can always find your perfect fit.",24.0
B01L8JJ5KC,Clothing,Hanes Store,"Hanes Men's EcoSmart Fleece, Pullover Crewneck Sweatshirt, 1 or 2 Pack","FLEECE TO FEEL GOOD ABOUT - This men's pullover sweatshirt is made with cotton sourced from American farms.STAYS SOFT - Thick, sturdy fleece keeps this crewneck sweatshirt warm and cozy.UNISEX SIZING - This sweatshirt is designed with a standard men’s fit that also creates an effortless, oversized look for women. Female model is 5'8"" and wearing a size medium.MADE TO LAST - Double-needle stitching at the neck and armholes adds extra quality and sturdiness to this men's sweatshirt.CLASSIC SILHOUETTE - Basic crewneck sweatshirt shaping for that versatile look you love.BIG & TALL OPTIONS - This pullover sweatshirt is available in Big Men's sizing up to 3XL, so you can find your perfect fit.",18.0
B01M2ZRGN4,Clothing,Under Armour Store,Under Armour Men's Sportstyle Tricot Joggers,Durable knit fabric with a smooth face & a soft inner to trap warmth|Material wicks sweat & dries really fast|Ribbed waistband with external drawcord|Back left pocket & hand pockets with right-side internal phone pocket|Tapered leg & ribbed cuffs|Faux fly,59.99
B07HDLPVLH,Clothing,Hanes Store,"Hanes Men's Ecosmart Jogger Sweatpants, Men's Midweight Fleece Lounge Pants, 30.5","FASHION TO FEEL GOOD ABOUT - Hanes EcoSmart mid-weight, year-round fleece sweats are made with cotton sourced from American farms.SOFT, PLUSH, AND STURDY - Thick fleece men's activewear stays warm and cozy, so they can be a longtime favorite.RELAXED SILHOUETTE - For warming up, cooling down, or kicking back, these men's joggers have a relaxed fit.CONVENIENT POCKETS - Side-seam pockets and single back pocket hold essentials.COMFORT AT THE WAIST - Functional drawcord adjusts for a custom, comfortable fit.QUALITY FABRIC - Hanes EcoSmart fleece sweatpants with pockets are made with a quality cotton/polyester blend.",22.0
B01L9H7IS4,Clothing,Hanes Store,"Hanes Sport Xtemp Workout Pockets, Men's Training Pants","HANES SPORT – Performance. Style. Comfort. Hanes Sport apparel builds on our comfort heritage with innovative technologies to give you the looks that fit your life, your sport, and your style.STAY COOL – XTemp technology is engineered to adapt to your activity level and body temperature, keeping you cooler and drier all day.MOISTURE-WICKING PANTS – Cool Comfort fabric wicks sweat away to help you stay cooler.FAST DRYING – This men’s activewear features Cool DRI technology that dries fabric faster so you stay more comfortable.ALL IN THE DETAILS – An elastic waistband with built-in quick cord adjusts and secures the fit of these training pants that feature a 32” inseam, side-seam pockets, and an open-bottom hem.QUALITY FABRIC – These men’s training workout pants are made from 100% polyester.",29.0
B00JUM2V8I,Clothing,Hanes Store,Hanes Men's EcoSmart Fleece Hoodie Sweatshirt,"FLEECE TO FEEL GOOD ABOUT - Hanes EcoSmart men's hoodie is made with cotton sourced from American farms.HOODED DESIGN - Classic fleece hoodie styling featuring a dyed-to-match drawstring for the perfect fit.UNISEX SIZING - This hooded sweatshirt is designed with a standard men’s fit that also creates an effortless, oversized look for women. Female model is 5'8"" and wearing a size medium.COMFY COZY - Midweight fleece keeps you warm without the bulk.KANGAROO POCKET - This men's sweatshirt features a front kangaroo pocket to keep hands warm and hold small, everyday essentials.MADE TO LAST - Comfortable design with double-needle stitching at the neck and armholes for added sturdiness. Sporty ribbed cuffs and hem hold their shape.",22.0
B08LTC498Q,Clothing,Ultra Performance Store,"Ultra Performance 3 Pack Fleece Active Tech Joggers for Men, Mens Sweatpants with Zipper Pockets","Men's Joggers: If you are looking for high-quality men's joggers sweatpants for men then look no further. We're proud to offer durable mens jogger pants, the perfect gifts for men.Mens Joggers Material: High-quality fleece mens athletic pants make for the ideal mens workout pants.Jogger Pants For Men Styles With Zipper Pocket: Our activewear tech fleece joggers for men come in 3 styles: Black sweatpants 3 Pack, Color Block 3 Pack & Black, Heather Grey & Charcoal Grey sweatpants 3 Pack. All feature a high-tech, heat-sealed oversized zipper pocket.Men's Jogger Sizes: Fleece mens sweatpants with pockets Sizes; Small, Medium, Large, X-large, 2X, 3X, 4X, And 5X.Satisfaction Guaranteed: Based on the confidence in quality, our mens jogger sweatpants 3 pack is protected by worry-free support. Customer satisfaction is our top priority.",59.99
B077XM54L9,Clothing,Under Armour Store,Under Armour Men's Sportstyle Left Chest Short Sleeve T-Shirt,"Super-soft, cotton-blend fabric provides all-day comfortRibbed collarLoose: Fuller cut for complete comfortSoft on Skin –The men's short sleeve tee is crafted using super soft, comfortable fabric that is kind to skin and offers relief all day long",25.0
B06XCQSPKL,Clothing,Hanes Store,"Hanes, EcoSmart Fleece Sweats for Men, Open Bottom Sweatpants, 30.5""","FLEECE FOR THE FUTURE - EcoSmart mid-weight, year-round cotton/poly fleece with up to 5% of the poly fibers.RELAXED SILHOUETTE - For warming up, cooling down, or kicking back, these sweats have a relaxed fit with a straight leg and an open hem.SOFT, PLUSH, AND MADE TO STAY THAT WAY - Pill-resistant durable fleece stays warm and cozy.HANDY POCKETS - Side-seam pockets hold essentials.EASE AT THE WAIST - An inside drawstring assures the fit you want at the waist.TAG-FREE AND ITCH-FREE - Tagless design means no annoying tag to itch or bunch up.",18.0
B09XH244ZF,Clothing,adidas Store,adidas Men's Sportswear Basic 3-stripes Tricot Track Suit,"Men's track suit for iconic styleREGULAR FIT: Not tight and not loose, the perfect in-between fitTIMELESS SPORT STYLE: Full zip with stand-up collar for a classic track jacket lookEASY STORAGE: Side pockets hold small itemsMADE WITH RECYCLED MATERIALS: Made with 100% recycled materials, this product represents just one of our solutions to help end plastic waste",75.0
B07H5QPL1R,Clothing,Real Essentials Store,5 Pack Men's Active Quick Dry Fit Shorts - Athletic Running Gym Workout Casual Shorts with Pockets Bulk,"Comfort & Mobility for Every Activity – These men's athletic shorts are designed with a 9-inch inseam, offering full range of motion and flexibility. Made from stretchy, breathable fabric, they provide comfort during running, weightlifting, or casual activities. Perfect for active individuals looking for versatile shorts for all types of physical activities.Moisture-Wicking Technology – Experience all-day comfort with the moisture-wicking properties of these dry fit shorts. Whether you're hitting the gym or jogging outdoors, these mens shorts athletic help keep sweat away from your body, allowing you to stay dry and comfortable through the most intense workouts. Stay fresh and focused with every move.Unmatched Performance and Adaptability - Crafted from lightweight, quick-drying material, these gym shorts men are made to withstand the toughest workouts. The breathable fabric promotes airflow, ensuring comfort and durability. Ideal for running, training, or any high-energy sport, they offer maximum flexibility to move freely and support your active lifestyle.Timeless Style Meets Everyday Comfort - Timeless Style – These workout and basketball shorts men come in sleek colors like black, white, and navy, offering a stylish and functional design. Their versatile look allows you to wear them both on and off the court, making them suitable for any workout shorts men or mens shorts casual outing. Pair them with your favorite athletic wear for a perfect combination of style and performance.Effortless Care for Long-Lasting Wear – Our men's athletic shorts are easy to care for, machine washable, and retain their shape and color after multiple washes. Made from durable, high-quality materials, they’re built to last, keeping you fresh and ready for any activity without the hassle. Real Essentials makes maintaining your gym shorts simple.",35.99
B096QFTC9Q,Clothing,SACUIMAN Store,"Mens Sweatpants with Zipper Pockets Open Bottom Athletic Pants for Workout,Running,Training,Jogging,Gym","Warm Tips: The sweatpants are loose fit. Before placing an order, please measure your dimension according to the size chart to be clear whether the size and dimension of the product meets your needs. This will help you avoid unnecessary hassles and ensure you have a g o o d shopping experienceZipper Pockets: Deep zippered pockets on both sides can be used to store your phone, wallet, keys, cards, etc. to prevent losing your belongings while exercising and runningQuick Dry: Sweatpants are made of 100% polyester lightweight fabric to keep you cool and comfortable during your workouts and sports. Machine washable for easy careAdjustable Drawstring And Elastic Waistband: The external drawstring and elastic waistband fit your waist perfectly, allowing you to exercise with peace of mind. Loose Fit: Relaxed fit allows for easy movement and comfortVersatile Style: Suitable for outdoor activities, basketball soccer tennis training, fitness and bodybuilding, jogging, running, cycling, hiking and so on. Also a good choice for indoor home casual and loungewear",49.99
B0CSJ76HVN,Clothing,Brand: Kinglaman,5 Pack Mesh Workout Shirts for Men Dry Fit Gym Shirts Quick Dry Athletic Short Sleeve T-Shirt Moisture Wicking,"【Unbeatable Value】-5/6 pack workout shirts for men are the only Deal on Amazon. Pay less and Get More.【Moisture Wicking】- Dry fit t-shirts with quick drying properties to help you get rid of the sweat during exercise and keep dry all the time.【Athletic Tees Design】- Active t shirts for men with crew neck and short sleeve will make your excercise more comfortable. Using 4-way stretch fabric that’s gentle on the skin and flexes with your body.【High Performance Activewear】- Our sport tshirt is practical whether at home or in the gym, perfect for hiking, fitness, cycling, training, tennis, running, training, outdoor work etc.【Tagless And Easy Clean】- Our breathable top don't have sewn tags, so the tags won't wear your skin during training. They are machine washable.",21.99
B0874V8THD,Clothing,Under Armour Store,Under Armour Men's HeatGear Compression Long-Sleeve T-Shirt,Super-light HeatGear fabric delivers superior coverage without weighing you downMesh underarm & back panels for strategic ventilationMaterial wicks sweat & dries really fastErgonomic design keeps seams off high abrasion areas & increases durabilityHybrid raglan sleeve construction for added range of motion & comfortWrite-in locker tag on back of neck for your initials or number,35.0
B00H383N8I,Clothing,Jerzees Store,"Jerzees Men's Dri-Power Cotton Blend Long Sleeve Tees, Moisture Wicking, Odor Protection, UPF 30+, Sizes S-3x",Crew-neck long-sleeve T-shirt in heavyweight jersey with lay-flat collarCrew-neck long sleeve T-shirt with lay flat collarLay flat collar for added comfortClassic fit,10.74
B07PNRZFKQ,Clothing,Under Armour Store,Under Armour Men's Woven Vital Pants,"Smooth, ripstop woven fabric is lightweight & extremely durableWind-resistant materials & construction shield you from the elementsMesh lining delivers superior breathability & comfortEncased elastic waistband with internal drawcordOpen hand pockets7"""" ankle zips for easy on/off even over cleats",40.0
B08JTWR1S3,Clothing,Profectors Store,Men's Athletic Shorts with Pockets and Elastic Waistband Quick Dry Activewear Workout Shorts for Men,"【SOFT & BREATHABLE】: The men's loose-fit shorts are made with soft, breathable, lightweight fabrics that strike a balance of comfort and stretch for ultimate comfort【QUICK DRYING & MOISTURE WICKING】: The men's basketball shorts are made of moisture-wicking fabric that wicks moisture away from the skin while quick-drying make sure you stay cool and dry throughout the day【ELASTIC WAISTBAND & INTERNAL DRAWCORD】: Thanks to the elastic waistband coupled with adjustable internal drawstring, our men's athletic shorts stay comfortably in place whether running or training without sliding up or down【DEEP POCKETS ON BOTH SIDES】: Our workout shorts are designed with pockets on both sides that provide the perfect fit for your wallet, smartphones, keys and more all your small eseentials【10-INCH INSEAM】: Whether you’re going for a run or working out at the gym, our mens fitness shorts have you covered. They are suitable for all your sports and workout activities including gym, cycling, running, basketball, football, tennis, weightlifting and more",43.99
B01H7HOS6U,Clothing,Champion Store,"Champion Men's Joggers, Powerblend, Fleece Joggers, Comfortable Sweatpants for Men (Reg. or Big & Tall)","THE FIT - Standard-fit men's joggers have a 31” inseam. Elastic waistband with an adjustable drawcord ensures a fit that feels good.THE FEEL - Made with a midweight, 9 oz. fleece that’s brushed on the interior for comfort.THE LOOK - Classic men's jogger silhouette gets you from workout to weekend with versatility. Side pockets keep essentials close.LOW PILL, LOW SHRINK - High-quality fleece fabrication designed to reduce pilling and shrinkage.SPOT THE C - Iconic C logo hits at the hip of these men's sweatpants.THE POWERBLEND COLLECTION - A powerhouse fabric blend that’s made for the daily with a stay-true fit and comfort that never quits.",45.0
B073R217LC,Clothing,Champion Store,"Champion Men's Joggers, Lightweight Lounge Pants, Jersey Graphic Pants for Men, 31""","THE FIT - Standard-fit men's lounge joggers with a 31"" inseam.THE FEEL - These lightweight pants are made from soft 6.1 oz. cotton or a cotton blend that is perfect for everyday wear.ADDED COMFORT - Lounge pants with an internal drawcord for adjustability and comfort.POCKETS - Two deep side pockets hold lightweight tech.SPOT THE C - These men’s joggers feature the iconic C logo at the hip.Note: C logo patch color may vary from image.",35.0
B08MLNXBCB,Clothing,adidas Store,adidas Men's Essentials 3-Stripes Tricot Jogger Pants,"Men's track pants with a tapered cutRegular tapered fit is not tight and not loose, with a close fit on the legsDrawcord on elastic waist lets you customize your fitFront pockets for storage; Cuffed hems for a snug feelThis product is made with Primegreen, a series of high-performance recycled materials",45.0
B01DOLE1QA,Clothing,Hanes Store,"Hanes Essentials Sweatpants, Men’s Cotton Jersey Pants with Pockets, 33”","OPEN BOTTOM STYLING – Men’s activewear features a 33” inseam and classic open bottom hem.HANES QUALITY – These comfortable sweatpants for men are bolstered by sturdy details such as double-needle stitching at leg openings.POCKET IT – Store the essentials in handy side-seam pockets.THE DETAILS – Men’s lounge pants feature a covered elastic waistband with interior quick-drawcord loop.COTTON GOODNESS – Made from 100% ring-spun cotton, Hanes jersey pants are soft and cozy. (Light Steel and Charcoal Heather are cotton/polyester blend.)HOME GROWN – Cotton used in this product is sustainably grown on U.S. farms.",20.0
B01M0DR0HO,Clothing,Gildan Store,"Gildan Adult Fleece Open Bottom Sweatpants with Pockets, Style G18300",Classic fit with seamless sides for easier printabilityBrushed interior provides superior cozy softnessJersey-lined pocketsDifferential rise for better fitSlightly tapered leg with open bottomTear away label for customizable comfort,12.99
B08ML4W3X1,Clothing,adidas Store,adidas Men's Essentials Warm-Up Open Hem 3-Stripes Tracksuit Pants,"Men's adidas track pants with front pocketsRegular fit is not tight and not loose, the perfect in-between fitDrawcord on elastic waist lets you customize your fitFront pockets for storageThis product is made with Primegreen, a series of high-performance recycled materials",45.0
B08HPT1516,Clothing,Brand: Nike,Nike Club Men's Training Joggers,"Premium brushed-back fleece feels soft, warm and comfortable.Elastic waistband with drawcord offers a snug fit.Elastic jogger cuffs keep the comfort close and let you show off your sneakers.Item width: 12.00 inches",49.88
B0B59KV3WS,Clothing,MLYENX Store,4-7 Pack Long Sleeve Shirts for Men Quick Dry Moisture Wicking Mens Long Sleeve Tee Shirts Workout T Shirts,"Breathable Comfort: Crafted from premium, moisture-wicking fabric, these long sleeve shirts for men offer excellent moisture-wicking performance; great for keeping cool and dry during workouts, hiking, or outdoor activitiesSun Protection: These sun protection shirts for men provide UPF 50+ protection against harmful UV rays; perfect for fishing, running, or beach trips; ensures your skin stays safe in the sunQuick Dry & Easy Care: Designed as quick dry shirts for men, these long sleeve t shirt men options are easy to care for; machine washable and resistant to shrinking, dries quickly and maintains shape after each washGreat Value: Combining comfort and durability, these athletic shirts for men are versatile enough to be worn as work shirts, workout shirts, or casual mens long sleeve tee shirts; a great addition to any wardrobeVersatile Use: Suitable for a wide range of activities, wear these long sleeve cooling shirts for men at the gym, work, outdoor hiking, or fishing; available in various colors to match your style",53.99
B091MKD517,Clothing,adidas Store,adidas Men's Entrada 22 Shorts,"Men's soccer shorts made in part with recycled materialsREGULAR FIT: Strikes a comfortable balance between loose and snugFEEL DRY, STAY DRY: adidas AEROREADY manages your body's moisture to keep you dry and in the zone",18.0
B08PYH5PCC,Clothing,Brand: Nike,MEN'S NIKE THERMA PULLOVER HOODIE,Nike Therma fabric helps manage your bodys natural heat to keep you warm-and performance high when temperatures are lowDri-FIT technology wicks sweat for faster evaporation to keep you dry and comfortableDurable hoodieStylish hoodie,75.0
B077XQ3L5L,Clothing,Under Armour Store,Under Armour Men's Tech 2.0 Long-Sleeve T-Shirt,"UA Tech fabric is quick-drying, ultra-soft & has a more natural feelMaterial wicks sweat & dries really fastSuperlative innovationNew, streamlined fit & shaped hemUnder Armour’s mission is to make all athletes better through passion, design and the relentless pursuit of innovationUnder Armour",30.0
B07YHG62J6,Clothing,THE GYM PEOPLE Store,THE GYM PEOPLE Mens' Fleece Joggers Pants with Deep Pockets in Loose-fit Style,"High-Class Material: Our Men's Lounge Jogger made of premium fleece(machine wash), provides you a soft and comfortable feel in a stylish fit. With the season changing, you can choose the plus fleece type or without fleece.Pockets & Adjustable Draw Cord Design: Feature with open side deep pockets offer convenient storage. The elastic waistband of Joggers Sweatpants can perfect suit your waist, which makes you can do the exercises without anxietyPerfect Style: The Lounge Jogging Pants have tapered Sweatpants with a ribbed elastic waistband and an adjustable drawstring, promise a comfortable secure fit to have a perfect feeling while doing your training. Athletic fit for maximum comfort.Multi-occasion: This Lounge Sweatpants For Men is perfect both for various outdoor activities, like basketball training, football training, tennis, morning and night jogging, cycling, climbing, etc.Please check the Size Chart (Last Image) Before Ordering, Please Note: Color May Vary Slightly From Image. and don't worry about size problem , you can through Online Returns Center exchange it if the Men's Sweatpants size don't fit",38.99
B09FCBZ4YK,Clothing,Hanes Store,"Hanes Men's Underwear Boxer Briefs, Cotton Stretch Moisture-Wicking Underwear, Multi-pack","America's #1 Men's Underwear Brand - Source: Circana/Consumer Tracking Service, U.S. Sales, Underwear Bottoms and Undershirts, 12 months ending November 2023COMFORT YOU DESERVE – A Comfort Flex waistband helps your men's underwear boxer briefs flex and move with you, while a no-ride-up design stays firmly in place throughout the daySTRETCH COTTON FABRIC - Our men's boxer briefs are made from soft cotton with enough stretch for garments to move with you comfortably.BREATHABLE & MOISTURE-WICKING – Cool Comfort technology helps wick moisture to keep you cool and comfortable all day long.TAGLESS, TOO - Because who has time for scratchy tags?VALUE YOU EXPECT - Each men's underwear pack includes six black boxer briefs with different waistband colors branded with our signature logo.",26.0
B00PWP0JFO,Clothing,Hanes Store,"Hanes Men's Boxer Briefs, Soft and Breathable Cotton Underwear with ComfortFlex Waistband, Multipack","America's #1 Men's Underwear Brand - Source: Circana/Consumer Tracking Service, U.S. Sales, Underwear Bottoms and Undershirts, 12 months ending November 2023COTTONY SOFT - Our men's boxer briefs are made from cotton or a cotton-rich blend (depending on the color) that's soft and moves with you.BREATHABLE & MOISTURE-WICKING – Cool Comfort technology helps wick moisture to keep you cool and dry all day long.COMFORT YOU DESERVE – A Comfort Flex waistband now adjusts to fit you. No-ride-up construction means your underwear should stay firmly in place.TAGLESS, TOO - Because who has time for scratchy tags?BIG & TALL OPTIONS - Available in sizes up to 3XL, so you can be sure to find your perfect fit.",22.950000000000003
B077ZG222Z,Clothing,Gildan Store,"Gildan Mens Underwear Boxer Briefs, Multipack","Soft, breathable ring-spun cottonPlus, tag-free waistbandContour pouch with vertical fly for superior fitMoisture wicking technology keeps you cool and dry6"" regular length inseam",16.99
B00CAXQYMS,Clothing,Hanes Store,"Hanes Men's Underwear Boxer Briefs Pack, Cotton ComfortSoft Boxer Brief for Men, Moisture-Wicking Breathable, Multipack","America's #1 Men's Underwear Brand - Source: Circana/Consumer Tracking Service, U.S. Sales, Underwear Bottoms and Undershirts, 12 months ending November 2023COTTONY SOFT - Our men's boxer briefs are made from cotton or a cotton-rich blend (depending on the color) that's soft and moves with you.FABRIC-COVERED WAISTBAND - A soft-against-the-skin ComfortSoft waistband is designed to eliminate pinching.STAY COOL - Cool Comfort moisture-wicking technology helps wick moisture in boxer briefs for men that keep you cool and comfortable all day long.NO-RIDE-UP FIT - Leg bands are designed to stay put in this comfortable men's underwear.NO MORE SCRATCHY TAGS - Say goodbye to irritating tags with a Tagless interior that is smooth against the skin.",22.950000000000003
B00VTV5XU6,Clothing,Fruit of the Loom Store,"Fruit of the Loom Men's Cotton Briefs, Tag Free & Moisture Wicking, Assorted Color Multipacks","6 Pack, Mid-Rise Style and ComfortActual Prints and Colors May VaryNaturally Soft and Durable CottonPlush-Backed WaistbandFunctional, Support Shaped Fly",17.49
B08CZZZB1N,Clothing,Fruit of the Loom Store,"Fruit of the Loom Men's Coolzone Boxer Briefs, Moisture Wicking & Breathable, Assorted Color Multipacks","Breathable mesh fly provides ventilation where you need itConsumer tested, expertly designedLegs don't ride upMoisture wickingSupport shaped fly",24.74
B082DLPZTR,Clothing,Levi's Store,Levi's Mens Boxer Briefs Breathable Stretch Underwear 4 Pack,"Men's Underwear Pack: 4 Pack of Big and Tall boxers for men with No-Fly, Double-Layer pouch. Available in Small, Medium,Large,X-Large & 2X sizes. Designed for comfortability, these boxer briefs are made for you!Mens Boxer Ultimate Comfort: Made from 95% Cotton and 5% Spandex, these mens briefs are tagless and breathable, with the ultimate comfort. A lightweight 4-way stretch supports your every move.Boxer Brief for Men Feature: Moisture-wicking, quick-drying design. Moves sweat away from your body which will keep you cool and dry. Perfect for working out, family activities, and daily wear.Underwear Men Superior Design: These men boxers feature an elastic waistband for added flex. Men's boxer briefs also feature a “no-ride” inseam. You will not have to deal with uncomfortable bunching.Boxer For Men Pack Gift: Men underwear trunks multipack great gift for your husband, dad, son, grandpa and yourselves! Wear one color pants a day keeps refreshing everyday.",29.99
B0B34WQ6L2,Clothing,POLO RALPH LAUREN Store,POLO RALPH LAUREN Men's Athletic Performance Cotton Crew Socks - 6 Pair Pack - Moisture Wicking Mesh,Delight in careful craftsmanship found in the perfect pair of socks from Polo Ralph LaurenSignature embroidered details exemplify class and sophisticationClassic performance and style effortlessly elevate your athletic and casual essentialsCustomize your look with authentic style from the golf course to the clubhouseGive gifts for him that will leave an impression with socks made to stand the test of time,32.0
B07JDGJ4P2,Clothing,Gildan Store,"Gildan Men's Underwear Covered Waistband Boxer Briefs, Multipack",Moisture wicking - keeps you cool and dryNon-binding plush waistbandLow profile leg bands for stay-in-place comfortFriction free seams; colors may vary,17.5
B00IO9H6QU,Clothing,Hanes Store,Hanes Men's Double Tough Ankle Socks,"EXTRA DURABLE – Our socks are made to be durable, but these socks are made to be Double Tough. During testing, these socks are able to withstand more than twice the number of rubs than our regular socks, making them extra resistant to holes!KEEP YOUR COOL - Cool Comfort fabric wicks away moisture so your feet stay cool and dry all day.FRESH ALL DAY - Fresh IQ advanced odor protection technology that removes the odor on workout days or any days to help fight stinky feetSMOOTH SEAMS – Comfort Toe seams are our smoothest seams yetEASY CARE – Throw your new socks right in the washing machine on laundry day. Wash on cold and save!Fabric Content May Vary Slightly",15.0
B077SVB38N,Clothing,5Mayi Store,5Mayi Mens Underwear Boxer Briefs Cotton Men's Boxer Briefs Underwear Men Pack,"Standard Size: This mens underwear is made in standard American Size, (S 30"" - 32"") (M 33"" - 35"") (L 36"" - 38"") (XL 39"" - 41"") (XXL 42"" - 44"")(3XL 49"" - 51"") (4XL 52"" - 54"") (5XL 55"" - 58"");Quality and Package: There are black underwear men pack of 5,in a frosting zip bag,which is convenient to reserve underwear for menComfortable Men's Underwear: Made from natural cotton mens underwear men pack,comfortable to wear all day long clothing and feel fresh all day3D Pouch Designer underwear: 3D pouch with open fly underwear for men; with body defining fit; Double stitched for durability; Lightweight underwear.Durable Waistband: 1.35 inch wide waistband, midway men's boxer briefs comfor to human body and support well.Tagless Design: Underpants for men without annoying labels on the back, print instead; Tagless boxer briefs for men is no discomfort or scratchy feeling.",30.99
B07QZZ1LSG,Clothing,New Balance Store,"New Balance Men's 6"" Premium Performance Boxer Brief with Fly Front (3 Pack)","90% Polyester, 10% Spandex   Imported   What’s Included: 3 6"" Performance Boxer Brief with Fly Front underwear. The sizes are available in Small (28-30”), Medium (32-34”), Large (36-38”), X-Large (40-42”), XX-Large (44-46""), 3X-Large (48-50""), 4X-Large (52-54""), and 5X-Large (56-58""). The boxers come in a variety of colors and patterns.   Optimal Comfort: Crafted from a blend of 90% polyester and 10% spandex, these boxer briefs offer exceptional softness, breathability, and a tagless design, ensuring the ultimate comfort experience while keeping you cool and dry throughout the day.   Premium Design: These boxer briefs features a jacquard elastic waistband that enhances flexibility and ensures a comfortable fit around your waist. These briefs also feature a ""no-ride"" inseam and tagless labels, preventing any uncomfortable bunching in this lightweight fabric.   Remarkable Durability: These boxer briefs are remarkably durable and exhibit strong resistance to fading from washing and drying.   Care Instructions: You can safely use your washer and dryer for these boxer briefs. Machine wash them in cold water with similar colors. Use non-chlorine bleach only when necessary. Opt for a low tumble dry setting and avoid ironing.",17.47
B0D6NJP2H4,Clothing,Hanes Store,"Hanes Men's Moves Performance Boxer Brief, Total Support Pouch, Regular, Trunk, and Long Leg, 3-Pack","8"" INSEAM - Perfect for when you're dialing up the intensity of your workout, you'll get all the support of a traditional boxer brief plus a longer leg that helps prevent rubbing and chafing.TOTAL SUPPORT POUCH - Breathable mesh panels in Total Support Pouch men's underwear separate and support for anti-chafing comfort that lasts.ANTI-CHAFE COOLING ZONES - Targeted mesh and anti-chafe cooling zones enhance ventilation and help reduce chafing.STAY COOL, FEEL FRESH - Breathable, lightweight moisture-wicking fabric dries fast and wicks sweat away, while X-TEMP technology is designed to adapt to the body temperature. Odor guard technology keeps you feeling fresh.STAY COMFORTABLE - Exceptionally soft 4-way stretch fabric delivers increased flexibility and an advanced no-ride-up fit.DESIGN DETAILS – These men’s boxer briefs feature a logo waistband, tag-free interior, and a quick-dry cooling pouch.",19.98
B00G99WZJU,Clothing,Hanes Store,"Hanes Men's Tagless Boxer Underwear, Exposed Waistband, Multi-packs Available","QUALITY FABRIC – Our solid men's boxers are made from 55% cotton and 45% polyester that's soft and moves with youVALUE YOU EXPECT – Each men's underwear value pack includes 6 pairs of boxers for men in assorted colors and patternsBREATHABLE & MOISTURE-WICKING – Cool Comfort technology helps wick away moisture to keep you cool and dry all day longCOMFORT YOU DESERVE – A no-gap fly and Comfort Flex waistband keep your boxer underwear from pinching and bindingTAGLESS, TOO – Because who has time for scratchy tags?SIZE OPTIONS – From men's underwear sizes Small-3XL, our multiple boxer underwear options make shopping simple",22.950000000000003
B07KQVKMPP,Clothing,Gildan Store,"Gildan Men's Underwear Boxers, Multipack","Soft, breathable cottonWoven elastic waistband with flap fly for ultimate comfortLays flat under pantsMoisture wicking technology keeps you cool and dryTag-free to prevent irritationConvenient flap fly",19.99
B09KMB7QB4,Clothing,Dickies Store,"Dickies 5 Pack Mens Boxer Briefs With Pouch, Moisture Wicking Performance Underwear For Men","Men's Boxer Briefs With Pouch 5 Pack - Dickies Workwear valuable pack of 5 mid-thigh boxer briefs for men is made to support your lifestyle while keeping you covered and protected all day long.Design Features - Dickies’ anti-chafing underwear men have been designed with an elastic waistband that sits perfectly on the waist, and flat stitches that prevent ride-ups. Its pouch design allows for keeping everything in its place, providing comfort throughout the day.95% poly, 5% spandex - These mens boxers are designed with breathable, soft, and flexible fabrics that provide comfort for everyday wear and prevent any chafing, rubbing, or sweating.One Style for Everyday - Our underwear packs include 5 different color options for you to pick according to your mood or vibe for the day. You'll get a pack with an assortment of colors , perfect to match with your everyday activities.Easy Washing Cares - These not-too-long boxer briefs for men have been designed with effortless-to-care fabrics. Wash without worries! Each piece is machine washable friendly. Mix with similar colors and use gentle laundry detergents.",29.99
B0BV8JC4SS,Clothing,True Religion Store,True Religion Mens Boxer Briefs Cotton Stretch Underwear for Men Pack of 4,"Unparalleled Comfort: Crafted from a premium blend of cotton and stretch fabric, these boxer briefs for men pack of 4 deliver an incredibly soft and smooth feel against your skin. Enjoy all-day comfort, whether you're at work, hitting the gym, or simply lounging around.Breathable and Fresh: Stay cool and fresh in these underwear for men pack of 4 throughout the day with True Religion’s advanced breathable design. The cotton fabric allows for excellent airflow, keeping you dry and comfortable in any situation.Engineered Support: These men’s boxer briefs are built for support and flexibility. The contoured pouch provides excellent support for your most important assets, while the stretch fabric ensures a snug yet unrestricted fit.Stylish Versatility: True Religion understands that style matters even in your most intimate wear. These men’s underwear features a sleek and modern design, blending seamlessly with your wardrobe. Feel confident and fashionable, even underneath your clothes.Easy Care: We know your time is valuable, which is why these mens underwear boxer briefs are designed for hassle-free maintenance. They are machine washable and durable, maintaining their shape and softness wash after wash. Quality and convenience go hand in hand.",31.99
B00ACIGNMY,Clothing,Hanes Store,"Hanes Men's Tagless Briefs, Soft Moisture Wicking Underwear, Tagless, 7-pack","FRESH ALL DAY - FreshIQ advanced odor protection technology.KEEP YOUR COOL - Cool Comfort fabric wicks away moisture to keep you cool and dry.COMFORT AT THE WAIST - ComfortFlex no-pinch covered stretch waistband moves with you and keeps its shape wash after wash.NO TAG, NO ITCH - No annoying tag to bunch up or itch.A BETTER BASIC - Ultra-comfortable briefs are one of the best basics you can find, with Hanes' quality built in.STOCK-UP CONVENIENCE - A 7-pack of basic solid briefs for week-at-a-time stocking up.",42.0
B000SKI752,Clothing,Hanes Store,Hanes Men's 6-12 6-Pack Cushion Crew Socks,"Crew sock 6-pack featuring reinforced heels and toesCushioned foot bottom for all day comfortComfort toe seam, our most comfortable seam everWicks away moisture to keep you cool and dryFreshIQ advanced odor protection technology attacks the odor-causing bacteria in your clothing that causes your underwear and socks to smell — so now you can feel fresh all dayBreathable and moisture wicking sock to keep your socks dry, comfortable, and fresh",12.0
B07QPVWZKK,Clothing,Nautica Store,Nautica Men's Cotton Woven 3 Pack Boxer,"Moisture control: Nautica boxers are breathable and transmits moisture away from the body, allowing you to remain comfortable all dayInsulation: protecting you against the heat in the summer and cold in the winter, Nautica men's underwear provides just the right amount of thermal insulationSuper soft: Nautica cotton men's underwear briefs are super soft and reduce skin irritation3 packSpecial size type: standard",19.99
B08NMPSNZ4,Clothing,Levi's Store,Levi's Mens Underwear Microfiber Boxer Brief for Men Ultra Soft 4 Pack,"Boxer Briefs: If you’re trying to build a great wardrobe, your first step needs to be adding our levis boxer briefs for men.Men's Underwear Boxer Brief Colors: Our men’s underwear pack is available in beautiful assorted colors.Men's Boxer Briefs Underwear Pack: Our men's briefs come in a pack of 4, and small, medium, large, x-large, and xx-large sizes.Breathable & Comfortable: Our men's boxer briefs feature smooth fabric for all-day comfort.Satisfaction Guaranteed: Based on the confidence in the quality, our levis men's underwear boxer brief pack of 4 is protected by worry-free support.",29.99
B08DP681C4,Clothing,Fruit of the Loom Store,"Fruit of the Loom Men's Breathable Boxer Briefs, Moisture Wicking Underwear, Assorted Color Multipacks","This is an assorted color pack. This pack may contain all solids, all prints or a combination.Breathable micro-mesh fabric with moisture wicking for stay-cool comfortOdor protectionNo fly, contoured support pouch for additional support.Legs don't ride upThis pack may contain all black or a combination of black/grey",23.5525
B0B34QD8XV,Clothing,POLO RALPH LAUREN Store,POLO RALPH LAUREN Classic Sport Solid Ankle Socks - 6 Pair Pack - Athletic Cushioned Cotton,Delight in careful craftsmanship found in the perfect pair of socks from Polo Ralph LaurenSignature embroidered details exemplify class and sophisticationClassic performance and style effortlessly elevate your athletic essentialsCustomize your look with authentic style from the golf course to the clubhouseGive gifts for him that will leave an impression with socks made to stand the test of timeBuilt-in comfort cushioning in the sole offers durability that is second to none,34.0
B0B47TJ3TN,Clothing,POLO RALPH LAUREN Store,"POLO RALPH LAUREN Men's 4D Flex Cooling Microfiber Boxer Briefs & Long Leg Boxer Briefs, 3 Pack",Four Way Stretch for Freedom of MovementFunctional Fly Pouch and Gusset Construction for Added SupportAdvanced Cooling Technology is Designed to Adapt to Your BodyWicks Away MoistureNo Ride UpTag Free,54.5
B08L8HGG6T,Clothing,Pair of Thieves Store,"Pair of Thieves Men's Athletic Cotton Low-Cut Socks - 6-Pack Cushioned Comfort Socks for Sports, Work & Casual Wear","CHECK US OUT – Love Pair of Thieves? We feature all our underwear, t-shirts, socks, and loungewear there. You can get to it through the blue link above our product title.UBER COMFY FIT: Discover the secret to seriously happy feet! Designed with arch support and a blend of polyester and spandex, our low cut socks for men are super-soft, moisture-wicking, and feature a mesh upper for supreme breathability.READY FOR EVERYTHING: Office or off-trail, these low cut socks are ready for whatever – we call it Sneaky Performance. You’ll love the 4-way stretch that moves with you and the no-shift grip that complements dress shoes or casual sneakers.BEST GIFT IDEA: Love tight thank you hugs? Pair of Thieves socks are just what you need to steal anyone’s heart. With 6 pairs of the comfiest socks in every pack, you just might make your husband, boyfriend, brother, or dad shed that elusive tear.AMAZING VALUE – Our goal is to provide all of you wonderful people with the best basics on the planet. We specially engineered these low cut socks to give you the Sneaky Performance features you know and love at the best possible value",12.99
B0B34WC9KB,Clothing,POLO RALPH LAUREN Store,POLO RALPH LAUREN mens Athletic Performance Cotton Ankle Socks - 6 Pair Pack - Moisture Wicking Mesh,Delight in careful craftsmanship found in the perfect pair of socks from Polo Ralph LaurenSignature embroidered details exemplify class and sophisticationClassic performance and style effortlessly elevate your athletic and casual essentialsCustomize your look with authentic style from the golf course to the clubhouseGive gifts for him that will leave an impression with socks made to stand the test of time,32.0
B086KKT44V,Clothing,New Balance Store,"New Balance Men's 5"" Performance No Fly Boxer Brief (4 Pack)","What’s Included: 4 New Balance Men’s Performance 5” No Fly Boxer Briefs underwear. The sizes are available in Small (29-31” inches), Medium (32-34” inches), Large (36-38” inches), and X-Large (40-42” inches). The boxers come in a variety of colors, ranging in each 4-pack from: Grey/Gray, Black, Blue, Royal, and Pigment.Ultimate Comfort: Made from 90% polyester and 10% spandex, the New Balance Men’s Performance 5” No Fly Boxer Briefs are super soft, tagless and breathable and will provide you with the ultimate comfort, staying cool and dry all day long.Superior Design: The New Balance Men’s Performance 5” No Fly Boxer Briefs feature an elastic waistband for added flex and will sit comfortably on the waist. These briefs also feature a “no-ride” inseam and tagless labels. You will not have to deal with any uncomfortable bunching from this lightweight fabric!Incredibly Durable: These boxers are incredibly durable and are highly fade resistant to washing and drying.How to Wash: Washer and dryer safe! Machine wash cold with like colors. Only non-chlorine bleach when needed. Tumble dry low. Do not iron.",17.47
B07JQ12R59,Clothing,POLO RALPH LAUREN Store,Polo Ralph Lauren Men's Ribbed Casual Crew Socks -3 Pair Pack- Cotton Comfort & Heel-toe Reinforcement,"Delight in careful craftsmanship found in the perfect pair of socks from Polo Ralph LaurenSignature embroidered details exemplify class and sophisticationCustomize your look in socks that effortlessly complement your attirePerfect for dress shoes, every pair of socks is inspired by classic menswear patterningGive gifts for him that will leave an impression with socks made to stand the test of time",24.0
B09R7YKSM1,Clothing,Hanes Store,"Hanes Men’s Total Support Pouch Boxer Briefs, X-Temp Cooling, Moisture-Wicking Underwear, Regular, Long-leg and Trunk, 3-Pack","VALUE YOU LOVE – This sexy men’s underwear pack comes with 3 pairs of Total Support Pouch moisture-wicking underwear, in your choice of regular Boxer Briefs, Long-Leg Boxer Briefs, or Men's Trunk Underwear. Note: Colors/patterns may vary depending on availability.HELPS PREVENT CHAFING – Hanes Total Support Pouch has a breathable mesh liner that separates and supports for anti-chafing comfort that lasts.STARTS COOL. KEEPS COOL – X-Temp Technology men's boxers are designed to adapt to your temperature and activity to help you stay cool, no matter what your day brings. Targeted mesh zones make them breathable.ODOR CONTROL – Advanced odor protection plus moisture-wicking performance fabric help keep you dry.COMFORT YOU EXPECT – Comfort Flex waistband keeps your men's underwear with pouch from pinching and binding, plus they're tagless for itch-free comfort. No-ride-up legs stay in place.QUALITY FABRIC – Our anti-chafing underwear is made from soft, lightweight stretch fabric that moves with you.",19.0
B00IO9JCY4,Clothing,Hanes Store,Hanes Men's FreshIQ Over The Calf Tube Socks (Pack of 12),Maximum Cushioning (full cushion)Double Tough DurabilityWicking Cool Comfort Fabric helps wick moisture and keep feet dryFreshIQ Advanced Odor Technology helps fight stinky feetSpandex for better fitComfort Toe Seam,14.98
B0B34TX2T2,Clothing,POLO RALPH LAUREN Store,Polo Ralph Lauren Men's Argyle Pattern Dress Crew Socks - 3 Pair Pack - Soft Lightweight Cotton Comfort,"Delight in careful craftsmanship found in the perfect pair of socks from Polo Ralph LaurenSignature embroidered details exemplify class and sophisticationCustomize your look in socks that effortlessly complement your attirePerfect for dress shoes, every pair of socks is inspired by classic menswear patterningGive gifts for him that will leave an impression with socks made to stand the test of timeExperience the difference in each smooth comfort toe seam for a custom fit and feel",24.0
B084HFMYG3,Clothing,Gildan Store,"Gildan Men's Underwear Cotton Stretch Boxer Briefs, Multipack","Soft, breathable ring-spun cottonPlush, tag-free waistband to prevent irritationContoured pouch for superior fitMoisture wicking technology keeps you cool and dry6"" classic length inseam",22.36
B086KKT23M,Clothing,Hanes Store,"Hanes Men's Moisture-Wicking Cotton Briefs, Available in White and Black, Multi-Packs Available","STAY COOL AND DRY - Cool Comfort fabric wicks away moisture to keep you cool and dry all day.SOFT AND BREATHABLE - The comfort of a soft cotton blend feels great against your skin.COMFORT AT THE WAIST - ComfortFlex no-pinch waistband moves with you and keeps its shape wash after wash.NO TAG, NO ITCH - No annoying tag to bunch up or itch.A BETTER BASIC - Ultra-comfortable briefs are one of the best basics you can find, with Hanes' quality built in.CONVENIENT 6-PACK - Stock up with ease with a 6-pack of white briefs.",10.72
B0B34Z57RW,Clothing,True Religion Store,True Religion Mens Boxer Briefs Cotton Stretch Underwear for Men Pack of 6,"BOXER BRIEFS FOR MEN PACK: These boxers for men are designed with comfort in mind. This mens boxers have a lightweight, breathable design so it helps regulate temperature to keep you cool and dry.HIGH QUALITY MENS BRIEFS: This men’s boxer briefs feature a 4-way stretch fabric; it is an ultra-soft cotton spandex material that moves with you to keep a perfect fit. No more uncomfortable men boxers that keeps bunching up on you.FEATURES: Along with the features mentioned above, these mens underwear briefs are anti-chafing,mens boxer shorts which offers supreme comfort and superior durability.MENS UNDERWEAR BOXER BRIEFS PACK: Not only are these men’s boxers premium quality, you also have here a variety of options. You get 6 men boxer briefs in one order with an assortment of cool colors and patterns.MENS UNDERWEAR BOXER BRIEFS PACK: Not only are these men’s boxers premium quality, you also have here a variety of options. You get 6 men boxer briefs in one order with an assortment of cool colors and patterns.",34.99
B07DBS6VLL,Clothing,Hanes Store,Hanes Men's X-Temp 12-Pack Active Cool Crew Socks,CottonPull On closureMachine Wash,35.99
B09XBV1X8S,Footwear,Under Armour Store,Under Armour Men's Charged Assert 10 Running Shoe,"Lightweight, breathable mesh upper with synthetic overlays for added durability & supportEVA sockliner provides soft, step-in comfortCharged Cushioning midsole uses compression molded foam for ultimate responsiveness & durabilitySolid rubber outsole covers high impact zones for greater durability with less weightOffset: 10mmWeight: 9.5 oz.",75.0
B087YQCWKG,Footwear,Under Armour Store,Under Armour Men's Charged Assert 9 Running Shoe,"Lightweight mesh upper with 3-color digital print delivers complete breathabilityDurable leather overlays for stability & that locks in your midfootEVA sockliner provides soft, step-in comfortCharged Cushioning midsole uses compression molded foam for ultimate responsiveness & durabilitySolid rubber outsole covers high impact zones for greater durability with less weightOffset: 10mm",70.0
B01G3LZ0IG,Footwear,PUMA Store,PUMA Mens Tazon 6 Cross Trainer,"CONTEMPORARY DESIGN: Seasonal fracture graphic on this Tazon Cross-Trainer for a modern look.RELIABLE PADDING: Stable cushioning for running and training needs.SMOOTH AND SNUG: Sleek, streamlined silhouette with synthetic leather upper and midfoot saddle for maximum fit and comfort.SHOCK ABSORPTION: EVA in the heel absorbs impact for added support and comfort.",70.0
B0BHPRRS6C,Footwear,adidas Store,adidas Men's Swift Run Sneaker,"100% RubberMade in the USA or ImportedEthylene Vinyl Acetate soleShaft measures approximately low-top"" from archRegular Fit. The Swiftrun Shoe RUNS LARGE. We recommend sizing downLightweight EVA midsole; Enjoy the comfort and performance of OrthoLite sockliner",90.0
B0CKMDL9T3,Footwear,adidas Store,adidas Men's Daily 4.0 Sneaker,"Classic skate-inspired sneakers for stylish everyday wearFLEXIBLE UPPER: Soft textile upper is stretchy and comfortableREINFORCED TOE: Added protection in the toe area offers extra durabilityTEXTILE LINING: Textile lining provides a soft, comfortable feelRUBBER OUTSOLE: The rubber outsole provides outstanding grip and a sleek, low-profile look",65.0
B08KL9BZ17,Footwear,PUMA Store,PUMA Men's Axelion Cross Trainer,"BOLD ENHANCEMENT: This cross-trainer shoe features a new material that takes the Axelion design to the next level.STABLE SUPPORT: The upper has a molded saddle piece that adds fresh interest and bold, exaggerated lacing.DURABLE AND COMFORTABLE: The shoe has a TPU shank for support and an EVA heel piece for long-lasting comfort.DYNAMIC BRANDING: The foam heel unit and bold PUMA logo on the heel make this a game-changing, cross-training shoe with progressive design detailing.",80.0
B0BHPWC1VJ,Footwear,adidas Store,adidas Men's Racer TR23 Sneaker,adidas mens Sneaker,80.0
B08MQWFCVF,Footwear,Tommy Hilfiger Store,Tommy Hilfiger Men's Brecon,Classic Logo DetailFaux leatherSpot cleanRound toe,85.0
B0BY9YZMW6,Footwear,Skechers Store,Skechers Men's Garza Gervin Slip in,Skechers Hands Free Slip-ins for an easy fitAir Cooled Memory FoamGoga Mat ArchClassic FitComfort Pillow technology for added comfort,90.0
B0C4T5L78D,Footwear,Skechers Store,Skechers USA Men's Slip-ins: Delson 3.0-Roth Loafer,Skechers Slip-In TechnologyHeel PillowGoga Mat ArchAir-Cooled Memory Foam,79.99
B07ZSCB99R,Footwear,adidas Store,adidas Men's Daily 3.0 Sneaker,Men's casual skate-inspired sneakers for every daySNUG FIT: Classic lace closure for snug fitCLASSIC LOOK: Breathable washed canvas upperCUSHIONED COMFORT: Enjoy the comfort and performance of OrthoLite sockliner; Officially licensed OrthoLite productSKATER LOOK: Vulcanized rubber outsole for a skate-inspired look,65.0
B07B41HCNS,Footwear,New Balance Store,New Balance Men's 608 V5 Casual Comfort Cross Trainer,Leather upperABZORB midsole cushioning aids in absorbing forceful impactsPremium PU comfort insert,74.99
B0CKMCTKJ4,Footwear,adidas Store,adidas Men's Lite Racer Adapt 7.0 Sneaker,"Men's stylish, slip-on sneakersSNUG FIT: Adjustable laces provide a secure fitFLEXIBLE UPPER: Soft textile upper is stretchy and comfortableCUSHIONED MIDSOLE: Cloudfoam midsole for step-in comfort and superior cushioningMADE IN PART WITH RECYCLED CONTENT: This product features at least 20% recycled materials. By reusing materials that have already been created, we help to reduce waste and our reliance on finite resources and reduce the footprint of the products we make",70.0
B09NMJ14NP,Footwear,Brand: Nike,Nike Men's Running Shoe,Running ShoesFlexibility and lightnessSupport and cushioning,72.0
B0B47NGW9D,Footwear,ASICS Store,ASICS Men's Gel-Venture 9 Running Shoes,Mesh upper: Improves breathabilityThe sockliner is produced with the solution dyeing process that reduces water usage by approximately 33% and carbon emissions by approximately 45% compared to the conventional dyeing technology: Improves impact absorption and creates a softer feeling at footstrikeRearfoot GEL technology: Improves impact absorption and creates a softer feeling at footstrikeAMPLIFOAM cushioning: Improves cushioningTrail-specific outsole pattern: Improves grip on various surfaces,80.0
B0BX3WHZ8R,Footwear,Skechers Store,Skechers Men's Hands Free Slip-ins Summits High Range Sneaker,Skechers Hands Free Slip-ins for an easy fitExclusive Heel Pillow holds your foot securely in placeSkechers Air-Cooled Memory Foam cushioned comfort insoleCrafted with 100% vegan materialsMachine washable,75.0
B0BHPSXR7X,Footwear,adidas Store,adidas Men's Kaptir 3.0 Sneaker,"Men's casual shoes deliver bold style and reliable comfortWIDE FIT: Designed with a wider last than regular-fitting shoesCUSHIONED MIDSOLE: Cloudfoam midsole for step-in comfort and superior cushioningRUBBER OUTSOLE: The rubber outsole provides outstanding grip and a sleek, low-profile lookMADE IN PART WITH RECYCLED CONTENT: This product features at least 20% recycled materials. By reusing materials that have already been created, we help to reduce waste and our reliance on finite resources and reduce the footprint of the products we make",90.0
B005OLALQI,Footwear,PUMA Store,PUMA Men's Roma Sneaker,vegan-synthetic-upperRubber soleightweight training shoethick padded tongue and orthopedic arch supports,70.0
B00SMJOETO,Footwear,Clarks Store,Clarks Men's Tilden Cap Oxford,These smart men's shoes with a square cap toe toe are crafted from a premium leatherStretch Gore Panels for a Flexible FitOrtholite footbed that softens impact and wicks away moistureHeel Height 1 inchSoft Themoplastic Rubber outsole provides comfort all dayProtectors - Create an invisible protective barrier to resist rain and protect against stains.,90.0
B07PQSW7V9,Footwear,Lugz Store,Lugz Men's Clipper Fashion Sneaker,"SLIP ON SHOES FOR MEN: Elevate your everyday style with the Lugz clipper slip on casual sneakers for men, designed to blend comfort with classic casual flair | These mens sneakers men footwear feature a cushioned insole that ensures superior comfort, perfect for long days on your feet.CASUAL SNEAKERS FOR MEN: The sturdy canvas upper on our mens casual shoes not only adds a touch of timeless style but also offers durability for daily wear | The vulcanized rubber outsole delivers excellent grip and traction, making these mens shoes casual mens footwear a reliable choice for various surfaces.MENS SLIP ON SHOES: With a classic slip-on design these lugz sneakers shoes for men, the side gore panels provide a flexible fit for easy on-and-off convenience | The padded collar on this slip on shoes for men add an extra layer of comfort, allowing for a snug, customized fit that feels great throughout the dayMENS CASUAL SHOES: Whether you're running errands, meeting friends, or simply enjoying a day out, the Lugz clipper walking shoes for men offer a perfect blend of practicality and style | Available in an array of colors and sizes, these mens canvas shoes are a versatile addition to any wardrobe.LUGZ SHOES: Choose the Lugz clipper mens slip on shoes for a sleek, comfortable, and fashionable option for all your casual footwear needs | Like what you see? Explore the full collection of Lugz sneakers for men and women by visiting the Lugz storefront now!",50.0
B07FBKFTJG,Footwear,Skechers Store,Skechers Men's Cessnock Food Service Shoe,Breathable MeshBungee lacingSlip resistantRelax FitAir-Cooled Memory foam comfort insoleElectrical Hazard,85.0
B0BYB5NPFN,Footwear,Skechers Store,Skechers Men's Respected Holmgren Slip in,"Skechers Hands Free Slip-ins for an easy fitAir Cooled Memory FoamGoga Mat ArchRelaxed Fit for a room comfort fit at toe and forefootAnti-slip Goodyear Performance Outsole delivers enhanced traction, stability and durability",85.0
B00D881IBG,Footwear,Skechers Store,Skechers Men's Afterburn Memory Fit Lace-up Sneaker,Lace-upSkechers Memory Foam comfort insoleFlexible rubber traction outsoleArticu-Lyte shock-absorbing supportive flexible midsoleSkechers logo detail1 1/2 inch heel,79.99
B0BYTDW4QR,Footwear,Brooks Store,Brooks Men’s Ghost Max Cushion Neutral Running & Walking Shoe,"THIS MEN’S SHOE IS FOR: Runners and walkers alike who want maximized cushion, and a maximized protective ride with effortless, smooth heel-toe transitions and secure, stable landings. The Ghost Max is a certified PDAC A5500 Diabetic shoe and has been granted the APMA Seal of Acceptance.PROTECTIVE CUSHIONING: A high stack of DNA Loft v2 cushioning specifically in the forefoot, combined with a unique GlideRoll Rocker work together to decrease pressure underfoot for enhanced yet protective comfort from the arch of the foot all the way up to the knee.STABLE RIDE: A broad base offers inherent stability for a secure feel that doesn’t interfere with your stride. Raised sidewalls offer optimal bending stiffness for a comfortably secure fit. Unique linear last construction makes fit inclusive of foot shapes and orthotics.ASSISTED TRANSITIONS: GlideRoll Rocker transition technology actively promotes smooth heel-toe transitions for an effortless feeling as you move that won’t interfere with a neutral stride.VERSATILITY: An ideal choice for runners which aids by keeping people moving in their habitual motion path thereby reducing the odds for running related injuries. Additionally, the Ghost Max is also an ideal choice for walkers as it actively reduces energy absorption in foot soft tissues.",150.0
B07ZLM669B,Footwear,Bruno Marc Store,Bruno Marc Men's KnitFlex Breeze Mesh Sneakers Oxfords Lace-Up Lightweight Casual Walking Shoes,"Breathable Comfort: The knitted upper allows air to pass through, making these men's casual shoes the quintessential summer essential.Responsive & Cushioned: The cushy EVA outsole and memory foam insole deliver great cushioning and responsiveness that absorbs impact with each step and ensures all-day comfort.Easy On/Off: The elasticated collar, lace-up design, and rear pull tab make these men's business casual shoes easy to put on and take off. Plus, the padded detail protects your heel from chafing.Lightweight: Each shoe weighs only 7.76oz and this makes walking in these men's dress sneakers effortless. Ideal for men that are on the go or on their feet all day.Casual & Semi-Formal Style: These men's casual shoes add an active vibe to daily outfits. The wing-shaped stitching on the upper makes these shoes accommodate smart casual or business-casual attire as well.",48.99
B0CQTL7R2J,Footwear,Brooks Store,Brooks Men’s Adrenaline GTS 24 Supportive Running Shoe,"THIS MEN’S SHOE IS FOR: The Adrenaline GTS 24 provides support to every stride, now with nitrogen-infused DNA Loft v3 cushioning for even more lightweight, plush comfort. This Brooks Adrenaline GTS 24 is a certified PDAC A5500 Diabetic shoe and has been granted the APMA Seal of Acceptance. Predecessor: Adrenaline GTS 23.GUIDERAILS HOLISTIC SUPPORT SYSTEM: Our innovative technology supports your body in its natural motion path while keeping excess movement in check.DYNAMIC CUSHIONING: Nitrogen-infused DNA Loft v3 midsole foam delivers soft, smooth cushioning that adapts to your unique stride for lightweight comfort mile after mile.ENHANCED UPPER: Engineered air mesh upper provides just right breathability, stretch, and structure for a comfortably accommodating fit.SMOOTH TRANSITIONS: Newly designed outsole and midsole promote smooth transitions so you can do more, comfortably.",154.975
B091M4492K,Footwear,adidas Store,adidas Men's Hoops 3.0 Mid Sneaker,Men's mid-cut basketball-style shoes with a vintage lookDURABLE UPPER: Synthetic leather upper is soft and durableHIGH TRACTION: The iconic rubber cupsole delivers great grip,75.0
B07RFNMYS4,Footwear,Brand: Nike,Nike Men's Flex Control TR3 Sneaker,Mesh upper provides lightweight breathability. A durable overlay wraps from the midfoot around the heel for added supportSegmented rubber outrigger on the forefoot of the sole gives you stability during side-to-side movements. Overlays above the outrigger add durabilityNike Flex sole lets your foot move naturally. Textured rubber tread outlines the sole for durable traction and stability,65.0
B0CKML13D6,Footwear,Adidas Store,adidas Unisex Adult Samba Indoor Soccer Shoe,"Performance soccer shoes for playing on indoor surfacesSOCCER SIZING: Unisex product is men's sizing. Women should size down 1 to 1.5 sizesLEATHER UPPER: Leather upper with suede overlays for comfort and soft feelSYNTHETIC LINING: Synthetic lining provides a soft, comfortable feelINDOOR SOCCER OUTSOLE: The grippy rubber outsole is specially designed for flat indoor surfaces",90.0
B073T4FJS1,Clothing,Bruno Marc Store,Bruno Marc Men's Slip on Dress Loafers Formal Shoes,Men's loafers & slip-ons designed in USASoft synthetic leather upper features a square toeEasy slip-on style with dual side goring for a comfortable fitSmooth vegan leather lining and cushioned foam footbed for all-day comfortDress shoes with durable TPR outsole provides cushioning and shock absorption. Heel height: 1 inch (approx),47.99
B0B2F3PM2R,Footwear,Brand: On,On Men's Cloud X 3 Shift Sneakers,"Fabric: Performance meshRubber solePerforated panels, Reflective accents throughout, Cushioned collar and super-soft insole, Designed for training , Ultra lightweight designHelionTM superfoam injected CloudTec soleRound toe",149.99
B0777YX2L3,Footwear,Skechers Store,Skechers Men's Nampa groton,Memory Foam FootbedRelaxed FitSlip ResistantElectrical HazardFood Service,56.0
B0CS2YYTM4,Footwear,Hey Dude Store,"Hey Dude Wally Stretch Sox, Men’s Shoes, Men's Slip-on Loafers, Comfortable & Light-Weight","Rounded Toe Design and Flex & Fold: This supports healthy feet with its unique shape giving complete freedom of movement.Lightweight with Elastic Laces: Manufactured using an elastic material that allows them to flex with the foot, resulting in a shoe that fits more uniformly. Each shoe weighs 6 ounces or less making it one of the lightest pairs of shoes around.Comfortable Durable High-Quality Material: Designed with you in mind. This Wally shoe boasts the comfort of walking on clouds. Featuring an insole that reduces odors, lightweight outsole, and breathable cotton fabric.Great For Travel & On The Go: The removable memory foam cushioned insole provides maximum comfort and reduces sweating and odors. Machine Washable Friendly (Cold). Sizing Tip: If you usually wear half sizes, we suggest choosing the next size up for the best overall fit.Perfect Gift for Any Occasion – Whether you're shopping for your dad, husband, brother, or friend, HEYDUDE shoes are the ultimate gift for Christmas, birthdays, Father's Day, or any special celebration.",64.99
B0B3TBJ79D,Clothing,VILOCY Store,VILOCY Men's Casual Dress Sneakers Oxfords Business Mesh Breathable Walking Shoes Tennis Comfortable,"1. 【Breathable Stretchy Knit Fabric Upper】The lightweight and breathable knit upper adapts to your foot shape,match with leather hits on heel and tongue make mens dress sneaker more fashionable.2. 【Soft Fabric Lining】flexible lightweight provide additional comfort.3. 【Lace-up Closure】 with an elastic collar construction easy to take on and off.4. 【Memory Foam Cushioning Insole】 Removable, Comfortable and soft, the feeling of walking on the cloud and don't feel sore feet as you all day.5. 【Versatility& Stylish】These Mens Oxford Shoes Perfect For Walking, Running, Work, Social Party's,Business",45.99
B0CN854MLC,Footwear,ASICS Store,ASICS Men's Gel-Nimbus 26 Running Shoes,Engineered knit upper: Wraps the foot with a soft feelAt least 75% of the shoe's main upper material is made with recycled content to reduce waste and carbon emissions:The sockliner is produced with the solution dyeing process that reduces water usage by approximately 33% and carbon emissions by approximately 45% compared to the conventional dyeing technology:PureGEL technology: Helps provide lightweight cushioning and softer landingsFF BLAST PLUS ECO technology: Cushioning creates a softer landing and a more responsive toe-off,160.0
B000W93PX8,Footwear,Rockport Store,Rockport Men's Eureka Walking Shoe,"GENUINE LEATHER: Leather upper is easy to clean and maintain, so these walking shoes for men look and feel even better with timeFATIGUE-FIGHTING FOOTBED: Latex foam footbed generously cushions the foot to help reduce foot fatigue as you stand and walkBREATHABLE LINING: Moisture-wicking mesh lining offers breathability to create extra-comfortable walking shoes for menIMPACT-ABSORBING: EVA midsole provides flexible, lightweight impact absorptionSTABILITY AND TRACTION: Rubber outsole offers long-wearing durability, and helps to maintain a sure stride on a variety of surfacesA STABLE STRIDE: San Crispino construction provides a wide base of support for all-day stability",100.0
B072FBNZHL,Footwear,Skechers Store,Skechers Men's Go Walk Max Slip-On Shoes,"Lightweight, responsive 5GEN cushioning midsole and outsoleGoga Max cushioned comfort insoleNearly seamless breathable athletic air-mesh upperFlexible rubber outsoleMachine washable, air dry",65.0
B00MU2OR3W,Footwear,Skechers Store,Skechers Men's Expected Avillo Relaxed-Fit Slip-On Loafer,Casual slip-on shoe featuring lightly padded collar and concealed gored insets at entryEmbroidered logo at vampCushioned memory foam footbedShoes are 2E i.e. extra width for women and wide for men,65.0
B01IA6CJ36,Clothing,Skechers Store,Skechers Men's Cankton Steel Toe Construction Shoe,Steel ToeElectrical HazardMemory Foam comfort insole athletic construction,85.0
B0B7RKW1X6,Footwear,Brand: On,On Men's Cloudgo Sneakers,"Fabric: Performance meshRubber soleReflective accents throughout, Cushioned collar and super-soft insole, Engineered for the needs of multi-functional athletes and everyday wear, Ultra lightweight design, Connected CloudTec cushions at outsole",149.99
B07GPPKNRV,Footwear,Skechers Store,Skechers Men's Moreno Ederson Oxford,Skechers Goga Mat arch cushioned supportAir Cooled Memory FoamWide FitVintage-washed canvas lace-up casual sneakerSuede-textured heel panel,70.0
B078HZRH3L,Footwear,Cole Haan Store,Cole Haan Mens 2.Zerogrand Laser Wingtip Oxford,"Laser cut wingtip upper pattern in textured, smooth leather, nubuck or suedeFully padded sock lining for ultimate comfortFully rubber outsole with Grand OS technology",159.95
B0BMTMZCHT,Footwear,Brooks Store,Brooks Men’s Trace 3 Neutral Running Shoe,"THIS MEN’S SHOE IS FOR: The Trace 3 is for runners who want a shoe that is going to be soft and dependable.SMOOTH TRANSITIONS: Segmented crash pad cushions your landing and creates a seamless transition from heel-to-toe.UPDATED, SECURE FIT: New engineered air mesh provides breathability and a soft feel.SOFT CUSHIONING: DNA LOFT cushioning is softer than before and also adaptable for lasting comfort mile after mile that reacts to your unique stride.BREATHABLE UPPER: Air-mesh upper offers more breathability to keep runners dry and comfortable.",154.975
B001NZCXNI,Footwear,Merrell Store,Merrell Men's Jungle Leather Slip-On Shoe,Comfort features like pigskin lining and an Ortholite footbed make this slip-on the perfect everyday companion.Compression molded EVA footframe provides cushioningMerrell air cushion in the heel absorbs shock and adds stability and breathable mesh lining,100.0
B07DPCDSWS,Footwear,Unknown,Reebok Unisex Adult Club C 85 Vintage,"Sneakers with Signature Style: These men's and women's fashion sneakers feature a soft garment leather upper for full-foot support complete with comfortable terry lining on the tongue top and heel; A woven Reebok label adds vintage appeal and styleEfficient Support for Everyday: These stylish sneakers for women and men feature a supportive die-cut EVA midsole designed to absorb impact for long strolls and all-day wear; These tennis shoes will always complement your favorite go-to outfitsWalking Shoes with Comfort and Style: These walking sneakers for women and men feature a sleek low-top design that offers enhanced ankle mobility, so you can keep moving all day long; A padded foam sockliner provides responsive cushioningTraction in Mind: These shoes feature high-abrasion rubber outsoles for durable responsiveness, so you can move with confidenceSignature Silhouette: A low-cut design lends these tennis shoes a sleek, sophisticated silhouette; An archive logo and window box add to the unique appeal of these sneakers",90.0
B0BTX2DWV1,Clothing,Meera Fab Store,Women's Cotton Printed Blue Anarkali Kurta With Palazzo & Dupatta,"Size Chart- Kurta- XS- 34 in , S-36 in , M-38 in , L-40 in , XL-42 in , XXL-44 in. For More Please refer to the size Chart below..Package Contains 1 kurta ,1 Palazzo & DupattaFabric Kurta :- Cotton , Palazzo - Cotton & Dupatta- MulmulColour Declaration : There might be slight variation in the actual color of the product due to different screen resolutions.SLEEVE:- 3/4 Regular Sleeves // Neck Style:- Round Neck",34.99
B0CTZZP8LN,Clothing,FIORRA Store,Women's Light Green Floral Printed Cotton Straight Kurta,Kurta Material: CottonStyle: A-lime Kurta || Calf Length with Long SleeveThis Product Ready Chest Size: Small= 36 (Inch) || Medium=38 (Inch) || Large=40 (Inch) || Xl=42 (Inch) || XXl=44 (Inch)Package contain: TopDisclaimer: Product color may slightly vary due to photographic lighting sources or your monitor settings,41.99
B0C8MZ6VQ1,Clothing,KISAH Store,KISAH Men's Cream Jacquard Indowestern Sherwani Kurta & Pajama Set – Mandarin Collar | Indian Wedding & Festive Wear,"PREMIUM QUALITY CRAFTMANSHIP: Our Sherwani sets are meticulously crafted with high quality materials and intricate detailing, a luxurious ethnic attire ensuring superior comfort and durability.MODERN & CONTEMPORARY DESIGN: While sherwani sets have traditional roots, modern designs have adapted the style to cater to contemporary tastes. Men can find sherwani sets with modern silhouettes, innovative cuts, and contemporary color combinations, blending aesthetics.HAND MADE IN INDIA: Individually made by skilled artisans, each sherwani set tunic is meticulously crafted and checked for finesse, ensuring exceptional quality.OCCASION AND GIFTING: OCCASION AND GIFTING: The Sherwani Set with high-quality fabric can be worn both casually and formally. It is suitable for occasions such as weddings, ceremonies, parties, regular wear, festivals, Lohri, Makar Sankranti, Baisakhi, Holi, Father's Day, Eid, Raksha Bandhan, Dussehra, Diwali, Navratri, Pooja, Christmas, Onam, Ganesha, business meetings, and daily use. Additionally, it can be given as a gift to family and friends.",199.99
B0C8MYJMTG,Clothing,KISAH Store,"KISAH Men's Jacquard Indowestern Sherwani & Pajama Set - Regular Fit, Mandarin Collar |Indian Ethnic Wedding & Festive Wear","ELEGANT SHERWANI SET: Discover a wide range of elegantly designed Sherwanis that embody traditional charm and modern style, these sherwani sets are perfect for grooms and groomsmen, featuring exquisite and opulent designs.MODERN & CONTEMPORARY DESIGN: While sherwani sets have traditional roots, modern designs have adapted the style to cater to contemporary tastes. Men can find sherwani sets with modern silhouettes, innovative cuts, and contemporary color combinations, blending traditional aesthetics with a fresh and fashionable twist.OCCASION AND GIFTING: Sherwani Set with high-quality fabric can be worn both casually and formally. It is suitable for occasions such as weddings, ceremonies, parties, festivals, Lohri, Makar Sankranti, Baisakhi, Holi, Eid, Raksha Bandhan, Dussehra, Diwali, Navratri, Pooja, Onam, Ganesha, etc.HAND MADE IN INDIA: Individually made by skilled artisans, each sherwani set tunic is meticulously crafted and checked for finesse, ensuring exceptional quality.",189.99
B0BS193562,Clothing,Brand: Over Crowd,"Men Ethnic Gold Leaves 100% pure Jacquard Kurta & Aladdin salwar special for EID, In Panjabi Style","Great as a Gift For Men: Everyone uses partywear on numerous occasions, give this New Look Jacquard Kurta with zari work Trendy Design & Patiala Salwar Pyjama Set as a thoughtful gift for your loved one's next birthday, anniversary, wedding or any occasion. This is why it makes the perfect present for your dad, husband, son, or friend.Diversity :- I underlines its Party Wear ethnic allure through its latest designFrom : Over Crowd This Brand is famous for selling its product at factory rates. MADE IN INDIADisclaimer: Product Colour may vary due to Photographic Lighting Sources or your Display Settings. Wash Care: Do Not Bleach Normal WashFebric:-High Quality Branded Jacquard Febric""",60.0
B0CD2K7KKG,Clothing,KISAH Store,KISAH Men's Jacquard Indowestern Sherwani & Pajama Set - Regular Fit|Indian Ethnic Wedding & Festive Wear for Men,"ELEGANT SHERWANI SET: Discover a wide range of elegantly designed Sherwanis that embody traditional charm and modern style, these sherwani sets are perfect for grooms and groomsmen, featuring exquisite and opulent designs.MODERN & CONTEMPORARY DESIGN: While sherwani sets have traditional roots, modern designs have adapted the style to cater to contemporary tastes. Men can find sherwani sets with modern silhouettes, innovative cuts, and contemporary color combinations, blending traditional aesthetics with a fresh and fashionable twist.OCCASION AND GIFTING: Sherwani Set with high-quality fabric can be worn both casually and formally. It is suitable for occasions such as weddings, ceremonies, parties, festivals, Lohri, Makar Sankranti, Baisakhi, Holi, Eid, Raksha Bandhan, Dussehra, Diwali, Navratri, Pooja, Onam, Ganesha, etc.HAND MADE IN INDIA: Individually made by skilled artisans, each sherwani set tunic is meticulously crafted and checked for finesse, ensuring exceptional quality.",189.99
B0C8MT7B74,Clothing,KISAH Store,"KISAH Men's Indo-Western Kurta Sherwani Churidar Set Cotton Full Sleaves, Straight, Ethnic Wear | Traditional Wear for Men","ELEGANT SHERWANI SET: Discover a wide range of elegantly designed Sherwanis that embody traditional charm and modern style, these sherwani sets are perfect for grooms and groomsmen, featuring exquisite embroidery and opulent designsPREMIUM QUALITY CRAFTMANSHIP: Our Sherwani sets are meticulously crafted with high quality materials and intricate detailing, a luxurious ethnic attire ensuring superior comfort and durability.MODERN & CONTEMPORARY DESIGN: While sherwani sets have traditional roots, modern designs have adapted the style to cater to contemporary tastes. Men can find sherwani sets with modern silhouettes, innovative cuts, and contemporary color combinations, blending traditional aesthetics with a fresh and fashionable twist.HAND MADE IN INDIA: Individually made by skilled artisans, each sherwani set is meticulously crafted and checked for finesse, ensuring exceptional quality.Occasions: Ideal for weddings, receptions, festive celebrations such as Diwali, Bhaidooj, Sankranti, Eid, Holi, Ramadan, Lohri, Rakhi, etc. and royal parties. This set combines traditional Indian motifs with a modern aesthetic, perfect for men who want to showcase sophistication at any event.",189.99
B0CG6JHZT8,Clothing,KISAH Store,KISAH Men's Jacquard Indowestern Sherwani & Pajama Set - Regular Fit|Indian Ethnic Wedding & Festive Wear for Men,"Elevate your ethnic wardrobe with this KISAH Men's Olive Green Jacquard Motif Sherwani Kurta Pyjama Set, designed for grand occasions like weddings, receptions, and royal parties. This luxurious ensemble exudes sophistication and traditional charm.Color: Olive Green top with intricate paisley motifs, offering a regal and timeless look and off-white bottom wear.Fabric: Crafted from a rich silk blend jacquard fabric, providing a luxurious texture and refined appearance, Design: Features a Mandarin collar and front button closure, with exquisite detailed embroidery for a royal finish.Fit: Regular fit, designed for comfort while maintaining a sharp silhouette. Available size S(38), M(40), L(42), XL(44). Please see the size chart in description or image section before ordering, Bottom Wear: Paired with a matching off-white churidar with adjustable drawstring closure, complementing the sherwani perfectly.Occasion: Ideal for weddings, festive celebrations, and cultural events such as Diwali, Bhaidooj, Sankranti, Eid, Rakhi, etc. where you want to make a grand impression. Make a statement with this opulent sherwani that reflects tradition and elegance, ensuring you stand out at any special occasion.",189.99
B0CD2JYPGB,Clothing,KISAH Store,KISAH Men's Jacquard Indowestern Sherwani Kurta & Dhoti Set - Regular Fit|Indian Ethnic & Festive Wear,"ELEGANT SHERWANI SET: Discover a wide range of elegantly designed Sherwanis that embody traditional charm and modern style, these sherwani sets are perfect for grooms and groomsmen, featuring exquisite and opulent designs.MODERN & CONTEMPORARY DESIGN: While sherwani sets have traditional roots, modern designs have adapted the style to cater to contemporary tastes. Men can find sherwani sets with modern silhouettes, innovative cuts, and contemporary color combinations, blending traditional aesthetics with a fresh and fashionable twist.OCCASION AND GIFTING: Sherwani Set with high-quality fabric can be worn both casually and formally. It is suitable for occasions such as weddings, ceremonies, parties, festivals, Lohri, Makar Sankranti, Baisakhi, Holi, Eid, Raksha Bandhan, Dussehra, Diwali, Navratri, Pooja, Onam, Ganesha, etc.HAND MADE IN INDIA: Individually made by skilled artisans, each sherwani set tunic is meticulously crafted and checked for finesse, ensuring exceptional quality.",189.99
B0CYPN3HCB,Clothing,KISAH Store,KISAH Men's Jacquard Indowestern Sherwani Pajama Set – Mandarin Collar | Indian Wedding & Festive Wear,"PREMIUM QUALITY CRAFTMANSHIP: Our Sherwani sets are meticulously crafted with high quality materials and intricate detailing, a luxurious ethnic attire ensuring superior comfort and durability.MODERN & CONTEMPORARY DESIGN: While sherwani sets have traditional roots, modern designs have adapted the style to cater to contemporary tastes. Men can find sherwani sets with modern silhouettes, innovative cuts, and contemporary color combinations, blending aesthetics.HAND MADE IN INDIA: Individually made by skilled artisans, each sherwani set tunic is meticulously crafted and checked for finesse, ensuring exceptional quality.OCCASION AND GIFTING: OCCASION AND GIFTING: The Sherwani Set with high-quality fabric can be worn both casually and formally. It is suitable for occasions such as weddings, ceremonies, parties, regular wear, festivals, Lohri, Makar Sankranti, Baisakhi, Holi, Father's Day, Eid, Raksha Bandhan, Dussehra, Diwali, Navratri, Pooja, Christmas, Onam, Ganesha, business meetings, and daily use. Additionally, it can be given as a gift to family and friends.",189.99
B0CD2J212W,Clothing,KISAH Store,"KISAH Men's Printed Sherwani Kurta & Pajama Set - Regular Fit, Mandarin Collar| Ethnic Wear Mens Wear, Blue, 40","Make a statement with this regal KISAH Men's Sky Blue Printed Sherwani Pajama Set. The luxurious cotton jacquard fabric features intricate gold ethnic motifs, perfect for adding an elegant touch to any celebration.Color: Sky blue with stunning gold ethnic motifs sherwani and Off-White churidar pant.Fabric: Cotton-blend jacquard, offering a premium feel and an exquisite look, Fit: Regular fit with a Mandarin collar and front-button closure for a sophisticated look. Available size S(38), M(40), L(42), XL(44). Please see the size chart in description or image section before ordering, Design: Ornate jacquard patterning throughout the sherwani for an opulent, regal appearance.Bottom Wear: Paired with slim-fit off-white churidar pajama pants with adjustable drawstring closure for comfort and ease of movement.Occasion: Perfect for weddings, receptions, and festive occasions such as Diwali, Bhaidooj, Sankranti, Eid, Rakhi, etc.. This sherwani set blends traditional craftsmanship with modern style, ensuring you stand out at any grand event.",189.99
B0CSG34RQS,Clothing,KISAH Store,"KISAH Men's Kurta Indo Western Sherwani Trouser Set, Navy Blue Jacquard, Woven Regular Fit| Traditional Wear for Men","Material: Jacquard; Pattern: Woven; Sleeves Type: Long SleeveELEGANT SHERWANI SET: Discover a wide range of elegantly designed Sherwanis that embody traditional charm and modern style, these sherwani sets are perfect for grooms and groomsmen, featuring exquisite embroidery and opulent designsMODERN & CONTEMPORARY DESIGN: While sherwani sets have traditional roots, modern designs have adapted the style to cater to contemporary tastes. Men can find sherwani sets with modern silhouettes, innovative cuts, and contemporary color combinations, blending traditional aesthetics with a fresh and fashionable twist.OCCASION AND GIFTING: Sherwani Set with high-quality fabric can be worn both casually and formally. It is suitable for occasions such as weddings, ceremonies, parties, festivals, Lohri, Makar Sankranti, Baisakhi, Holi, Eid, Raksha Bandhan, Dussehra, Diwali, Navratri, Pooja, Christmas, Onam, Ganesha, etc,. Additionally, it can be given as a gift to family, friendsHAND MADE IN INDIA: Individually made by skilled artisans, each sherwani set tunic is meticulously crafted and checked for finesse, ensuring exceptional quality.",189.99
B0CG6CV5J2,Clothing,KISAH Store,KISAH Men's Jacquard Indowestern Sherwani & Pajama Set - Regular Fit|Indian Ethnic Wedding & Festive Wear for Men,"Embrace tradition with style in this refined KISAH Men's Silk Blend Embroidery Sherwani Trouser Set in olive green, designed with intricate embroidery to add an extra touch of luxury. Crafted with care in a premium silk blend, this sherwani and churidar set is perfect for weddings, receptions, and grand occasions where elegance is essential.Color: A rich olive green, offering a unique and sophisticated look that stands out in any setting.Pattern: Delicate embroidery with ethnic motifs in a jacquard design, adding texture and visual appeal to the sherwani, Fabric: High-quality silk blend, providing a luxurious sheen and soft feel for comfortable, all-day wear.Fit & Style: Tailored to a contemporary fit that flatters while ensuring ease of movement, allowing you to look stylish and feel comfortable, Bottomwear: Paired with a classic churidar, designed to complement the sherwani and complete the polished look.Occasions: Ideal for weddings, receptions, and other formal gatherings where tradition and elegance meet.",189.99
B0C8N1C4BG,Clothing,KISAH Store,KISAH Men's Jacquard Indowestern Sherwani Pajama Set – Mandarin Collar | Indian Wedding & Festive Wear,"PREMIUM QUALITY CRAFTMANSHIP: Our Sherwani sets are meticulously crafted with high quality materials and intricate detailing, a luxurious ethnic attire ensuring superior comfort and durability.MODERN & CONTEMPORARY DESIGN: While sherwani sets have traditional roots, modern designs have adapted the style to cater to contemporary tastes. Men can find sherwani sets with modern silhouettes, innovative cuts, and contemporary color combinations, blending aesthetics.HAND MADE IN INDIA: Individually made by skilled artisans, each sherwani set tunic is meticulously crafted and checked for finesse, ensuring exceptional quality.OCCASION AND GIFTING: OCCASION AND GIFTING: The Sherwani Set with high-quality fabric can be worn both casually and formally. It is suitable for occasions such as weddings, ceremonies, parties, regular wear, festivals, Lohri, Makar Sankranti, Baisakhi, Holi, Father's Day, Eid, Raksha Bandhan, Dussehra, Diwali, Navratri, Pooja, Christmas, Onam, Ganesha, business meetings, and daily use. Additionally, it can be given as a gift to family and friends.",179.99
B07FDRXL7D,Clothing,Amazon Essentials Store,"Amazon Essentials Women's Classic-Fit Short-Sleeve Crewneck T-Shirt, Multipacks","Womens TopsCLASSIC FIT: Close but comfortable fit with easy movement.COTTON MODAL BLEND JERSEY: Super soft cotton modal jersey with added stretch for all-day ease and comfort.ESSENTIAL T-SHIRT: This versatile t-shirt is a classic wardrobe essential, perfect layered under your favorite jacket or cardigan, or wear on its own for casual, everyday style.DETAILS: Features a classic crew neck and short sleeves for casual and effortless style.",23.7
B0DS59CZZQ,Clothing,GRACE KARIN Store,GRACE KARIN Women's 2025 Summer Babydoll Tops Casual Crewneck Ruffle Sleeve Shirts Loose Fit Pleated Blouse Outfits,"Features: Crew neck, ruffled sleeve with side slit, pleated front, babydoll style, loose fit, short sleeve flowy tops. These design elements provide an extra flair that elevates this casual top from basic to stylishMatch: You can pair this trendy tops to wear with leggings, under a blazer, jeans, capris, trousers or a skirt in spring or summer. The babydoll top for women suits all body types, an essential piece in your wardrobeOccasion: The dressy casual tops and blouses are suitable for daily wear, going out, business casual, party, holidays, beach, office wear, vacations and moreMaterial: Made from high-quality, breathable fabric, this short sleeve top ensures you stay cool and comfortable, comfortable for daily wearSize Guide: S=US(4-6), M=US(8-10), L=US(12-14), XL=US(16), XXL=US(18), Hand Wash Only, or Gently Machine Wash In Laundry Bag",29.99
B0DMFJZ8WQ,Clothing,Minetom Store,Minetom Women's T Shirts V Neck Short Sleeve Button Tops Summer Loose Fit Tee Blouse,"Soft Material: Polyester, Rayon and Spandex; Soft, stretchy, breathable and smooth fabric; It's comfy to wear it all daySpecial Features: V Neck T Shirts, Rolled Short Sleeve Shirts, Button Down Shirts, Basic Tee Shirts, Womens Summer Tops, Solid Color, Casual, Cute and Classic; Short sleeve v neck tops for women allow for many looks, from comfortable to chic and stylishDifferent Occasions: Simple design makes it perfect for any casual occasions; Best choice for home wear, work, office, street, shopping, travel, running, club, dating, etcEasy To Match: V neck shirt goes well with jeans, leggings, shorts, skirts and sweatpants for a chic look; Classic design that accentuate all your best figure, women 's wardrobe essentials in spring, summer and fallCustomer Services: Machine Washable, Wash in Cold Water and Do Not Bleach, Hang or Line Dry; Please refer to the Minetom size chart before ordering, not Amazon size chart; Any other questions, please tell us freely",17.98
B0D8BFFRTF,Clothing,Timeson Store,Timeson Women's 3/4 Sleeve Tops Dressy Casual Business Work Blouses Chiffon Office Shirts,"LIGHTWEIGHT & SOFT - Timeson Business Casual Tops for Women is made with lightweight and soft material. The outer layer is made of translucent chiffon material, comfortable and cool to wear, light and airy,breathable and non-transparent, no wrinkles, drape naturally,not easy to shrink and deform. The Inner layer is made of high quality knitted fabric with good elasticity, delicate and soft handfeel, skin-friendly and comfortable.FASHIONABLE COMMUTE DRESSING - You can directly pair this 3/4 length sleeve womens tops with jeans, straight pants, trousers, or leather skirts, or tuck it into bottoms for a commuter look, accessorizing with high heels, stylish handbags, necklaces, bracelets. when it's cold, you can also layer it with a blazer or cardigan and wear it with boots. Recommended occasions: office, work, business, school teaching, interviews, etcELEGANT EVERYDAY DRESSING - In your daily relaxed state, you can pair this Womens 3/4 Sleeve Tops and Blouses with comfortable dresses, jeans, shorts, wide-leg pants, etc., matched with flat sandals, trainers and loafers for a wonderful day. Recommended occasions: casual, vacation, beach, picnic, gatherings, evening, parties, wedding, dates, weekends, shopping, afternoon tea, etcPLEATED HENLEY V-NECK DESIGN - The classic Henley V-neckline gives the neckline a more three-dimensional look, and with the pinch pleat lines on the neckline, it brings a rich sense of layering. It not only frames your slim neck, but also enhances the neckline and slims your face, you can also pair it with your favourite necklace or pendant for a chic and sexy look.3/4 RUFFLE SLEEVE DESIGN - The sleeves are designed with a unique cut of flared ruffled cuffs, which are light and airy.The 3/4 sleeve length is just right to cover our upper arm and elbow, which easily covers our big arm.The ruffled cuffs can also set off our slim little arm, lengthening our arm line and making you look more beautiful and attractive.",24.99
B0D5R497L8,Clothing,Dokotoo Store,Dokotoo Womens Tops Long Sleeve Lightweight Shirts 2025 Spring Fashion Trendy Tops Crewneck Casual Knit Basic Tee,"Material: Combination of polyester for a softer and more comfortable feel, giving great sense of touch and stretch.With good air permeability , soft and comfortable to wear.Features: Casual scoop neck long sleeve tunic tops, solid color t shirts basic tees. The casual smock sleeve tops blouses shirts are popular with ladies of all ages for daily fashion lookMatch:The tops for women trendy can be dressed up or down, making it a versatile addition to any wardrobe.It can be paired with jeans, long pants, or skirts etc.Perfect for incorporating into any casual outfit for a chic and fashionable look.Ocassion: Suitable for casual daily/ travel/ home/ vacation/ shopping/ street/ party/ outdoor/ club to wear.Women long sleeve tops are perfect for spring summer fall winter wear.Size: S=US 4-6,M=US 8-10,L=US 12-14,XL=US 16-18,2XL=US 20-22,3XL=US 24-26. Check more info of this tops in Size Chart and Product Description. Please choose carefully according to your size.",25.316666666666666
B0CSK8H46P,Clothing,AUTOMET Store,AUTOMET Womens Summer Tops Spring Shirts Trendy Vacation Outfits Short Sleeve Business Tshirts Fashion Casual Blouses,"Material: 60%polyester+35%Rayon+5%Spandex. Beautiful lace design, full of fashion.Features: women summer short sleeved t-shirt round neck design, solid color.Casual shirt: women fashionable tshirt can be worn both at home and outdoor.Suitable for the season: summer. You can freely pair it with flat shoes or high heels.Attention: please carefully refer to our size chart before making a decision.",18.74
B0CT5QSZJ5,Clothing,Blooming Jelly Store,Blooming Jelly Womens Summer Tank Top Sleeveless Business Casual Outfits 2025 Basic Loose Dressy Work Shirt,"Materials: The blouses for women dressy casual made of 95% Polyester, 5% Spandex, lightweight and breathable, skin-friendly and soft to wear.Design: This tank top for women are featured with a round neck with key hole detail, pleated front adds a hint of uniquenes and delicate feeling. This womens business casual outfits with its loose fit and sophisticated silhouette, simple and classic, a stylish must-have item for your closet.Easy to Pair: Pair it with tailored pants, blazers and heels for a dressy and professional look. This summer tops for women can also be worn with shorts, skinny jeans, sandals or flats for a casual yet stylish look.Occasion: The sleeveless shirts for women are suitable for casual, going out, date night, work, school, office, business, vacation, and daily wear.Note: We strongly suggest that you have your body measurements taken first, and then refer to our size chart before order, S=US 2-4, M=US 6-8, L=US 10, XL=US 12.",29.189999999999998
B0DNJFL4RN,Clothing,Minetom Store,Minetom Women's Rolled Up 3/4 Sleeve Tops V Neck T Shirts Button Side Blouses,"Soft Material: Polyester, Rayon and Spandex; Soft, stretchy, breathable and smooth fabric; It's comfy to wear it all daySpecial Features: 3/4 Sleeve T Shirts, V Neck Shirts, Rolled Sleeve Tops, Button Side Design, Summer Tops, Casual, Cute and Classic; 3/4 sleeve v neck shirts for women allow for many looks, from comfortable to chic and stylishDifferent Occasions: Simple design makes it perfect for any casual occasions; Best choice for home wear, work, office, street, shopping, travel, running, club, dating, etcEasy To Match: Rolled sleeve v neck shirt goes well with jeans, leggings, shorts, skirts and sweatpants for a chic look; Classic design that accentuate all your best figure, women 's wardrobe essentials in spring, summer and fallCustomer Services: Machine Washable, Wash in Cold Water and Do Not Bleach, Hang or Line Dry; Please refer to the Minetom size chart before ordering, not Amazon size chart; Any other questions, please tell us freely",17.98
B0CQT39CX5,Clothing,ZESICA Store,ZESICA Women's Short Sleeve V Neck T Shirts 2025 Summer Ribbed Knit Slim Fitted Basic Solid Color Tee Tops,"Size Guide: S=US 4-6, M=US 8-10, L=US 12-14, XL=US 16-18. TIPS: Please refer to the size chart before purchase! Made with premium quality materials, the tops provide both comfort and durability.Elevate your casual wardrobe with our fashion tops featuring a trendy polo V-neck design, adding a touch of sophistication to your everyday outfits. Slim fitted t-shirts are designed to enhance your curves and flatter your figure, making you feel confident and stylish. Soft ribbed knit texture adds a touch of modern fashion to these classic wardrobe staples.The turndown collar adds a classic and elegant touch to these comfortable t-shirts, making them ideal for both casual and chic outfits. Available in a range of solid colors, these tops are easy to style and can be paired with any bottoms, from jeans to skirts. Create trendy outfits effortlessly by accessorizing with your favorite statement pieces.Suitable for casual everyday, working, home, office, clubbing, dating, yoga, outdoor, school, shopping, traveling, hiking, camping, street, parties, going out, vacation, etc. Great tops in spring, summer and fall. You can also wear this tops under a cardigan or a sweater in a cold days.Wash Instruction: Hand/Machine washable with cold water recommended, do not bleach, iron in low, hang or line to dry.",22.99
B0BRRTHFMH,Clothing,Blooming Jelly Store,Blooming Jelly Women's Dressy Casual Tops Business Work Blouses White Button Down Shirts Cap Sleeve V Neck Tshirt,"Feature: The dressy tops for women features split v neck, tulip short sleeve, button front, curved hem, solid color, flowy drape, regular fit, cute and elegant style, giving you a charming and trendy looking when you wear it.Design: The button down shirts for women are perfect to be business casual outfits to show experienced and convinced. V-neck t shirt design can highlight neck lines and flowy fit can hide belly well to look slimmer, great for taking pictures. It has also zero transparency perfect to wear in summer.Match: The trendy summer tops for women 2025 can be worn outside or tucked in high waisted jeans, denim shorts, casual pants, skirt for a classic casual look in daily life, or you can pair the short sleeve shirts for women with black pants and high heels for office work.Occasion: The simple but eye-catching womens clothes are suitable for teacher outfits, work, business, office, school, casual outings, shopping, street, going out, home and daily wear.Note: The fabric of our blouses is designed with slight crepe texture, instead of wrinkles. We strongly suggest that you have your body measurements taken first, and then refer to our size chart before order, XS=US 0-2, S=US 2-4, M=US 6-8, L=US 10, XL=US 12, 2XL=US 14.",28.99
B0D5Q2Y6G8,Clothing,AUTOMET Store,AUTOMET Long Sleeve Shirts Womens Pleated Business Casual Blouses with Smocked Cuffs,"Keep it classic and sweet with this pleated top, a soft blouse with front pleats and lovely ruffled cuffs.Pin-tucks, smocked cuffs and a slightly loose fit lend a romantic look to this women's shirt.Whether you're headed out to dates or sitting at your desk, this pleated top is a sophisticated way to style your day. Pair it with jeans or skirts for a charming finish.MACHINE WASH COLD, TUMBLE DRY LOW: To maintain your apparel's vibrant color we recommend machine washing with laundry bag on cold.Size: Please Refer To Size Chart For Details Before Purchase.",19.99
B0CQL15PMH,Clothing,OFEEFAN Store,OFEEFAN Womens T Shirts Short Sleeve Pleated Dressy Casual Scooped Neck Summer Tops Blouses,"Great Features: t shirts for women loose fit,womens tops dressy casual,adorable pleated front design,scooped neck short sleeve blouses for women,cute summer tops with curved hem,available in floral and solid colorsLoose Fit: this t shirts fits flowy and comfortable,the pleating design helps contour chest area and conceal tummy issues,the puff sleeves hides big arms nicelyMatches:pair this top with jeans, pants, shorts, skirts, capris, or even biker shorts. The curved hem adds a stylish touch, long enough to cover the rear, making it perfect to wear with leggingsOccasions: ideal for daily, casual, business, work, office, date, travel, beach vacation, parties, pregnancy,outdoor events,shopping,holiday getaways and as a thoughtful giftGarment Care: machine wash in cold water, dry on low heat, or hang/line to dry. Iron on low settings",19.99
B0D5H9N2TM,Clothing,AUTOMET Store,AUTOMET Womens Long Sleeve Shirts Pleated Crew Neck Casual Fall Fashion Tops Loose Fit Lightweight Girls Outfits Clothes,"Material: The basic Tops is made of 82%Polyester 12%Rayon 6%SpandexFeatures: Casual CrewNeck Long Sleeve Tunic Tops, Solid Color T Shirts, Basic Tees. Enough to Wear with Leggings and BootsOccasions: Suitable for everyday wear, office, street fashion, dating, and outdoor activitiesMatching：This womens fashion shirt can be paired with jeans, athletic pants, or casual trousers.This women blouse is very versatileDetails: Features a classic Crew-neck and long sleeves for casual and effortless style",17.99
B0BQYQGS1R,Clothing,Timeson Store,Timeson Women's Short Sleeve Chiffon Blouses for Office Work Business Attire Collared Shirts,"Material: 100% Polyester.High-quality chiffon material.soft,wrinkle free,lightweight,breathable and not see-through.When wearing these short sleeve blouses for women,you will feel that the fabric is silky smooth and skin friendly.The Lapel V-neck Design can well modify your neck make you look more slender and charming.Drop Sleeve Design not only gently shows your elegance by covering your possibly a little fat arm but also got enough room to make you move your arms easily without any constraint.Pleated stitched A-Line Design perfect to hides your belly and hips and make you look slimmer.Airy and flowy chiffon material makes it cool to wear in summer.It can be worn in spring,summer and fall.It is essential in your closet.This Women Blouse and tops shows off a slimmer elegant fashionable look that goes great with business attire such as a hip-hugging skirt,wide-leg pants,suit pants and high heels.You can also pair it with casual skirts,pants,jeans,leggings and so much more when you want to kick back and relax with friends.This Short Sleeve Ladies Tops and Blouses is not only suitable for business,such as office,work,meeting,interview and other formal occasions,etc.But also perfect for going out,home,shopping,club,party,evening,wedding,daily wear,holiday,travel,ect.",19.99
B0D2QBLKD5,Clothing,Dokotoo Store,Dokotoo Women's Tops Dressy Casual V Neck Long Sleeve Buttons Hollow Out Lace Embroidered Blouses Shirts,"Features: Long Sleeve Shirts/Buttons V Neck Tops/Embroidered Lace Tops For Women/Ladies Tops and Blouses/Business Casual Outfits/Going Out Tops/Trendy Fashion Tops/Spring/Summer Outfits,Size runs large,recommended to order size down than usual.Details: Womens casual dressy tops are designed with drop shoulder and embroidered details,buttons inon the sleeve cuff add a sense of playfylness to your outfits.Versatile: Women's long sleeve lace tops create perfect cute and elegant casual style.Perfectly match with leggings, jeans, shirts, trousers.Occasions: This long sleeve shirt is perfect for everyday styling, business, office, homewear, work from home, casual wear or parties, summer and winter holidays, going away, New Year's, back to school, street styling and more.Wash Recommended With Cold Water/Do Not Bleach/Hang Or Line Dry/Wash with like colours,that will increase the durability of your clothes",21.98
B0CMXQ3RVS,Clothing,Dokotoo Store,Dokotoo Women's Short Puff Sleeve Knit Tops 2025 Trendy Crewneck Striped T Shirts Casual Summer Blouses,"Feature:Summer Tops For Women 2025,Crew Neck,Short Puff Sleeve,Knit Tops,Color Block,Stripe Pattern,Slim Fit, Ribbed Cuff, Tunic and Lightweight Design.Unique Design: Stylish Striped Pattern,Comfortable Crewneck Design and Unique Short Puff Sleeve Shape Bring you Youthful Vitality and Fashion Sense. At the Same Time, the Texture of the Knitted Fabric Also Makes this Puff-Sleeved Knit Tops an Ideal Clothing Choice.Soft fabric: 50% Viscose+28% Polyester+22% Polyamide,Blended Knitted Top Combines Comfort,Durability,Wrinkle Resistance, Elasticity and Other Advantages to Bring you a Comfortable and Fashionable Wearing Experience.Occasion: This Summer Tunic Tops are Not Only Elegant Blouses but Also Casual Cute Summer Tops, Perfectly Suited for Shopping, Party, Work, Office, Night out, Date, Vacation,Casual,Leisure,Formal and Daily Wear, etc.Wash Instruction: Hand wash recommended; Machine wash requires a laundry bag, and hang dry, color separately. Do not bleach.",25.316666666666666
B0BS9CPLRT,Clothing,Blooming Jelly Store,Blooming Jelly Womens Dressy Casual Tops Ruffle Short Sleeve V Neck Shirts Elegant Business Work Blouse,"Material：95%Polyester and 5%Spandex，super soft and comfortable summer tops for women 2024Features: Dressy tops for women with cute layered ruffle sleeve，loose fit, solid color, Unique line Design is super flatteringStyle: Irregular flutter sleeve blouse with v neck covers your arms, shows a slimming look and gives your an elegant and feminine outfitOccasions: This business casual top for women, perfect to pair with skinny jeans, leggings and heels for any leisure, daily wear,going out,officeNote: We strongly suggest that you have your body measurements taken first, and then refer to our size chart before order, S=us 2-4, M=us 6-8, L=us 10, XL=us 12",28.99
B0CBJH8DMC,Clothing,Blooming Jelly Store,Blooming Jelly Women's Dressy Casual Blouses Business Work Tops Long Sleeve V Neck Pleated Shirts 2025 Fall Outfits,"Feature: The womens tops dressy casual feature v neck, flowy pleated drape, long sleeve with button cuff, curved hem, regular fit, solid color, tunic tops to wear with leggings, cute and classy style, giving you a charming and trendy looking when you wear it.Design: The fall outfits for women 2025 are versatile to be business casual clothes to show experienced and convinced. V neck design can show your pretty neck curve and pleated drape can creat elegant style and hide belly well to make you look slimmer.Match: The ladies tops and blouses are perfect on business wear with pencil skirt, dress pants, blazer and clutch to look professional. The long sleeve shirts for women also look nice with jeans, shorts, leggings, casual pants, boots, cardigan, jacket, coat, which can be dressed up or down easily.Occasion: The dress shirts for women are suitable for teacher outfits, back to school, work, business, office, meeting, casual outings, vacation, holiday, date, shopping, street, going out, home and daily fashion wear, Thanksgiving or Christmas wear.Note: We strongly suggest that you have your body measurements taken first, and then refer to our size chart before order, XS=US 0-2, S=US 2-4, M=US 6-8, L=US 10, XL=US 12, XXL=US 14. The bust, waist and hip size are based on body measurement, not product's measurement.",28.99
B0D5MD33D9,Clothing,MEROKEETY Store,MEROKEETY Women's 3/4 Sleeve Tops Dressy Casual Crew Neck Color Block Loose Trendy Blouses T Shirts,"Size Guide: Small=US 4-6, Medium=US 8-10, Large=US 12-14, X-Large=US 16-18. These trendy tops are made from soft and stretchy fabric that will keep you feel comfortable all day long.Unique Design: Crew neck, 3/4 length bell sleeves, color block, striped elastic neckline and cuffs, loose fit, business casual style, fall t shirts for women 2024 trendy.It's a step up from a plain T-shirt! The striped trims neckline and sleeves add a touch of sophistication and the 3/4 bell sleeves are so stylish. Designed with a loose fit that flatters all body types, our cute tees are perfect for everyday wear and dressy occasions.Occasions: These womens blouses are perfect for daily wear, work, office, business, going out, shopping, club, night out, vacation, birthday, dating, party, school, etc. You can match your bags, and jewelry to make you look more decent.Washing Instruction: Machine wash with cold water recommended, do not bleach. Hang or line to dry.",19.99
B0D4ZDZL1P,Clothing,AUTOMET Store,AUTOMET Womens Long Sleeve Shirts Lace Tops Business Casual Fall Fashion Outfits Clothes Knitted Y2k Blouses,"Material:The long sleeve tops is made of 60%polyester, 35%Rayon, 5%SpandexFeatures: Crewneck business long sleeve lace tops designVersatile Style: Can easily team with leggings, jeans. It's a charming and stylish styleMust-have Collection: Suitable for lounging at home, leisure, daily, work, party, street, holiday, and etcGarment Care: Machine wash recommended with a laundry bag. Please do not bleach; hang to dry",17.99
B09MJF72CL,Clothing,Blooming Jelly Store,Blooming Jelly Womens White Blouse V Neck Ruffle Sleeve Flowy Shirts Dressy Casual Cute Summer Tops,"Material: Chiffon. This business casual tops for women is lightweight, flowy, soft and skin-friendly, hugging you all through the day.Features: The casual summer shirts trendy tops features with v neck, ruffle short sleeve to shape the perfect outline of your arms, swiss dot deorations to add loveliness for this dressy shirt.Style: The siwss dot shirts is perfect for business casual style to show experienced and convinced. It can match your skirt,jeans and high-heeled shoes with a look that is not out of date.Occasions: Fashion dressy casual shirts suitable for business, uniform, vacation, school, party, office, work or just casual everyday wear in spring/summer/autumn.Note: We strongly suggest that you have your body measurements taken first, and then refer to our size chart before order, S=us 2-4, M=us 6-8, L=us 10, XL=us 12",29.99
B0CYC659P1,Clothing,AUTOMET Store,AUTOMET Womens Summer Tops Going Out Workout Outfits Spring T Shirts Business Casual Dressy Fashion Trendy Clothes 2025,"Material: Polyester+rayon+spandex. Loose fit and comfortable, breathable and skin-friendly. Ladies casual cap sleeve tops suitable for springFeatures: Women summer short sleeve t-shirt, boat neck blouse, bell sleeve solid color basic tshirts, lightweight business office tunic, dressy casual tops, tank tops for womenCasual Shirt: Women fashion classy tee can be worn both at home and outdoor. Business work outfits, church outfit, dress shirt, undershirt, teacher top, loose fit tunic for womenOccasion: This womens cute T shirts is suitable for resort wear, rave, country concert, festival, night out, going out, beach, teacher, date night, running, airport, vacation, workout, athletic, gym, make you comfy in your casual life. You can freely pair it with flat shoes and jeansSize: Please carefully refer to our size chart. You will choose a scoop neck top that fits you better",18.74
B0D8Y31CHN,Clothing,AUTOMET Store,AUTOMET Womens Long Sleeve Shirts V-Neck Lace Tops Business Casual Blouses Tee Trendy 2025 Fall Fashion Outfits Clothes,"Fabric:Made of 82%Polyester+12%Rayon+6%Spandex,skin-friendly,lightweight,casual loose fit,soft and comfortable.Fashion Designs:Womens dressy tops designed with long sleeve, v neck, lace sleeve;business casual outfits,blouses for women,blusas casuales de mujer bonitas,womens work tops,ladies tops,womens shirts dressy casual.Occasions:Womens business casual clothing,work clothes for women 2025,the long sleeve shirt suit for casual wear,street,work,business occasions,office,daily life and outgoing,party,vacation,holiday,home fall and winter.Stylish Wearing:This business casual tops is a must-have for spring,fall and winter, perfect wear with jeans,skirt,cardigan,hoodie,sweater and jacket for a fashion look. It's a charming style.Wash Care: Machine washable, hand washes cold water. Do not bleach.",18.99
B0BXT8TFGS,Clothing,MEROKEETY Store,MEROKEETY Women's Casual Cap Sleeve Lace Trim V Neck Tops 2025 Summer Loose Tee Shirts Blouse,"Size Guide: S=US 4-6, M=US 8-10, L=US 12-14, XL=US 16, XXL=US 18. Lightweight and stretchy fabric, soft and comfortable to wear.Unique design: Fashion and basic t shirt for women, lace trim v-neck, cap sleeve, loose fit, side split details, soft fabric, casual tunic tops for summer, trendy and flattering.Elegant lace crochet printing design, chic look, and loose casual styles are must-have for women's wardrobes. Easy to pair with a variety of jeans, and shorts for a simple stylish look.Occasion: These classic summer tops have stretch, are super comfy, and are great for daily wear, casual, dating, going out, party, travel, beach, office, outdoor, street looks, etc.Easy Care: Hand/Machine washable with cold water recommended, do not bleach, do not iron, hang, or line to dry.",19.99
B0DK4ZXB1V,Clothing,ANRABESS Store,ANRABESS Womens Dressy Casual Tops Ruffle Short Sleeve V Neck Shirts Elegant Business Work Blouse,"Fit Type - Loose.Size - S=US(4-6), M=US(8-10), L=US(12-14), XL=US(16-18),XXL=US(20-22). More details in rich description.Material - Made of 27% Rayon, 68% Polyester, 5% Elastane . Stretch - Medium , Thickness - Medium , Softness - Medium.Washing - Machine wash cold with like colors.Don't bleach.Dry Flat.Don't iron in high-temperature.Features - This summer top with classic v neck , ruffle sleeve , buttons neck detail and loose fit. It is suitable for summer , street , outdoor , casual , work , or daily.",23.99
B0BFCZSBTG,Clothing,Dokotoo Store,Dokotoo Womens Blouses Fashion Long Sleeve Shirts V Neck Business Casual Tops Spring Summer Outfits 2025,"Elegant ladies tops and blouses/Classic solid color top/Long sleeve shirts/Casual v neck blouses/Flowy Winter tops/Cute tops/Smocked, Business dressy Country Concert Work tops for women.Dokotoo womens tops are made of skin-friendly and comfy material, simple but chic, allows you come with a various look from comfy to chic and stylish.V neck blouses can let your neck line looks more slender and graceful.Breathable and comfy fabric suits for summer also wear with a coat outside in the chilly daysThe ladies tops and blouses makes the perfect elegant & casual style. Perfect matched well with skinny leggings, jeans, shirts, pant for a fashion/cute/business/bohemian look.The fashion v neck shirts is perfect choice for your daily wear,cruise wear,resort wear,outdoor activities,shopping,club,party,dates and any other occasions in Spring,,Summer,Fall and Winter",25.316666666666666
B088CTB3KC,Clothing,Adibosy Store,Adibosy Women Summer Casual Shirts: Short Sleeve Striped Tunic Tops - Womens Crew Neck Tee Tshirt Blouses,"Material: Womens Tops and Blouses is Made of Rayon/Polyester/Spandex. The Women Summer Casual Shirt Feels Very Soft and Comfortable. It Is a Breathable but Opaque Womens Short Sleeve T Shirts 2025.Feature: This Summer Casual Short Sleeve Shirt designs with Leopard Print, Color Blocks, Round Neck Combined with Stylish Short Sleeve Design, Women Crew Neck Color Block, Reflects the Elegance of Women.Perfect Match: The Women Tops Can Be Perfectly Matched with Jeans / Leggings / Shorts / Yoga Pants / Casual Pants / Sweater Chain Etc. This Summer Casual Short shirt is Undoubtedly Your Most Satisfying Choice.Occasions: This Short Sleeve Striped Shirts Top Will Be a Must-Have Item in the Wardrobe and Can be Worn on Many Different Occasions, Such as Staying at Home,Party,Dating,Shopping,Club Etc.Tips: It is recommended to wash with cold water, DO NOT bleach! Please check the Size Chart before you order.",14.77
B0D585X1QC,Clothing,Dokotoo Store,Dokotoo Womens Tops 2025 Spring Color Block Long Sleeve Shirts V Neck Dressy Casual Blouses,"Our womens long sleeve tops are made from a high-quality blend of materials - 75% polyester, 20% viscose, and 5% elastane, ensuring a soft, stretchy, and comfortable.This womens tops boasts a flattering V-neckline, a trendy color block design, decorative buttons for added charm, long sleeves for warmth, and a versatile style perfect for the fall season.The V-neck design adds a touch of sophistication, while the color block pattern creates a modern and eye-catching aesthetic. The decorative buttons elevate the look, making it suitable for a range of occasions.You can pair v neck blouses effortlessly with jeans, leggings, or skirts for a stylish and comfortable ensemble that transitions seamlessly from day to night.Whether you're out for a casual day or a social gathering, this V-neck fall top offers a versatile option that combines comfort and style. Its chic design and fall-inspired features make it a wardrobe staple for the season.",25.316666666666666
B0CP3MWJVH,Clothing,Dokotoo Store,Dokotoo Women's 2025 Fashion Tops 3/4 Sleeve T-Shirts Cute Crewneck Basic Business Tees Blouses,"Contents: Super soft and comfy fabric, skin-friendly and breathable. Womens tops dressy casual, round neck cute lightweight tops，loose fit basic teesDetails: Warm up or cool down with this essential 3/4 sleeve t shirts, featured in an loose fit and Pleated sleeve design with sew seaming front for a lived-in look.Suitable occasion: Casual elbow length sleeve blouses perfect for different occasions, such as daily life, office, date, home, vacation, travel, holiday, club, party, school, beach and so on.Match for all style: Summer 3/4 sleeve tops perfect cute tees go well with denim bottom, leggings, pants or skirts, shorts, also greatly match for variety style of jeans for a fashionable and stylish dressing.Size: S=US 4-6,M=US 8-10,L=US 12-14,XL=US 16-18,2XL=US 20-22. Check more info of this tops in Size Chart and Product Description. Please choose carefully according to your size.",25.316666666666666
B0CNXFQJZJ,Clothing,EVALESS Store,EVALESS Womens Short Sleeve Textured Tops Crewneck Knit Solid Loose Casual Basic T Shirts Tee Blouses,"Material: Casual womens summer tops is made from high-quality knitted fabric, soft and lightweight, ensuring a cozy and comfortable feel against your skin.Features: With a round neck/crewneck, cute batwing sleeve,exquisite pleated texture,classic solid color/plain,loose fit,casual style, this chic and stylish women tops will make you stand out from the crowd.Style: Womens blouses woven with a fine and lightweight knit,loose fit design can cover all body shapes, looks dressy, feels comfy.Just tuck the front of the womens tops shirts into skinny jeans or denim shorts for chic and stylish look.Match: The solid color basic short sleeve casual tops can wear with jeans/leggings for a casual look, or with your shorts/skirts for a chic street fashion, pairing it with denim jacket, cardigan, heels, sandals, sneakers and nice necklace.Occasion: Suitable for a casual everyday look and any occasions, especially for vacation, holiday, party, work, office, going out,date, clubs, daily wear, school, home, beach, street, sport, workout in summer, spring, fall and winter days.",17.99
B0D5XZ73ZP,Clothing,PRETTYGARDEN Store,PRETTYGARDEN Women's Dressy Casual Lace Blouse Long Sleeve Button Up Shirts Tops Spring Fall Fashion Clothes,"SIZE TIPS: S=US 4-6，M=US 8-10，L=US 12-14，XL=US 16 Women Lace Tops Is Made of Soft Texture, Offering A Gentle Feel against The Skin and A Cozy Fit without Compromising on Style and ComfortTRENDY STYLE: Delicate Lace Detailing Provides The Aesthetic Appeal of This Long Sleeve Top. Button up Shirts Offers A Lightweight Feel for All-Day Comfort. Solid Color Style Brings The Blouse's Versatility, Making It Easy to Pair with Various BottomsCHIC DESIGN: Long Sleeve Tops for Women; Button up Shirts for Women; Blouse for Women Dressy Casual; Lace Tops for Women; Trendy Clothes for Women; Sheer Tops for Women; Fall Outfits for Women; Business Casual Blouse for Women; Work Tops for WomenMORE DETAILS: The Classic Crewneck Offers A Timeless Silhouette That Flatters The Neckline. Blending Style and Comfort, Making This Blouse A Versatile Wardrobe Staple. Womens Lace Tops Features A Button Closure, Allowing for Quick and Easy DressingELEGANT LACE BLOUSE TOPS: Women Long Sleeve Shirts Is Attire Choice for Various Occasions, Such as Work Office, Parties, Date Night, Holiday, Vacation, Travel, Meeting or Casual Outings",29.98
B0D4QCZFTP,Clothing,Zeagoo Store,Zeagoo Women's Puff Long Sleeve Shirts Pleated V Neck Fall Tunic Tops Blouse Dressy Causal Loose Summer T-Shirts,"Slimming Design: The front pleated style will make you look slimmer and show your feminine charm. The loose fit curved hem to hide the tummy, making the women's dressy tops suitable for any body shape.High Quality Matarial: Zeagoo fall tunic top is soft, breathable and comfortable. Cute long sleeve blouse is made of 95%polyester5%spandexFeatures: Puff long sleeve tops, pleated babydoll v neck tshirts, tunic tops for leggings, flowy floral blouses, cute bohemian t shirts, 2025 fashion summer fall tops, business work top, solid color flattering clothes, elegant flowy tee shirtHow to Style: Puff sleeve blouse can be worn tucked in or untucked. Casual and dressy. Short sleeved top can be worn alone or with a blazer, jacket or cardigan, and can be paired with shorts, skirts, jeans, slacks and more!Occasions: The dressy tops and blouses are suitable for every daily activity, going out, casual wear, business, office, school, dating, holiday, vacation, travel, beach and any occasions. An wardrobe essential must-have",27.99
B0BLVKGCD7,Clothing,BTFBM Store,BTFBM Women's Summer Boho Shirt Top Ruffle Short Sleeve Frill Trim Mock Neck Floral Solid 2025 Casual Blouses Shirts Tops,"FEATURES: Womens Summer Tops / Blouses For Women / Easter Shirts For Women / Mock Neck With Frilled Trim Detail / Keyhole Back / Short Sleeve With Cute Ruffle Cuffs Design / Boho All Over Floral Pattern / Bohemian Style / Soft And Lightweight Fabric / Elegant And Chic StylePLEASANT WEARING COMFORT: Thanks To Its Comfortable Soft Material, This Boho Women Top Ensures A Great Feeling Against The Skin. But The Top Not Only Impresses With Its Look, Its Cut Is Also Convincing, Because The Casual-Loose Fit Flatters Your FigureSHORT SLEEVES TOPS FOR WOMEN HIGHLIGHTS: This Top Blouse Is The Perfect Blend Of Sophistication And Charming. Mock Neck With Subtle Frilled Trim Detail Combines With Keyhole At Back, Perfectly Creates A Elegant Look. Cute Puff Short Sleeve Ends In A Playful Ruffle Elastic Cuff Design, Greatly Flatters Your Arm And Adds More Fashionable TouchBOHO FLORAL SHIRTS TOPS: This Casual Women Shirt Exudes Feminine Charm With Its Eye-Catcher Allover Floral Pattern. Moderate Hip Length Continue The Casual Design Of This Women Shirt Consistently. This Fashion Top Is a Cool Basic For Your Leisure LooksPERFECT IN VARIOUS EVERYDAY OCCASIONS: This Summer Blouse Top Perfectly Meets All Your Fashion Style, Whatever For Casual Wear Or Chic Look. It Can Pair With Legging, Denim Shorts, Maxi Skirts, Sandals, Sneaker Or High Heels For Office, School, Dating, Vacation, Shopping, Beach, Daily Life",34.99
B0DHSGPD5P,Clothing,Zeagoo Store,Zeagoo Women's Casual 3/4 Sleeve T-Shirts Round Neck Cute Tunic Tops Basic Tees Blouses Business Work Tee Top,"Soft comfy material: 3/4 length sleeve womens tops is made of 95%Polyester 5%Spandex, which is stretchy, breathable and comfortableBasic Blouses: 3/4 sleeve summer top, cute crew neck shirts, scoop neck tops, sexy fit tunics blouses, casual 3/4 sleeve shirt, casual business top, basic tunic tops, 2025 fashion spring clothes for women, going out top, dressy shirt, plain tshirts for women, print tshirts for women, business casual outfitsHow to Style: 3/4 sleeve tunic tops can be worn by itself, and it's also a basic top for layering and easy to tuck in. Pair perfectly with skinny jeans, leggings and boots. You can also layer it under your jackets, blazers and flannelsOccasions: Womens 3/4 sleeve tops are suitable for home, street wear, work, office, party, dates vacation, shopping, daily life and outgoing. Short sleeve tops perfect gift for mom,wife,daughter,girlfriend,or to your ownGarment Care: Hand wash recommended,machine wash cold, gentle cyclegentler cycle, do not bleach. Due to manual measurement, please allow 0.5-1 inch differs. Order a size up if you don't want them skin tight",14.98
B09N3T5H8M,Clothing,Dokotoo Store,Dokotoo Women's V Neck Lace Crochet Eyelet Tops Short Sleeve Casual Shirts Blouses,"Dokotoo womens v neck lace shirts is made with high-quality fabric. Soft, lightweight and comfortable to wearFeature: V Neck, Solid Color, Short Sleeve, Button Design, Front Crochet Eyelet Panel, Lightweight Fabrication, Loose Fit Lace Top, Resort Wear for WomenYou can pair this fashion blouses with variety of coats, jacket, jeans, denim shorts, skirts, jeggings, sneakers or heels to complete casual look that's easy to love all season longOccasion: The casual lace crochet shirts is perfect choice for your daily wear, outdoor activities, shopping, dates and any other occasions in Spring, Summer, Fall and WinterPackage Content: 1 X Womens Tops",25.316666666666666
B0832F9PRH,Clothing,TASAMO Store,TASAMO Women's Casual Round Neck Basic Pleated Top Cap Sleeve Curved Keyhole Back Chiffon Blouse,"Notice: Chiffon fabric has no elasticityUS SIZE: S=(US 4-6), M=(US 8-10), L=(US 12-14), XL=(US 16-18), 2XL=(US 20-22). Model: Model is 5'9'', bust 33.07"", waist 25.59"", hip37.79"", wearing a Size S.Feature: Plain, round neck, cute, pleated, elegant, regular fit, button, cap sleeve, ssymmetrical, petal sleeve, curved hem.Suitable for summer, vacation, casual outtings, office, school, home and daily wear.You can't go wrong with the timeless solid color chiffon,at the same time this gorgeous floral blouse is such a darling choice for any fall day! Changeable print, and the lightweight material is so perfect for the changing of seasons ,just paired with high waisted dark jeans and booties for a beautiful look!Great gift to your mom, wife, girlfriend etc.",23.99
B09VT1BHH1,Clothing,PRETTYGARDEN Store,PRETTYGARDEN Women's Short Sleeve Casual T Shirts Summer Ruffle Plain Round Neck Loose Fit Tee Blouse Tops,"MATERIAL: t shirts for women Made of Polyester Blend Fabric. Soft, Comfy, Stretchy, Lightweight, Breathable and not See-throughFEATURES: womens t shirt Features Basic Round Neck T Shirts for Women, Short Sleeve Shirts for Women, Plain T Shirts for Women, Loose Fit, Womens Tunic Tops, Ruffle Sleeve Tops for Women, Cute and Casual Shirts for Women, Trendy and Fashion Summer Tops for Women, Ladies Tops and BlousesOCCASIONS: tshirts shirts for women Must Have for Outdoors, Camping, Work, Party, Beach, Holidays, School, Casual Daily, Travel, Home, Yoga, etc. So Cute with Jeans, Shorts or Skirts, under Jackets or Cardigans in Summer, Spring or FallSIZE: t shirt women Features Relaxed Fit, S-XL Are Available. Our Size is Different from Amazon's. Please Refer to the Size Chart in the Picture or Below on ""Product Description""WASHING: tee shirts for women Recommended Machine Washable with Cold Water, Do Not Bleach, Line or Hang Dry",29.98
B09WDNRN1T,Clothing,BTFBM Store,BTFBM Women Casual Boho Blouse Dressy Floral Puff Long Sleeve Shirts V Neck Lightweight Chiffon Summer Fall Tops 2025,"FEATURES: Casual Floral Tops / V Neck Blouse Tops / Long Sleeve Shirts / Curved High Low Hem / Pattern: Floral Print Or Solid Color / Lightweight Boho Tops / Womens Summer TopsMATERIAL: S=US 4-6, M=US 8-10, L=US 12-14, XL=US 16-18, XXL=US 20; This Casual Blouses For Women Is Made Of Soft And Skin-Friendly Delicate Chiffon, Shows Itself With Feminine LightnessDESIGNS: The Boho Shirt Is Casual And Ladylike, With Which You Will Draw Glances Thanks To Floral Print. The Body Of The Chiffon Blouse Is Opaquely Lined With Soft Material, While The Slightly Transparent Sleeves Also Add More Romantic And Sweet SenseOCCASIONS: You Can Also Wear The Loose Chiffon Shirt To The Office With a Skirt Or Skinny Jeans Or Trousers. On Vacations Or Beach, You Can Combine Shorts And a Cute Sneakers Or Sandals To Complete You Trendy LookCOLORS: Floral Dark Blue Loose Flowy Blouse / Floral Orange Wedding Guest Tops / Floral Apricot Long Sleeve Tops / Floral Print Pink Womens Tops / Floral Red Chiffon Shirts / Floral Yellow Vacation Blouse",34.99
B0D91YT7J8,Clothing,Blooming Jelly Store,Blooming Jelly Womens Dressy Casual Blouse Business Long Sleeve Tops Ruffle V Neck Work Shirt Fall Outfit 2024,"[Soft Fabric]Long sleeve shirts for women are made of 95% Polyester,5% Spandex, lightweight,super soft and stretchy fabric with high quality long sleeve with button, soft to touch and breathable.[Ruffle Design]: Business casual tops features V neck, front ruffle frill trim design, long sleeve with elegant button and a relaxed silhouette that drapes beautifully add a feminine and romantic feeling, giving you a charming and trendy look.[Various Matching Styles]:Blouses for women dressy casual tucked into jeans or let them flow for a carefree look.The business casual tops are easy to paired with jeans,shorts,skirt,,leggings for a daily look. Also can match with tailored trousers, suit pants creat a dressy look.[More Occasions]: Tops for women trendy are suitable for dressy occasion,business,work,office,meeting,teacher outfit, vacation,going out, date night and it is a nice choice for spring,fall winter and summer night.Note: We strongly recommend that you take your body measurements first, and then refer to our size table before ordering, the size table data is the body size, not the clothing size; XS=US 0-2, S=US 2-4, M=US 6-8, L=US 10, XL=US 12, 2XL=US 14.",28.99
B0D5QPC67N,Clothing,AUTOMET Store,AUTOMET Womens Fall Fashion Long Sleeve Shirts Dressy Casual Pleated Basic Trendy Tops Winter Clothes 2025,"Materials: 60% Polyester,35% Rayon and 5% Spandex.The fabric offers unparalleled comfort and a distinctive look for an exceptional wearing experience.Design: Long sleeve, round neck, bat sleeve, loose fit, good casual style. Crafted from comfortable fabric, it ensures a delightful wearing experience. Perfect for any occasion, it seamlessly combines chic design with comfort.Suitable: This fashion long sleeve pleated top is great for casual wear,business,work.Great for daily wear, and travel in spring, fall and winter.Stylish Wearing: This versatile long sleeve T-shirt is perfect year-round. Dress it up with tailored trousers and heels or go casual with jeans and sneakers. Ideal for business casual or everyday wear, it pairs effortlessly with dress, cardigans, and various accessories for a stylish look in spring, fall and winter.Wash: Machine washable, hand washes cold water. Do not bleach.",18.74
B0D6WGWNS8,Clothing,Dokotoo Store,Dokotoo Womens Soft Long Sleeve V Neck Shirts Solid Casual Decorative Buttons Knitted Pullover Tunic Tops,"Soft and Comfortable: Crafted from a soft fabric, this garment ensures a comfortable wearing experience throughout the day.Knitted Pullover: The knitted construction provides warmth and a cozy feel, making it a perfect choice for cooler weather.Casual Style: Featuring decorative buttons, enhancing its visual appeal.it perfect for everyday wear, whether you're meeting friends, or lounging at home.Versatile: Perfect for the spring autumn and winter seasons. It easily paired with leggings or jeans for a chic and relaxed outfit.Cleaning: Wash Recommended With Cold Water/Do Not Bleach/Hang Or Line Dry/Wash with like colours,that will increase the durability of your clothes.",19.98
B09Z5X9B86,Clothing,PRETTYGARDEN Store,PRETTYGARDEN Women's Summer Casual Boho Dress Floral Print Ruffle Puff Short Sleeve Flowy Midi Beach Party Dresses,"SIZE TIPS: S=US 4-6, M=US 8-10，L=US 12-14，XL=US 16-18 Summer Floral Print Dress Is A Woman's Romantic Dream, In Such A Nice Weather, You Should Wear It, The Printing Is Retro And Magnificent, And The Color Is Gorgeous And Elegant, Looks Very Lovely And Beautiful, Soft, Comfortable And Airy For Hot Summer And Humid Days, Just Trust Me, When You Wear This Dress You Will Attracting More AttentionMaterial: Floral Print Midi Dress Is Made Of Very Soft Polyester/ Spandex Blend Fabric, The Fabric Is A Little Thicker Than Other Summer Wear. The Material Is Not Silk But Is Quality Fabric. Super Light Weight And Breathable, Stretches But Maintains Shape, Not See Through, Perfect For Summer And Other SeasonsFeatures: Women’s Summer Dress, Floral Print, Bohemian Style, Midi Length, Vintage, Cute Puff Short Sleeve, Flowy Swing Hem, Crew Neck, Loose Fit, Vintage And Elegant Look, Ruffle Hemline, High Waist Perfectly Shows Your Good Body Figure, Polka Dot Printed, Flare A-Line Mini Dresses, Your Best Choice For Hot SummerHighlight: Bohemian Floral Print Dress Is Always Stylish And Classic, The High-Waisted A-Line Version Can Better Show Your Perfect Figure, The Round Neck Design Shows Your Slim Neckline, Retro Puff Sleeves French Style, Different Dresses Make You Feel Different Ways, This One Made You Feel Really Cute, Sweet, PlayfulOccasion: This Dress Can Satisfy You Dating With Your Boyfriend, Take Perfect Photos While On Vacation. When You Walk Along The Beach With Sunglasses And A Fashionable Hat, You Are The Most Attractive Beauty On This Place. This Dress Is Also Suitable For Daily Work Commuting",47.99
B0DFBDPKV8,Clothing,Dokotoo Store,Dokotoo Women's Summer Dresses 2025 Beach Casual Deep V Neck Loose Sundress Ruffle Sleeve Mini Dress,"Material: This womens dresses is made of soft material, stretchy and lightweight material. It is lightweight and can be easily dress up or dress down.Features: Women short dresses features in v neck ,ruffle short sleeve , spring summer casual dresses ,this gorgeous dress featuring an elegant ruffle design that is both flattering and cute.Occasion: This cute dress is perfect for leisure, work, home, office, party, vacation, picnic, shopping, travel, school, daily. Good for spring, summer and fall wear.Match: You can pair with it. With its basic solid color and elegant simplicity, it never goes out of style. Basic dress could also pair well with plain or luxury accesories as a highlight of your outfit.Washing instruction:Machine washable, wash in cold water, hang or line dry and do not bleach. Please refer to the size chart before ordering. Any other questions, please tell us freely.",38.99
B0BZ76N2MX,Clothing,PRETTYGARDEN Store,PRETTYGARDEN Women's Summer Wrap Maxi Dress Casual Boho Floral V Neck Short Sleeve Ruffle Hem Split Beach Long Dresses,"XS=US 2, S=US 4-6, M=US 8-10, L=US 12-14, XL=US 16-18, XXL=US 20-22. Material: This Long Maxi Dress Is Made Of Ployester And Spandex Fabric, Which Is Soft, Comfy And Light Weight, But Not See Through, Flowy, Comfortable To Wear In SummerFeatures: Maxi Dress For Women Features Sexy Wrap V Neck, Short Sleeve, Relaxed Fit, High Waist, Allover Floral, Polk Dot Print, Full Length Long Maxi Dress , Asymmetric Ruffle Trim At The Bottom, High Split At One Side, Wrap Belt At The WaistStyle: Floral Maxi Dress, Boho Maxi Dress, Summer Maxi Dress, Maternity Maxi Dress, Split Maxi Dress, V Neck Maxi Dress, Beach Maxi Dress, Ladies Maxi Dress, Ruffle Maxi Dress, Flowy Maxi Dress, Maxi Dress With Sleeves, Bohemian Maxi DressMatches:Style The Floral Maxi Dress With Heels Or Sandals For A Fantastic Look In Summer, You'Ll Love. You Can Also Dress It With Short Denim Jacket Or Cardigan, Pairing With Boots In Fall And SpringOccasions: Maxi Dresses For Beach Vacation, Casual Outdoor, Work, Office, Party, Club, Cocktail, Evening, Shopping, Wedding, Vacation, Beach, Daily Life, Wedding Guest, Maternity, Perfect For Spring And Summer Wearing. Vintage Maxi Dress Which Makes You Look Charming And Attractive In All The Right Places",51.99
B0CP5M161C,Clothing,ANRABESS Store,ANRABESS Womens Boho Maxi Dresses 2025 Summer V Neck Puff Sleeve Floral Flowy Swing Casual Long Dress,"Size：S=US(4-6), M=US(8-10), L=US(12-14), XL=US(16-18), XXL=US(20-22),see details in the descriptionFeatures: Maxi Dresses,Bohemian floral printed, lantern puff sleeve, flowy ruffle, a line, drawstring v neck, empire Waist,tiered swing dress, casual elegant, relaxed FitStyle: Long boho dress with timeless and dainty printed easy to match with earrings,high Heel, sandals for your laid-back and stunning lookOccasion: Trendy elegant dresses, versatile for Daily Wearing, Dating, Beach, Party, Going Out,Vacation, Cocktail, Prom, Wedding Guest,Homecoming, Work, BirthdayCare: Hand wash cold. Hang or lay flat to dry, do not bleach or iron",39.99
B0CPHKY9MT,Clothing,PRETTYGARDEN Store,PRETTYGARDEN Womens Summer Jumpsuits Dressy Casual One Piece Outfits Sleeveless Mock Neck Wide Leg Pants Rompers with Pockets,"TIPS: S=US 4-6, M=US 8-10, L=US 12-14, XL=US 16-18, XXL=US 20. Jumpsuits For Women Dressy Crafted From Ribbed Knit Material, Ultra Soft And Stretchy. Please Note That The Romper May Be A Little Long, You Can Choose The Appropriate Size According To The Size ChartFEATURES: One Piece Jumpsuits For Women/ Summer Clothes For Women/ Sleeveless Womens Rompers/ Wide Leg Jumpsuit With Pockets/ Mock Neck Jumpsuits For Women Casual/ Pants Rompers For Women Summer/ Rompers For Women Dressy With Zipper/ Teacher Outfits For WomenDETAILS: Womens Jumpsuits Casual Designed With Elegant Mock Neck, Unique Waist Side Ruched, Convenient Side Pockets And Back Zipper Closure. Wide Leg Jumpsuits For Women Have The Visual Effect Of Elongating Your Legs And Giving You A Sleek And Chic LookCOLORS OPTIONS: Dusty Pink Womens Jumpsuits Dressy, Blue Womens Rompers For Summer, Black Casual Jumpsuits For Women, Green Stretchy Jumpsuits For Women, Navy Rompers For Women Long Pant, Camel One Piece Romper, Wine Red Womens Summer Outfits, Brick Red Sleeveless Jumpsuits For WomenONE PIECE OUTFITS FOR WOMEN! Jumpsuits For Women Elegant Is An Ideal Choice For Various Occasions Ranging From Casual Gatherings To Semi-Formal Events. Womens Rompers And Jumpsuits Are Perfect To Pair With High Heels, Flats Or Sneakers Due To Its Adaptable Design",41.99
B0C72M9R32,Clothing,Dokotoo Store,Dokotoo Women's Wrap V Neck Short Flared Sleeve Wedding Guest Dress Smocked Elastic Waist Tiered Belted Ruffle Hem Mini Dress,"This dress features a cross v neckline,stretchy elastic high waist,smocked back,flared short sleeves,belt,tiered dress, mini dress, flowy and swing a-line style.The smocked design ensures a flattering fit that hugs your curves in all the right places, making it suitable for all body shapesMini Dress For Women 2025/Short Flared Sleeve Dresses/Ruffled Hem A-Line Dress/High Waist Flowy Dress/Wrap V Neck Solid Dress/Tiered Flowy Dress For Women/Swing Dress With Belt/Summer Dress For Women/Fit And Flare Dress For Women/Lightweight Chiffon Dress/Beach Dress For WomenDokotoo Women's Wrap V Neck Mini Dress 2025 Short Flared Sleeve Smocked Elastic Waist Tiered Belted Ruffle Hem Party Short DressesThis dress is an essential piece for hot summer days which is suitable for casual, daily, vacations, beach, wedding, date night, graduation, homecoming, church, banquet, baby shower, postpartum or pregnancy wear, office, family gathering, photo shoot, and other special events. Simply style the dress with necklaces, earrings, hats, sandals, heels or boots, and a matching clutch, along with a red lipstick for a pop of color, you will look effortlessly put-together and stylish",38.99
B0CN6BCP5S,Clothing,Memoriesea Store,Memoriesea Women's Vintage Church Ruffle Sleeve Ruched Bodycon Work Midi Pencil Dress,"Material:90%polyster+10%spandex,the vintage church dresses is soft touching,stretchy,very comfortable.Design:short ruffle sleeve,ruched bodycon midi dress,ruffle on the left cover the line of body to look slimmer.Occasion:church,work,business,graduation,formal,party,date,cocktail,shopping,street,holiday,wedding,vacation,school,home,daily wear.US Size:S=USA 4-6;M=8-10;L=12-14;XL=16-18;XXL=20-22.Please check it before you buy!Washing Tips: Hand Wash/ Machine Wash in low temperature water, hang to dry.",39.99
B0C1GS1NWD,Clothing,Dokotoo Store,Dokotoo Womens Dresses 2025 Spring Summer Deep V Neck Elegant Bow tie Mini Dress S-XL,"Flirty and Feminine: Elevate your summer style with this gorgeous dress featuring an elegant ruffle design that is both flattering and cuteElegant and Timeless: Add some sophistication to your wardrobe with this Deep V Neck Mini Dress, complete with an elegant bow tie, cute flower embellished short sleevesLightweight and Comfortable: Made with soft and lightweight material, this dress is perfect for those hot and humid summer days. You'll love the loose fit that allows for plenty of airflow, keeping you comfy and coolSize: S=US 4-6,M=US 8-10,L=US 12-14,XL=US 16-18. Check more info of this Casual Dress in Size Chart and Product Description. Please choose carefully according to your size.Perfect for All Occasions: Whether you're dressing up for a party or going on a casual beach vacation, this dress is the perfect choice. With its classy and timeless design, you'll look and feel incredible no matter where life takes you.",38.99
B0D6YJYBZC,Clothing,Nmoder Store,Nmoder Casual Dresses for Women Semi Formal Fit and Flare Dresses 3/4 Sleeve A-line Church Work Dresses with Pockets,"【COMFORTABLE MATERIALS】 Made of 92% polyester and 8% spandex. The church dresses for women is designed to provide a sense of fitted, airy comfort. High quality stretchy fabric with a nice drapey effect, not easy to wrinkle.【ELEGANT AND STYLISH DESIGN】 This vintage fit and flare cocktail dress for women features with v-neck, 3/4 sleeve, midi length and high waist design, enhancing your figure and instilling confidence and allure.【FIT AND FLARE DRESS】This is an elegant and classic dress can hide belly fat and optimizes waistline and body proportion, adding a touch of glamour and comfort elements. Pockets on both sides for carry your small things.【FOR ANY OCCASIONS】The midi dresses for women is a versatile addition to your wardrobe, suitable for various occasions such as wedding guest, cocktail party, funeral, church, wear to work, and semi-formal or casual occasions.The women dresses can be dressed up with high heels or dressed down with pumps.【You Need To Know】The womens work dresses need to wash in cold water and do not bleach or soak for a long time.",39.99
B0BZP7BQZV,Clothing,BORIFLORS Store,BORIFLORS Women's Sexy Ruched Bodycon Mini Dress Mesh Long Sleeve Club Party Short Dresses,"Fabrics: The sexy bodycon dresses is very soft, mesh sheer, high stretchy, breathable, lightDesign: The party mini dress feature square neck design, mesh sheer back and sleeves, slim fitting, back zipper, ruched body con dress. The semi formal dresses is perfect for women and teen girlsOccasion: The cute short dresses is suitable for going out, club, party, date night ,neon night out, clubwear, graduation, cocktail,evening, homecoming, dinner, beach, birthday, wedding, home, BBQ, shopping, halloween, vacationSize: S:4-6, M:8-10, L:12-14, XL:16-18, The club dresses can be wear as graduation dress, hoco dress, maternity dressCare:Machine Wash and Hand Washing",35.99
B0CD53B24J,Clothing,Nmoder Store,Nmoder Women's Casual Wrap Flared Midi Dress Wedding Guest Cocktail Tea Dresses A-Line Swing V-Neck 3/4 Sleeve,"【MULTIPLE SIZES & COLORS】The elegant V-neckline wrap dress has multiple colors and sizes from M-3XL for you to choose, every dress with different colors or patterns. Ladies in any sizes could choose a right one.【COMFORTABLE MATERIALS】The 3/4 sleeve dress for women is made of 95% polyester and 5% spandex. Soft and stretchy fabric make you feel comfortable in all days and also friendly to pregnant women. 3/4 sleeve design is wearable in four seasons.【Highlight S-Shaped Body】The V neck of fit and flare dress for women makes you look sexy. High waistband perfect to trim your waist and show your S-shaped body. Side pocket designs for carrying small items but without influencing the beauty.【OCCASIONS & MATCH】The stylish aline dress for women is perfect to wear with pumps for semi formal occasions like wedding, cocktail, banquet or with more ornate jewelry and accessories for casual occasions like dating, dinner, party etcs.【WHAT YOU GET】If you have any questions when purchasing the semi-formal slimming dresses for curvy women, Please contact us and we will respond within 24 hours.",39.99
B09LH6CFNH,Clothing,CHICGAL Store,CHICGAL Summer Dresses for Women Beach Cover Ups Strapless Boho Floral Print Sundress,"Feature: Womens dresses casual summer featuring tube tops, boho floral printing, sundress for swimsuit coverups, sleeveless, backless, cold shoulder, elasticated breast, knee length, a line, high waist, swing hem, vintage boho styles beach outfit clothingMaterial: Womens Beach Dresses, Sun dresses with sexy backless are made from super soft and stretchy fabric, lightweight and breathable; No fading or pilling, easy to wash and quick to dry; The must have summer boho plus size dresses for women for hot weatherStyle: Colorful Summer Dresses for Women, from popular plentiful color women's casual dresses, floral sunflower dress, classic bohemian dresses for women, to the chic fashion tropical dress, easily pick up the loose short dresses you likeFit Occasions: Simple design makes the knee length dress great for beach, vocation, Home, office, party, school, casual daily, evening, country, cocktail, photoshoot, formal outfit, wedding, various colors for housewife, juniors, teen girls and so onSize: Casual Dresses for Women going out accessories, sizes range of S-3XL, please refer to the size chart in product description below before ordering , Whether you’re petite, plus size, or somewhere in between, you’ll find perfectly fitting elastic bandeaus dress",19.5
B09QM9P487,Clothing,ANRABESS Store,ANRABESS Women’s Summer Loose Boho Flowy Wrap V Neck 3/4 Sleeve Floral Print Slit Beach Wedding Guest Long Maxi Dresses,"Size：S=US(4-6), M=US(8-10), L=US(12-14), XL=US(16-18), XXL=US(20-22)Lined - lined length to mid thigh. The dress length to floor. All colors have lined，not see through.Features - this kimono maxi dress features wrap v neck top，3/4 oversized sleeves，elastic waist with a belt，high slit to lined，maxi length，loose fit，floral printed.Occasion - this boho dress perfect for party，travel ，beach，vacation，daily and so on. Bump and nursing friendly .Wash care - hand wash recommended. hang to dry.",39.99
B0D8KSM11G,Clothing,Dokotoo Store,Dokotoo Womens Dresses 2025 Boho Floral V Neck Long Sleeve Smocked Elastic Waist Casual A-Line Swing Mini Dress Sundress,"Feature: Dokotoo spring dresses for women 2025 comes with Long Sleeve, V Neck, Bohemian Floral Print, Smocked Elastic Waist, High Waist, A-Line, Boho Dress, Babydoll Dress, Short Dress, Sun Dresses, Sundresses for Women, Swing Flared, Mini Knee Length, Casual elegant dress for women fits for any body shape.The smocked elastic waist design offers a comfortable and customized fit that hugs your body in all the right places, accentuating your curves beautifully. It provides a flattering and figure-enhancing silhouette, ensuring both comfort and confidence.Long sleeve womens dresses length is good as well, not too long or too short. It use the A-Line version, can show your curves and hid tummy pretty well. Get ready for a charming and playful look with this women's a-line swing short dress.Size: S=US 4-6,M=US 8-10,L=US 12-14,XL=US 16-18. Check more info of this Floral Dress in Size Chart and Product Description. Please choose carefully according to your size. Dokotoo long sleeve dress for women is made with high-quality fabric, comfortable, breathable, lightweight, soft, friendly to skin.Occasion: Smocked cute dresses is perfect choice for casual daily, school, party, vacation, holiday, resort wear, cruise outfits, beach, office, work, home, date, shopping, wedding, birthday, anniversary, dinner, photos, bridal shower,family pictures and any other occasions.",38.99
B0DD72RFZ8,Clothing,Memoriesea Store,Memoriesea Women's Elegant Casual Short Sleeve Work Party A-Line Dress with Pockets,"Material:This dress is made of quality fabric 90%Polyester+10%Spandex,soft,stretchy and comfortable.Feature:The dress is beautiful and elegant.Short sleeve,necktie ,side pockets,pleated skirt,fit and flare style,with pockets.The pretty necktie starts off this fit and flare style dress that invites joy and optimism.Occasion:Great for everyday look,going out,weekend,cocktail party,birthdays,dinner,prom,business office work,church,wedding guest,teaching clothes,mother's day gift.US Size:S=USA 4-6;M=8-10;L=12-14;XL=16-18;XXL=18-20. Please check it before you buy!Match:This dress with strappy heels,gold hoops,and a clutch for a sexy and elegant look that's perfect for wedding guests and other formal events.",39.99
B0DK6Y5MCN,Clothing,PRETTYGARDEN Store,PRETTYGARDEN Womens Summer Casual V Neck Boho Maxi Dress Flowy Aline Bell Sleeve Tiered Floral Dresses with Pocket,"SIZE TIPS:S=US 4-6,M=US 8-10,L=US 12-14,XL=US 16-18,XXL=US 20.Crafted From The Soft Materials And with Attention to Every Detail,Experience The Perfect Blend of Comfort And Style with This Aline Boho Dress for WomenTRENDY STYLE:V-Neck Dress Design Can Show Elegant Neck Line,While The Aline Cut Ensures A Flattering Fit for Many Body Types.Whether You're Wearing It to Work or for A Party,This Short Sleeve Floral Dress for Women Offer Versatility and ComfortDESIGN FEATURES:Short Sleeve Maxi Dress for Women;Floral Dress for Women;Boho Dress for Women;Flowy Dresses for Women;Womens Bell Sleeve Dress;A Line Dresses for Women;Tiered V-Neck Dress for Women;Party Dresses for Women;Pleated Dress for WomenDETAILS:Flared Sleeves And A Loose Tiered Bottom Make This Flowy Boho Dress for Women Look Uncluttered.A Button-Down Chest Keeps You From Showing Off,with Pockets,This Women's Summer Maxi Dress Is Both Practical and Stylish,Ideal for Many OccasionsCASUAL FLORAL BOHO DRESS:Embrace The Elegance of Long Dresses for Women with Our Bell Sleeve Dress,Which Ideal for Party Dresses,Holiday Outfits,Vacation Clothes,Travel Dress,Dating Dress or Work Office Dresses",51.99
B0DKSDPKZF,Clothing,Dokotoo Store,Dokotoo Womens Dresses 2025 Summer Spring V Neck Short Sleeve Casual A Line Flowy Swing Shift Dress Mini Dress,"Fabric: This womens dresses item is made of 65% Polyester, 30% Viscose, and 5% Elastane, creating a soft, breathable, and stretchable fabric perfect for warmer seasons.Design: The mini dress features a V-neck, short sleeves, ruffled edges, and a solid color design. The layered detail adds an extra touch of sophistication and style.Fit: The summer dress is designed with a flattering silhouette that complements various body types. The ruffled edges and layered detail enhance its feminine appeal.Styling Tips: This women dresses piece can be paired with strappy sandals for a casual day out or elevated with heels for a more formal occasion. It's a versatile addition to any wardrobe.Occasion: Whether it's a casual day out or a summer party, this women's casual dresses item is a great choice. Its elegant design makes it suitable for a variety of occasions, marking it as one of the elegant dresses for women.",38.99
B0BRSFKFJ4,Clothing,PRETTYGARDEN Store,PRETTYGARDEN Women's 2025 Summer Satin Dress Elegant Sleeveless Mock Neck Cocktail Party Maxi Dresses,"SIZE TIPS: S=US 4-6, M=US 8-10, L=US 12-14, XL=US 16-18, XXL=US 20-22. Women Satin Dress Is Made Of Selected Satin Material, Non-Stretch, Silky Smooth To Wear And Looks Shiny And Textured. The Maxi Dress Is Friendly To Your Skin, Perfect For Summer.STYLISH DESIGN: Satin Dress For Women; Sleeveless Maxi Dress For Women; Mock Neck Dress For Women; Summer Dress For Women; Long Flowy Dress For Women; High Waist Swing Dress For Women; Formal Dress For Women; Party Dress For Women; Cocktail Dress For Women; Wedding Guest Dress For WomenCHIC FEATURES: The Satin Maxi Dress Features In Mock Neck Style, Bring Out Your Elegance And Femininity. Women Silk Dress With Elastic Waistband Keeps You Cozy All Day Long. The Unique Irregular Shoulder Design Highlights Your Delicate Collarbone. This Sleeveless Summer Dress Modify Your Figure Well, Ideal For Almost Body Shape. The Plain Flowy Dress Is Simple Yet Graceful, Creates A Stunning Feel.ELEGANT SATIN DRESS! Women Sleeveless Maxi Dress Comes With Following Colors To Chose: Dark Blue Silk Dress; Black Satin Prom Dress; Deep Red Semi Formal Dress; Army Green Date Night Dress; Tender Green Homecoming Dress; Rose Red Holiday Party Dress; Brilliant Blue Evening Dress; Grass Green Beach Dress; Purple High Neck Dress; Khaki Night Out Dress; Red Slip Satin Dress; Light Blue Fit And Flare DressWOMEN SILK MAXI DRESS! Ladies Satin Dress Can Match With High Heels Or Sandals To Create A Eye-Catching Looks. The Maxi Dress Suits For Dating, Party, Cocktail, Wedding, Dinner, Prom, Night Out, Formal And Other Occasions.",55.99
B0CQ4Q7SNQ,Clothing,Dokotoo Store,Dokotoo Summer Dress Casual Womens Fashion Short Sleeve Maxi Dress T Shirt Dress Striped Long Color Block Maxi Dress,"HIGHLIGHTS: The Short Sleeve long dress can easily slender your physique and optimize your body proportion to show your soft femininity well. This Color Block long dress is so flattering, make you more charmingDesign: The loose maxi dress provides a flattering and comfortable. The long length of this dress creates a flowy and flattering silhouette, making it perfect for showcasing your feminine charm.FABRIC: Soft and comfortable fabric makes the Short Sleeve summer dress for women maxi length flow with body wonderfully; This summer casual dress is made of premium material to give you the maximum comfort.The versatile striped design makes it easy to style with accessories, jackets, or cardigans to create different looks for various occasions. Please check more info of this dress in Size Chart and Product Description. Please choose carefully according to your size.The side split detail adds a playful and flirtatious touch, ensuring that you turn heads wherever you go. Whether worn with sandals for a casual day out.",33.99
B0D6YY28SS,Clothing,Dokotoo Store,Dokotoo Womens 2025 Casual Dress Smocked Crewneck Button Up Long Sleeve Empire Waist A-Line Mini Dress,"Size: S=US 4-6 , M=US 8-10 , L=US 12-14 , XL=US 16-18 , 2XL=US 20-22. *The buttons are decorative and can NOT open.*Classic Features: This long sleeve dress showcases classic crewneck and decorative button design, complemented by smocked detail and empire waist. The flowy A-line hem of swing mini dress add a chic and elegant touch, making it a must-have for wardrobe.Soft Fabric: Crafted from soft and airy fabric, this casual dress is both skin-friendly and breathable, ensuring all-day comfort. The solid color shows a versatile charm, which is easy to pair with a variety of accessories for different looks.Various Occasions: Perfect for casual style and elegant wear, this shirt dress is suitable for many occasions, including beach outings, vacations, parties, wedding guests, club nights, dates, shopping trips, and daily wear. Its versatile design makes it an ideal choice for laid-back and chic events.Crewneck long sleeve dress/ empire waist dress/ button down shirt/ shirt dress/ work dress/ church dress/ skater dress/ smocked dress/ elegant dress/ flowy dress/ swing dress/ casual dress/ formal dress/ womens fashion dress/ vacation dress/ spring dress/ summer dress/ fall dress/ winter dress in solid color.",38.99
B08T25KPN2,Clothing,FANDEE Store,FANDEE Plus Size Maxi Dress for Women Casual Summer Sundress V-Neck 3/4 Sleeve,"【Quality Fabric】Our womens dresses are made of 95% polyester and 5% spandex.It feels very soft and delicate to the touch.Our maxi dress is suitable for most curves and fluffiness, and you don't have to worry about the clothes being seen through.【Dresses for Women 2024】Soft and stretchy fabric provides all day comfort.Size Guide:S=US 2-4，M=US 6-8，L=US 10-12，XL=US 14-16，XXL=US 18-20，XXXL=US 22-24.【Various Styles】The unique print on the maxi sexy dress makes you look more elegant and sexy. The colors in this dress screamed spring/summer. Colorful print is made of natural plant dyestuff, which shows gorgeous look and is more and more popular.【Features】V-Neck,3/4 sleeve,High waist,Maxi Dress with Pocket,Wedding Dress,Going Out Dress,Holiday Dress,Party Dress,Date Night Dress,Business Casual Dress,Beach Vacation Dress【Suitable Occasions】The bohemian floral sundresses are suitable for Summer, Party, Beach, Evening Out, Cocktail, Daily Wear, Wedding, Nightclub, Travel, Home, Vacation, Holiday, Camping and any other occasions.",39.99
B0DRXCWRYM,Clothing,ZITY Store,ZITY 3 Pack Men Polo Shirts Short Sleeve with Pocket Sport Wicking Shirts for Men Casual Athletic Collared T-Shirts,"PERFORMANCE:These men polo shirts are soft,lightweight and moisture wicking,keep you cool and breathableMULTIPACK:3 Pack men short sleeved polo shirts offering various colors and sizes, can be used on multiple combinationsFEATURE: Three buttons polo shirts easy to wear, front pocket design,Classic striped color contrast just for your comfortOCCASION：Suit for any casual occasions,such as daily wear,business,sports,outdoor,date,golf, party,hiking,camping ,street,etc.TIPS:This mens shirts short sleeve can be machine washed and easy to maintain not easy to deform, and will not pilling,they are available in sizes M L XL 2XL 3XL",59.99
B0DHLFBLB4,Clothing,TVKSOM Store,TVKSOM 5 Pack Polo Shirts for Men Long Sleeve Quick Dry Mens Polo Shirts Golf T Shirt Moisture Wicking Casual Workout,"Comfy & Breathable Fabric: The mens polo shirts long sleeve are made of soft, breathable fabric that wicks moisture away from your skin, allows for breathability,and dries quickly for cool comfort.UPF 50+ Sun Protection:The men's polo shirts are made with lightweight fabric that boasts UPF 50+, protecting your skin from sunburn in outdoor.Multi-Occasion:The men's long sleeve collared shirt is a must-have for your autumn and winter wardrobe, perfect for daily wear,sports,leisure, work, and social occasions. Its premium quality and classic design make it a great base layer for autumn and winter, whether you're wearing it yourself or giving it as a gift.Classic Design: Featuring a spread collar and a 3-button,this golf polo shirt has a tag-free neck to minimize chafing. The wrinkle-resistant fabric allows for easy tucking without creasing, and it's also fade-resistant for durability and long-lasting wear.Versatile Outfit:The regular fit design of the mens polo shirts determines that it can be paired with freely. Wear it alone or layer it with jacket, coat. Pair it with casual pants or jeans to show your personal style and fashion sense.",49.99
B0BGJ5XZTQ,Clothing,ZITY Store,ZITY 3 Pack Mens Polo Shirt Short Sleeve Sports Performance Business Casual Golf Shirts for Men Collared Tactical T-Shirts,"PERFORMANCE MATERIAL: This mens polo shirts short sleeve made from Polyester Spandex, lightweight, moisture wicking, soft hand-feel, four way stretch, comfortable and breathable keep you coolSIZE: This mens golf shirts short sleeve based on US regular fit: M, L, XL, XXL, 3XL. Allowing for great mobility in any directions yet they still have a fitted lookOCCASSION: Mens casual shirts are suitable for various occasions such as business casual, daily casual, work, company, golf, tennis, soccer, tactical training, vacation travel, fitnes, jogging, holiday, walking, festival, football sports or four seasons all day wear. Of course these men casual stylish shirts are always the best gift for family and friendsSTYLE FEATURE: Men's casual shirt the ring buckle design under the placket is convenient for carrying sunglasses/microphones. Sleeve pocket design makes it easy to carry small items such as keys/headphonesWARM TIPS: Please refer to the size chart in product image or description before you order it",89.99
B0C2ZSX1RL,Clothing,Real Essentials Store,Real Essentials 3 Pack: Men's Jersey Cotton Short Sleeve Polo Shirt - Breathable Performance Polo (Available in Big & Tall),"Real Essentials Sleep & Loungewear: Available In Both Regular & Big and Tall Sizing (Sizes Small-5X Tall)Elevate Your Golf Game: Take your golfing experience to the next level with this top-quality Men's Cotton Jersey Polo, designed for ultimate comfort and fashion on the greens.For the Busy Professional: Stay relaxed and fashionable all day with these Men's Cotton Jersey Polo shirts. Choose from an array of colors to suit your individual style.Classic and Timeless: This Men's Cotton Jersey Polo boasts a timeless design that makes it a multi-functional addition to any wardrobe. Opt for white or traditional shades such as black and red.Real Essentials' Focus on Affordability: Real Essentials is committed to providing budget-friendly clothing options for hard-working families. Get the best value for your money with this bulk pack of Men's Cotton Jersey Polos, perfect for daily use or casual gatherings.",50.0
B0DSFZP271,Clothing,SECOOD Store,3 Pack Polo Shirts for Men Short Sleeve Moisture-Wicking Golf Shirts Athletic Casual Collared T-Shirt,"3 Pcs in one package: The set includes 3 pack polo shirts for men in a range of colours, offering incredible value for moneyMaterial: Men's polo shirts is crafted from a high-performance, moisture-wicking blend of 95% polyester and 5% Elastane; Polo shirts for men is lightweight, soft, comfortable and breathableFeatures: Men's Golf polo shirt short sleeve are meticulously designed with a 3-button placket front, complete with a gusseted underarm design that ensures unencumbered movement and breathable. A convenient sunglasses loop is strategically placed at the front placket bottom, adding a touch of practicality to the design.Matching: 3 pack men's polo shirts offers a huge variety of colours, styles, features, and designs including breathable styles for busy workplaces, sports polo shirts for a team that is on the move constantly, and high visibility polos for workplaces where your safety is imperative.Occasion: The men's polo shirts are great for golf, tennis, riding, tactical, running, casual, hiking, travel, other outdoor sports, and also for casual wear. They are perfectly paired with nicer jeans, chinos, or khakis.",59.99
B09B52VSNC,Clothing,Brand: AKAWOOKO,5 Pack Men's Dry Fit T Shirts Athletic Running Gym Workout Short Sleeve Tee Shirts for Men,"Moisture wicking fabric is quick-dry & ultra-soft, keeps you cool and dry anytime.4-way stretchy material for excellent flexibility enhances the range of motion.Athletic crew neck & short sleeves, Perfect for running, workout and training sports and even as an moisture wicking undershirt.Ideal for cooler days, but still very comfortable to wear in summer. Safeguards your skin from harmful Ultraviolet Rays.Unique tag-free printed necks and light weight design.5 Pack Men's Dry-Fit T Shirts. Multiple color combinations, multiple choices.",26.99
B07BN52FT6,Clothing,Nautica Store,Nautica Men's Short Sleeve Solid Stretch Cotton Pique Polo Shirt,Casual styling and a stretch pique fabrication for the most comfortable fitPolo collar with a sporty buttoned placketShort sleeves,21.95
B07LGT68JH,Clothing,Rustler Store,Rustler Men's Classic Relaxed Fit,Relaxed fit thru seat and thigh5 pocket stylingStraight legHeavy weight durable denim,16.99
B09GRXDMF6,Clothing,Amazon Essentials Store,Amazon Essentials Men's Athletic-Fit Stretch Jeans,"ATHLETIC FIT: Designed with extra room in the hip and thigh, these stretch jeans for men offer a comfortable fit for athletic builds that sits at the waistALL-DAY COMFORT: Made with mid-weight cotton denim, these stretch jeans provide comfort throughout the day. These jeans come in indigo denim washes or solid colors with a garment wash for a lived in denim-inspired lookSTYLE: These five-pocket denim jeans are suitable for business casual to everyday wearDETAILS: These men's stretch jeans feature a zippered fly with a metal button closure, bartack reinforcements, and rivetsMAINTENANCE: These pants for men are best hung to dry to preserve their fit and longevityLEG OPENING: 7 1/2"" on US size 32",21.11
B0008EOG9E,Clothing,Lee Store,Lee Men's Regular Fit Straight Leg Jean,"REGULAR FIT. This classic jean sits at the waist and features a straight fit through the seat, leg, and thigh. Made with a 16-inch leg opening, this regular fit jean provides a tailored look that keeps you comfortable all day long.CLASSIC 5-POCKET STYLING. A classic fit jean designed with an authentic five-pocket style. Our bestselling straight leg jean is designed with a timeless five-pocket style, perfect for most occasions.JEANS FOR ALL. This jean is available in heavyweight and midweight denim with a wide variety of washes, finishes, and fits. Add a classic denim jean to your everyday rotation or try out a new alternative wash -- there's a pair of Lee jeans to fit every style.A LIFETIME OF QUALITY. For over 100 years, Lee has produced quality apparel with durability and long-lasting construction in mind. Lee is committed to designing clothing that conforms to your body, allowing you to move through life freely.SPECIFICATIONS. Zipper fly with button closure, signature label at back waistband, leg opening: 16"".",36.9
B0874WWX2P,Clothing,Under Armour Store,Under Armour Men's HeatGear Compression Shorts,"Super-light HeatGear fabric delivers superior coverage without weighing you downStrategic mesh panels for added ventilation where you need itMaterial wicks sweat & dries really fastErgonomic design keeps seams off high abrasion areas & increases durabilityWide, exposed elastic waistband with wordmark detailUpdated gusset design provides ultimate support & comfort",30.0
B0CD2HNDVG,Clothing,KISAH Store,"KISAH Men's Printed Sherwani Kurta & Pajama Set - Regular Fit, Mandarin Collar| Ethnic Wear Mens Wear","Make a statement with this regal KISAH Men's Sky Blue Printed Sherwani Pajama Set. The luxurious cotton jacquard fabric features intricate gold ethnic motifs, perfect for adding an elegant touch to any celebration.Color: Sky blue with stunning gold ethnic motifs sherwani and Off-White churidar pant.Fabric: Cotton-blend jacquard, offering a premium feel and an exquisite look, Fit: Regular fit with a Mandarin collar and front-button closure for a sophisticated look. Available size S(38), M(40), L(42), XL(44). Please see the size chart in description or image section before ordering, Design: Ornate jacquard patterning throughout the sherwani for an opulent, regal appearance.Bottom Wear: Paired with slim-fit off-white churidar pajama pants with adjustable drawstring closure for comfort and ease of movement.Occasion: Perfect for weddings, receptions, and festive occasions such as Diwali, Bhaidooj, Sankranti, Eid, Rakhi, etc.. This sherwani set blends traditional craftsmanship with modern style, ensuring you stand out at any grand event.",189.99
B08CW7GW58,Clothing,Amazon Essentials Store,Amazon Essentials Women's Pointed-Toe Ballet Flat,"COMFORT AND FIT: These ballet flats have a padded insole with high-density cushioning for added comfort and a heel pillow to relieve pressure and heel slip. The folded topline ensures a no-rub fit. Available in regular and wide-widths.MATERIAL: Amazon Essentials shoes are made from high-quality alternative leather materials. This style has a faux suede upper and is lined in synthetic suede.STYLE: These ballet flats have a stylish pointed toe, no visible stitching, and a modern upper design.DETAILS: 10mm heel with a soft non-slip sole.DESIGN: These ballet flats take you from day to night and can be paired with your favorite Amazon Essentials outfit.",28.775
B08KZYTHWR,Footwear,Feethit Store,Feethit Womens Slip On Running Shoes Non Slip Walking Shoes Lightweight Gym Workout Shoes Breathable Fashion Sneakers,"Lightweight and Breathable Upper: Women sneaker mesh upper with good breathability and flexibility makes the foot more free and comfortable.Comfy Liner: Removable and soft insole supports the feet arches and it doesn't put too much pressure on your feet.Slip Resistant Outsole: The soft sole is made from durable and EVA outsole, which provides the user with the enough buffer between feet and ground.Basic and Fashionable: The women walking shoe comes in black and white, each constructed with a high quality material, brings a vintage aesthetic, with an undeniably classy feel.Occasions: This fashion sneakers for women are perfect for walking, running, workout, nursing, athletic, sports, jogging, gym, tennis, bike riding, hiking, schools, office, casual outfit and go with jeans, leggings, denims, skirts, shorts, dresses and etc.",38.99
B0BS6G9WG6,Footwear,KIDMI Store,KIDMI Women's Suede Clogs Leather Mules Cork Footbed Sandals Potato Shoes with Arch Support,"CLASSIC CORK CLOGS: 100% genuine suede look with adjustable metal buckle straps. They are super flattering with spring/summer outfits. Perfect all seasons wardrobe staple. You will get so many compliments when you wear themAMAZING COMFORTABLE: Cork footbed with deep heel cup, soft lining hugs your feet perfectly. They have decent arch support, good cushioning and light weight. Women's clogs don't bind your foot in any way and comfy to wear all dayWONDERFUL QUALITY: The buttons is sturdy and upper construction is strong won't break or fall off. Nice grip on the non-slip outsole bottom, suitable for any surface. Normal use of them will last for a long timeVERSATILE PURPOSE: Slip right in, wear them everywhere, house or grocery store, gym, walking, picking up packages, everywhere! Suitable for both indoor and outdoor usage. Not to mention for casual settings or partyEASY TO CLEAN: Wipe with water. Placed in a ventilated location. Tips: If you have any questions about the size, please contact us at any time",32.99
B0CP7277PW,Footwear,Adokoo Store,Adokoo Canvas Tennis Shoes for Women Low Top Casual White Black Sneakers for Women Lace Up Fashion Comfortable Walking Shoes,"COMFORTABLE HIGH-QUALITY CANVAS SHOES - Long-lasting, abrasion-resistant, breathable, and lightweight, these low top canvas shoes for women feature high-quality canvas material that combines flexibility with comfort. They are easily washable, making them a stylish and practical footwear choice.CLASSIC & FASHIONABLE - A rubber molded structure in the toecap and heel provides enhanced foot protection. These timeless womens lace up low top shoes embody a youthful, lively, and carefree style, making them suitable for every season.NON-SLIP OUTSOLE - These white/black sneakers for women boast sturdy yet flexible synthetic rubber outsoles, featuring a specially textured bottom for enhanced grip and friction. These casual women's sneakers provide slip resistance, ensuring stability even in wet weather conditions.SHOES WITH DIVERSE OUTFITS - These womens casual shoes work well with both modern and retro outfits. They look super cute when paired with shorts, pants, skirts, or dresses—an absolute must-have in your closet.VERSATILE - Adokoo womens low top canvas shoes are a timeless style and a exemplary back-to-school gift that everyone, whether young or old, teenager or adult, deserves to own a pair for gym, sports, walking, hiking, workouts, or casual wear.",21.99
B0BW8KKPQH,Footwear,SERNIAL Store,SERNIAL Womens White Tennis Shoes PU Leather Sneakers Casual Walking Shoes for Women,"【Water-Resistant Upper】:Womens white tennis shoes use PU leather upper,PU upper is water-resistant and easy to clean.【Comfortable Felling】:PU leather sneakers have been thickened at the ankle to fit the foot more comfortably.【Easy to Match】:As the most versatile shoes, white shoes can be matched with jeans, shorts,dress and so on, it can even as dress shoes.【Best Gift】:Womens white shoes are always attractive, so they are great ideal as Mother's Day gift,Thanksgiving gift,Christmas gift or other festival gift.【SERNIAL Service】:We privide for all our customers that giving unconditional return service.if you have any question about the tennis shoes,Be free to contract with us,we will reply to you within 1-24hrs.",49.99
B0BZZ6ZP7B,Clothing,SHULOOK Store,SHULOOK Womens Slip on Walking Shoes Comfort Lightweight Breathable Sock Shoe Non-Slip Mesh Casual Fashion Tennis Running Sneakers,"【Convenient】Slip-on design and easy pull on and take off.【Comfortable】Mesh upper offer the breathability, keeps your feet cool and dry, offers all day comfort for you.【Non Slip】Lightweight and elastic rubber outsole, effectively reduce cushioning force and provide sufficient friction, let each step of your move all relaxed.【Removable】Memory Foam Insole has good elasticity, can absorb recoil, hereby reducing the burden on the body.【Women's walking shoes】Designed for both daily life and outdoor sports like walking, work, tennis, shopping, traveling, camping, driving and any activities.",21.99
B07B422G13,Footwear,New Balance Store,New Balance Women's 608 V5 Cross Trainer,PU Foam insert offers long-lasting comfort and supportLightweight injection-molded EVA foam midsole provides lightweight cushioningPhantom Liner interior has minimal seaming to help reduce irritationInternal midsole shank adds midfoot structure and supportNB Soft plus Supportive Comfort Insert offers all-day comfort and support,74.99
B0BZ92J5MM,Footwear,Skechers Store,Skechers Women's Bobs D'vine-Instant Delight Sneaker,Veganslip oncharitablememory foam footbed,55.0
B08DXSSMYK,Footwear,GUESS Store,GUESS Women's Loven Sneaker,"This lace up look features GUESS logo hardware on the side with the hottest fashion colors of the season mixed and matched. This shoe is comfy, cool and ready to knock your socks off.Lace up closureRound ToeGuess logo detailing",62.0
B071GB2K21,Footwear,Skechers Store,Skechers Women's Go Walk Joy Sneaker,"Lightweight and responsive 5Gen midsole cushioningSkechers Air Cooled Goga Mat breathable insole with high-rebound cushioningBreathable athletic engineered mesh upperFlexible traction outsoleMachine washable, air drySleek comfort walking design with soft fabric lining",50.0
B0CPQS2BBR,Footwear,Hey Dude Store,Hey Dude Wendy Slip Classic | Women's Shoes | Women's Slip On Loafers | Comfortable & Light-Weight,"Rounded Toe Design and Flex & Fold: This supports healthy feet with its unique shape giving complete freedom of movement. The Hey Dude Wendy will be an instant favorite in your modern-casual shoe collection and are the perfect women’s shoes.Lightweight with Elastic Laces: Manufactured using an elastic material that allows them to flex with the foot, resulting in a shoe that fits more uniformly. Each shoe weighs under 5 ounces making it one of the lightest pairs of shoes around. The ideal Hey Dude Shoes for Women that you will surely love!Comfortable Durable High-Quality Material: Wendy provides everywhere comfort, but with a style ideal for women who enjoy life’s ever-changing journey. The relaxed look and feel allow you to explore your passions and experience new places with the confidence your feet will fit into any occasion.Great For Travel & On The Go: The removable memory foam cushioned insole provides maximum comfort and reduces sweating and odors. Machine Washable Friendly (Cold).Perfect Gift for Any Occasion – Whether you're shopping for your Mom, Wife, Sister, or friend, HEYDUDE shoes are the ultimate gift for Christmas, birthdays, Mother's Day, or any special celebration.",64.99
B08CBVFFZ6,Clothing,HEAWISH Store,HEAWISH Women's Floral Ballet Flats for Women Black Beige Slip On Flowers PU Leather Round Toe Dress Shoes,"Flowers Pattern Design: For a long time, we had a strong desire to design a pair of ballet flats which can be our ‘birth design’, reminding people of WISH when put them on. That’s why they are here now. They seem to look ordinary that without luxuriant decoration but it’s also what we want in the beginning: SIMPLE BEAUTY. Hoping you will think it’s worth buying them after wearing them.Comfortable And Portable: Having been distressed by feet pain after wearing flats shoes for a long time? You might like these. We designed these shoes to be soft and flexible, just as the pictures show. They are also foldable and portable that you can put them in your small travelling bags. If you like travelling and wearing flats, these shoes are your indispensable companions.Graceful Linear Design: You can see graceful slightly curved linear design on the shoes’ side. We hope our shoes can look well from any angle. These round toe slip on flats look ordinary but if you look carefully, you will find them not ordinary definitely. They’re suitable for casual daily wear, working days, outings and parties.Breathable And Lightweight: The holes between flower patterns ensure the shoes being breathable, letting you feel cool in hot summer days. Our PU vamp fabrics and PVC sole materials make the shoes lightweight. They’re totally SUMMERY shoes!Hello From HEAWISH: Welcome to our small store! Today we are just starting out but we hope we can be known and favored by more and more people. If you have any question about our products or RETURN/EXCHANGE policy, whatever, please kindly let us know and we will reply you within 24 hours. Thank you for your support!",32.99
B09XRGG5NV,Footwear,New Balance Store,New Balance Women's Fresh Foam ROAV V1 Sneaker,"Truly Unique: The New Balance Fresh Foam Roav v1 running shoes are the ultimate in casual athletic style. Pairing a bold, attractive look with plush comfort, these cushioned running shoes are in a league of their own.Fresh Foam Midsole: Feel like you're running or walking in the clouds. The first of three proprietary technologies in this athletic shoe, Fresh Foam midsole cushioning is precision engineered to deliver an ultra-cushioned, lightweight ride.NDurance Outsole: Step up your game without wearing out your favorite running shoes. Ndurance rubber outsole technology provides superior durability in high-wear areas to help get more out of the shoes.Ultra Heel: These neutral running shoes boast a head-turning heel that performs as well as it looks. The Ultra Heel design hugs the back of the foot for a snug, supportive fit. This unique heel works alongside the bootie upper for all-day comfort.8mm Drop: These lightweight shoes feature a heel-to-toe drop of approximately 8mm. Due to variances created during development and manufacturing processes, references to 8mm are approximate.",84.99
B0BZ5NB719,Footwear,adidas Store,adidas Women's Cloudfoam Pure Sportswear Sneaker,"Women's shoes keep your feet feeling good all day longSNUG FIT: Adjustable laces provide a secure fitCUSHIONED MIDSOLE: Cloudfoam midsole for step-in comfort and superior cushioningRUBBER OUTSOLE: The rubber outsole provides outstanding grip and a sleek, low-profile lookMADE IN PART WITH RECYCLED CONTENT: This product features at least 20% recycled materials. By reusing materials that have already been created, we help to reduce waste and our reliance on finite resources and reduce the footprint of the products we make",75.0
B0BZ5JBZ3T,Footwear,adidas Store,adidas Women's Bravada 2.0 Platform Sneaker,"Women's canvas shoes bring an edgy vibe to casual everyday wearSNUG FIT: Adjustable laces provide a secure fitCUSHIONED MIDSOLE: Cloudfoam midsole for step-in comfort and superior cushioningRUBBER OUTSOLE: The rubber outsole provides outstanding grip and a sleek, low-profile lookWE PARTNER WITH BETTER COTTON: The cotton in this product has been sourced through Better Cotton. Better Cotton is sourced via a chain of custody model called mass balance. This means that Better Cotton is not physically traceable to end products",70.0
B097JVM91J,Clothing,HEAWISH Store,HEAWISH Women’s Ballet Flat Daisy Round Toe Dress Shoes Casual Slip On Rope Loafer,"【Daisy Cut-outs Design】: Daisy cut-outs form the upper of the flats shoes. The cut-outs also ensure the shoes can breathe freely.【Ultra Soft】: The padding is super soft. We have tested the softness of these low top walking flats to ensure your all-day comfort. They are so soft that we also wear them ourselves.【Casual Lifestyle】: The low top casual style is suitable to be as walking flats. You can slip them on and go when you are in a hurry.【Multiple Colors】: Black, white, grey and pink for your choice. Welcome to let us know the color you want and we will consider! :)【Easy-to-clean】:The upper’s material is easy-to-clean. You can dip a cloth in water and clean the dirty surface, saving your time on cleaning shoes.",25.89
B094C62WFQ,Footwear,Dr. Scholl's Store,Dr. Scholl's Women's Time Off Sneaker,"SUSTAINABLY CRAFTED: Womens slip on fashion sneaker with eco-conscious fabric toe box, linings and topcloth made from recycled bottles, and heel counter made from recycled materialsMATERIALS: Womens casual slip on loafer made with water-resistant faux leather, canvas fabric, ripstop made from recycled plastic bottles, or partially recycled neoprene fabricFIT: Womens slip on platform sneaker with strech laces for a secure fitSUSTAINABLE COMFORT: Insole Technology with anatomical cushioning, comfort & supportMOVEMENT: Lightweight, flexible construction moves with youGREAT FOR ALL OCCASIONS: Fashion sneakers for women and women's loafers & slip-ons are great for all occasions like walking, driving, daily dressing, outdoor, indoor, office, shopping, long standing, dress, walking and working",100.0
B0CJ61N1HW,Footwear,Skechers Store,Skechers Women's Martha Stewart Bobs Sesame By the Bay,MARTHA STEWART x SKECHERS COLLABSKCHERS AIR COOLED MEMORY FOAMBRUSHED CANVAS UPPERCRAFTED WITH 100% VEGAN MATERIALSCASUAL ESPADRILLE DESIGN,62.0
B0C5ZRQS2X,Footwear,KuaiLu Store,KuaiLu Flip Flops for Women with Arch Support Yoga Mat Comfortable Summer Beach Walking Thong Cushion Sandals Slip On Indoor Outdoor,"Womens Dressy Casual Sandals: Elegant and trendy style. Soft cloth bow knot strap sandals can dress up and down to match cute dress, trending jeans, stylish cloth. Premium arches thick cushion foam serve walking on cloud comfortCushioned Yoga Mat Footbed: Made with memory foam EVA give sandles extra cushioning and better foot care for all day walking, lightweight classy sandals are good for resort travel, vacation, wedding bride or bridal and work in officeComfort Arch Support: Supportive every step of your feet anywhere and relieves the fatigue of walking. Women's orthopedic sandals relax feet for long distance walk, improve your gait and lessen foot issues like Plantar FasciitisNon-Slip Rubber Sole: Deep texture waterproof tread function with perfect traction and grip to ensure the best protection, gives you peace of mind when summer pool beach partys or bath, shower in bathroomPartner for Summer: Classic flat sandals are perfect for various outfits and scenes. These Pretty sandals can match y2k tops,workout sets,lounge shorts, resort wear, going out outfits and fashion swimsuits",19.99
B0BHPS8B12,Footwear,adidas Store,adidas Women's Swift Run Sneaker,"100% RubberMade in the USA or ImportedEthylene Vinyl Acetate soleShaft measures approximately low-top"" from archRegular Fit. The Swiftrun Shoe RUNS LARGE. We recommend sizing downLightweight EVA midsole; Enjoy the comfort and performance of OrthoLite sockliner",90.0
B08NDMWJV9,Footwear,INZCOU Store,INZCOU Running Shoes Lightweight Tennis Shoes Non Slip Gym Workout Shoes Breathable Mesh Walking Sneakers,"Lightweight and Breathable : The upper of running shoes is made of highly elastic flying woven fabric, which is light and breathable. The densely woven net builds a three-dimensional upper surface that comfortably wraps the ankle. The soft fabric will expand and expand with the feet, maximizing the breathability and keeping the feet drySlip-resistant and wear-resistant : Upgraded non-slip MD sole with non-slip patch to improve the non-slip performance of shoes. MD sole is not only light in material, but also has good elasticity and wear resistanceComfortable Lining : INZCOU tennis shoes lining is skin-friendly and soft, which can reduce foot friction, protect your feet, and bring you a soft and comfortable foot feelApplicable to many occasions : These running walking shoes are suitable for gym exercise, walking, jogging, biking, hiking, traveling, etc. You can also give it as a gift to your family or friends, it will be a good choice for giftsCleaning method : This product is easy to clean, washing, washing machine cleaning can be, drying to avoid prolonged direct sunlight",50.99
B0BN28RWW8,Footwear,DeYashopin Store,DeYashopin Women's Flats Shoes Leisure Shoes Slip On Work Shoes Comfort Walking Shoes,"The Shoes are perfect for walking or driving with beautiful and recognizable bottom pattern design,it shows high quality from details. Choose these comfy flats when taking off heels.The slip on flats with thick Latex cushioned insole for all-day wearing. Enjoy a classic, timeless style in the women's dress shoesLook great with skirts, dresses, and skinny jeans, meets different professions such as teachers, nurses, office ladies, and different occasions such as work, date, gift, etcThe smooth microfiber upper is chose due to its excellent performance on softness, bending resistance and durability. Breathable canvas lining keeps feet refreshing all dayThe shoes for women offers versatility and modern appeal with a slip-on design, squared toe, and metal accessories at the vamp to complement the ballerina silhouette.",37.97
B096PFYLSH,Footwear,TOMS Store,"TOMS Women's, Alpargata Slip-On","Classic AlpargataEarthwise textile uppers in recycled cotton canvasRecycled cotton lining and footbedElastic gore for easy fitNon-removable insole with 50% eco content (25% recycled PU foam, 15% recycled rubber, 10% bio oil)",24.98
B0CGZL5KZR,Footwear,Brooks Store,Brooks Women’s Glycerin 21 Neutral Running Shoe,"THIS WOMEN'S SHOE IS FOR: The Glycerin 21 is perfect for runners seeking super-soft cushioning for supreme comfort. The plush internal fit and soft, stable transitions keep runners surrounded by super-softness. This Brooks Glycerin 21 has been granted the APMA Seal of Acceptance.NEUTRAL SUPPORT: Provides neutral support while offering the maximum amount of cushioning. Ideal for road running, cross training, the gym or wherever you might want to take them! Predecessor: Glycerin 20. Look for the Brooks Glycerin GTS 21 for the same style with added support.SUPREME SOFTNESS: The ultimate in softness with even more super-soft nitrogen-infused DNA Loft v3 cushioning, optimized to be lightweight, responsive, and durable for plush comfort.PLUSH IMPROVED FIT: The plush feel of an internal stretch bootie surrounds your foot and moves and expands with your stride. The newly engineered warp knit upper is breathable and allows for a flexible, accommodating fit while staying soft against the foot.SMOOTH, STABLE TRANSITIONS: The broad platform stabilizes your foot and promotes smooth heel-to-toe transitions for a supremely soft on-the-run experience.",159.95
B01MRVU8WD,Clothing,Clarks Store,Clarks Women's Emslie Lulin Dress Pump,"Heel height 2.16""Ortholite footbedCushion softLining Material is Textile",85.0
B076TG95HL,Footwear,Skechers Store,Skechers Women's Summits Sneaker,Skechers Memory Foam cushioned comfort insoleSoft flat mesh knit upper with a bungee-laced frontLightweight flexible shock-absorbing midsoleMachine washableSlip-on athletic sporty sneaker design,49.0
B0CL4XJCJW,Footwear,ODOLY Store,Genuine Suede Clogs for Women Men Soft Cork Footbed Leather Mules Comfort Potato Shoes with Arch Support,"Classic Leather Clogs: The upper and insole are made of genuine suede, providing a soft and cozy touch for ultimate comfort. The worn buckle features a complemented by vintage tones, classic clogs for men and women in a fashionable closet. Slip them on and you're off!Ultimate Comfort: Soft deep heel cup cork footbed fits the foot shape great, preventing slipping off. Arch support relieves pressure, giving your tired feet a relaxing experience. Adjustable buckle allows various feet and lets you stay comfortably stylish with our fashionable clogs.Premium Material: The leather fabric is tough and not easy to break. The buckle fittings are solid metal and the non-slip soles are thickened. Carefully selected materials for each part ensure sturdiness and durability, suitable for year-round use and everyday wear.Wide Application: With multiple colors and trendy styles, the backless mules are suitable for any occasion, such as walking around the house, going for a walk in the park, walking the dog, or shopping. Whether for leisure activities or work, these easy to slip on and off clogs will suit what is in your favor.Stylish Choice: As a timeless fashion item, we expect ODOLY clogs to add a touch of beauty to life. If you have any questions about our shoes, please contact us at any time.",28.99
B079GXK2KS,Footwear,Brand: Converse,Converse Chuck Taylor All Star Lift Women's Lace Up Canvas Sneaker,"Fabric: CanvasRubber soleRemovable insole, Signature logo patchPlatform: 1.25in / 30mmRounded toe",75.0
B07GQDTNWK,Footwear,Clarks Store,Clarks Women's Juliet Palm Loafer,Juliet Palm - A pair of flexible elastic gores and a curved topline provide this loafer style with an easy slip-on fitOrthoLite footbedCushion Soft paddingResposibly sourced leather upper1 inch heel height,85.0
B0B6FHTHQC,Clothing,Brand: SGF11,Women's Kanjivaram Soft Silk Saree With Blouse Piece 6.3metres,"Fabric:- Kanjivaram Pure Zari Woven Soft Silk, Blouse Fabric:- Kanjivaram Pure Zari Woven Soft Silk. Work:-Jacquard Woven Stylish Sari, Zari Woven.Saree Length:5.50Meter, Blouse Piece Length: 0.80 Meter( Unsticthed, Attached With Saree)Other Details : {Soft Finished Comfortable To Wear and Easy To Take Fleets } {Size-Free Size} { Saree Is Not Transparent } Package Included: 1 Saree with 1 Blouse Piece",69.99
B0D9FWQQFT,Clothing,Brand: Sidhidata,Women's Kanjivaram Banarasi Soft Silk Saree With Unstitched Blouse Piece (Silk Box Flower),"Saree Fabric : Kanjivaram Banarasi Silk , Blouse Fabric : Soft Litchi SilkSaree Work : Banarasi Silk Digital Print Pattern Multicolour Pallu Saree With Copper Zari Work on SareeSaree Length : 5.5 Meter , Blouse Length : 0.8 Meter || Colour : MustardWhole Saree is Exact As Shown In Image & This is Very Soft Fabric So Comfertable to wear and it's Comes With Digital Print Pattern PalluWeave Type: Banarasi Silk| Included Components: Saree With Unstitched Blouse Piece",49.0
B0BW7BVZRQ,Clothing,Brand: SGF11,Women's Kanjivaram Soft Silk Saree With Blouse Piece (Purple) 6.3metres,Silk,69.99
B0CCYJP95Y,Clothing,Meera Fab Store,Women's Cotton Printed Straight Kurta With Palazzo & Dupatta Set,"Size Chart- Kurta- XS- 34 in , S-36 in , M-38 in , L-40 in , XL-42 in , XXL-44 in. For More Please refer to the size Chart below..Package Contains 1 kurta ,1 Palazzo & DupattaFabric Kurta :- Cotton , Palazzo - Cotton & Dupatta- MulmulColour Declaration : There might be slight variation in the actual color of the product due to different screen resolutions.SLEEVE:- 3/4 Regular Sleeves // Neck Style:- Round Neck",34.99
B0C3J6QB6L,Clothing,Hanes Store,"Hanes Boys' Originals Crewneck Undershirts Pack, Stretch Cotton, Black & Assorted, 5-Pack","HANES ORIGINALS - Styles and silhouettes designed for the modern kid.COTTON-RICH BLEND - Hanes Originals stretch cotton boys' undershirts are soft and boast the breathability you can expect from cotton.MADE TO MOVE - Spandex adds just the right amount of stretch to undershirts made to move when your boy does.STAY COOL AND DRY - Boys stay cooler and drier no matter how hard they play in moisture-wicking tees.TUCK IT OR NOT - A clean, finished bottom hem lets him (or you!) decide whether to tuck it in or wear it out.VERSATILE LAYERING - Use as a bottom layer or as a standalone solo piece.",16.59
B0BNDCRMP2,Clothing,The Children's Place Store,The Children's Place Boys' Athletic Basketball Shorts,"BASKETBALL SHORTS — He's ready to play all day with the comfiest basketball shortsFABRIC — Made of 100% polyester dazzleCLOSURE — Pull-on elasticized waistbandMULTIPACK — Pack of 3 basketball shorts makes getting dressed easyTHE CHILDREN'S PLACE — We offer a huge selection of kid's clothing Shop us for jeans, shorts, leggings, chinos, polo shirts, dresses, pajamas, and accessories.",38.95
B0BM8RKWD2,Clothing,The Children's Place Store,"The Children's Place Boys' Assorted Everday Short Sleeve Graphic T-Shirts,multipacks","FABRIC — Made of 100% cotton jerseyDESIGN — Features short sleeves and rib-knit crew neckMULTIPACK — 3-pack of graphic tees: 1 style with dinosaur graphic design at front; 1 style with chameleon graphic design at front; 1 style with shark graphic design at frontTHE CHILDREN'S PLACE — We offer a huge selection of kid's clothing! Shop us for jeans, shorts, leggings, chinos, polo shirts, dresses, pajamas, and accessories.",29.950000000000003
B0874WPYV6,Clothing,Under Armour Store,Under Armour Boys' Logo Short Sleeve Tee Shirt,"UA Tech fabric is quick-drying, ultra-soft & has a more natural feelMaterial wicks sweat & dries really fastRaglan sleevesMany UA Tech T's are made with recycled, traceable polyester & re-use about 5 bottles per shirtLoose: Fuller cut for complete comfort.",20.0
B07B8HYGXW,Clothing,adidas Store,adidas Boys' Iconic Tricot Athletic Pants,"DESIGN: 1x1 Rib Cuffs | Applied Dazzle 3-Stripes Down Legs | Embroidered adidas Brandmark on Left LegFIT: Regular fit strikes a comfortable balance between loose and snugPOCKETS: On-Seam PocketsCOMFORT WAIST: Elastic waist with drawstring in sizes Small through X-Large so that the pants stay where you want them through from morning through recess, gym and practiceFABRIC: 100% Polyester Tricot keeps them looking sharp with a slight sheen",36.0
B00XPFFXKO,Clothing,Hanes Store,Hanes Boys' Eco Smart Pullover Hoodie,"FLEECE TO FEEL GOOD ABOUT - Hanes EcoSmart boys' hoodie is made with cotton sourced from American farms.STURDY - High-stitch density lasts wear after wear.HOODED - Designed with a kid-safe, cord-free hood to help block out wind and chill.DESIGN DETAILS - Features stretch ribbed cuffs and hem for a cozy fit.TAG FREE - No need to worry about annoying tags bunching up, thanks to our Tagless interior.COLD WATER WASH - Hanes recommends machine washing this boys' hoodie in cold water to reduce energy usage.",20.0
B084Q3ZJ4G,Clothing,Fruit of the Loom Store,"Fruit of the Loom Boys' and Toddler Boxer Briefs, Tag Free & Breathable Underwear, Assorted Color Multipacks",This is an assorted color pack This pack may contain all solids all prints or a conbination10 Pack Toddler boys' boxer briefsStay cool and dryLegs don’t ride upTag-free soft touch waistband,23.5525
B00XPFM1RC,Clothing,Hanes Store,"Hanes Boys EcoSmart Fleece Sweatpants, Midweight Cotton/Poly Fleece Pants for Boys, Cuffed Sweats",FLEECE TO FEEL GOOD ABOUT - Boys' sweatpants are made with cotton sourced from American farms.STURDY - High-stitch density helps them last longer without pilling.COMFORT WAISTBAND - Covered elastic waistband stretches for a comfy fit.DOUBLE-NEEDLE CONSTRUCTION - Helps the elasticized cuffs seal out chilly air.MIDWEIGHT FABRIC - Crafted from a 7.8 oz. cotton/polyester blend.COLD WATER WASH -Hanes recommends machine washing these boys' sweatpants in cold water to reduce energy usage.,16.0
B0872DSL47,Clothing,Under Armour Store,Under Armour Boys' Brawler 2.0 Tapered Pants,"Smooth tricot knit exterior with a brushed interior for soft comfort & warmthMaterial wicks sweat & dries really fastEncased elastic waistband with external drawcordOpen hand pocketsRibbed cuffsInseam: YMD 26"""" (+/- 2"""" per size)",30.0
B09NF2Y5Y5,Clothing,Under Armour Store,Under Armour Boys' Elite Short Sleeve T-Shirt,"AN EVERYDAY STAPLE: Featuring a stylish crew neckline and quick-drying, ultra-soft fabric that wicks away sweat and dries fast, this short sleeve t-shirt is a go-to for anything from casual school days to active days spent playing sports or running around.PREMIUM QUALITY: We use high-quality materials in all our clothing to ensure maximum comfort, longevity and lasting power. Always a soft and comfortable fit.THE PERFECT GIFT: A great item for gifting!UNDER ARMOUR: Under Armour’s vision is to inspire you with performance solutions you never knew you needed and can’t imagine living without.",13.0
B0CJWNTM1L,Clothing,Under Armour Store,Under Armour Boys' Tech Hybrid Print Short Sleeve T Shirt,"UA Tech fabric is quick-drying, ultra-soft & has a more natural feelMaterial wicks sweat & dries really fastUnder Armour’s mission is simple: to make you better.",20.0
B0823DJNPR,Clothing,The Children's Place Store,The Children'S Place Boys Basic Long Sleeve Tee,Solid styles made of 100% cotton jerseySmoke style made of 50% cotton/50% polyester jerseyRib-knit crew neckTagless labelPre-washed for added softness and to reduce shrinkage,29.950000000000003
B07K6V9763,Clothing,The Children's Place Store,The Children's Place Boys' Stretch Straight Leg Jeans,"Whiskered and handsanded for a lived-in look, this denim comes in a cotton blend with lots of stretch for comfy wear that lastsA classic straight leg with 5-pocket styling, inner adjustable waist tabs and a tagless labelSnap closure with zipper fly for sizes 4-7, button closure with zipper fly for sizes 8-16Fit for many occasions, this everyday jean is great with polos and graphic tees alikeThe Children's Place offers value-priced clothes and apparel that are fun and easy to put togetherThey'll love this style…you'll love this place",43.61666666666667
B01EMMB4LK,Clothing,The Children's Place Store,The Children's Place Boys' Uniform Short Sleeve Pique Polo,They'll love this style - you'll Love This PlaceOur PLACE is always in styleValue-prices clothes and apparel that are fun and easy to put together,12.95
B08P52ZV47,Clothing,The Children's Place Store,The Children's Place Boys Multipack Basic Bootcut Jeans,"Pre-washed for added softness and to reduce shrinkage, this 3-pack comes in durable soft cotton for comfortable all-day wear that lastsA classic bootcut look fitted through the thigh with a flare leg opening, plus 5-pocket styling and inner adjustable waist tabsSnap closure with zipper fly for sizes 4-7, button closure with zipper fly for sizes 8-16Stock up on casual-cool jeans for any day of the week, pair with his favorite top or graphic teeThe Children's Place offers value-priced clothes and apparel that are fun and easy to put togetherThey'll love this style…you'll love this place",74.95
B08Y5SNZTY,Clothing,The Children's Place Store,The Children'S Place Boys Basic Short Sleeve Tee,This multipack of 4 boys tops is made from a soft and comfy cotton jersey fabricPack of 4 basic layering teesStyled with rib-knit crew neckStock-up on his favorite essential boys tops with this pack of 4 boys basic layering tees from The Children's PlaceThey'll love this style… you'll love this place,51.95
B0CJWGMKVD,Clothing,Under Armour Store,Under Armour Boys' Tech Logo Shorts,"UA Tech fabric is quick-drying, ultra-soft & has a more natural feelMaterial wicks sweat & dries really fastEncased elastic waistband with internal drawcordOpen hand pocketsInseam: 7""Pockets: Yes",20.0
B096YJWVDD,Clothing,adidas Store,adidas Boys' Classic 3-Stripes Shorts,"Made from soft polyester mesh with a stretchy, snug-fitting waistbandRegular fit strikes a comfortable balance between loose and snugOn-seam pockets for small itemsDrawcord on elastic waistApplied 3-Stripes and embroidered adidas brandmark on wearer’s left leg",25.0
B0C24NCRHX,Clothing,The Children's Place Store,The Children's Place Boys' Long Sleeve Thermal Henley Shirt,"HENLEY TOP — An everyday top with a classic button placketFABRIC — Made of 60% cotton/40% polyester waffleDESIGN — Features crew neck and long sleeves with banded cuffsTHE CHILDREN'S PLACE — We offer a huge selection of kid's clothing! Shop us for jeans, shorts, leggings, chinos, polo shirts, dresses, pajamas, and accessories.",24.95
B01FKZRV4M,Clothing,The Children's Place Store,The Children's Place Boys' Bottoms Cargo Shorts,"In durable soft cotton for reliable wear every day of the weekA classic straight short with a pull on elastic waist and inner adjustable tabs, plus front slant, side cargo and back patch pocketsA versatile play style for adventure-forward occasionsThe Children's Place offers value-priced clothes and apparel that are fun and easy to put togetherThey'll love this style…you'll love this place",16.95
B08Q3H4W7T,Clothing,Burt's Bees Baby Store,"Burt's Bees Baby Baby Boys Pajamas, 2-Piece Long Sleeve Tee and Long Pant Cotton PJ Set, Sizes for 12 Months to 12 Years","100% Organic Cotton: All Burt's Bees Baby Pajamas Sets are crafted from pure, breathable cotton. Our PJ set is combed and ring-spun for added durability while maintaining comfort.Snuggly Soft Comfort: Wrap your little one’s dreams in organic cotton with these 2-piece Burts Bees Baby boy long pajamas. The stretchy rib fabric of our pj sets is super soft and moves with your little bee, ensuring a cozy night’s sleep.Stretchy Rib Fabric: Our baby girl clothes have super-soft ribbed fabric that moves with your infant, toddler, or kids, allowing flexibility and comfort for your little ones day and night. The high-quality organic fibers maintain strength and comfort.True-to-Size Fit: These boy tees and long pant sets are available in sizes from 12 months to 12 years. They come in a wide range of fun watercolor prints that every toddler and kid will love. Makes for a great gift!Thoughtfully Designed: Each Burt's Bees Baby Pant and Long Sleeve Tees PJs set has ribbed cuffs at the wrists and ankles to lock in warmth and prevent from hiking up. Love our PJs? Be sure to check out our other boys' clothing options.",17.95
B0BGWBQ9VW,Clothing,Under Armour Store,Under Armour Boys' Rival Fleece Joggers,"Ultra-soft cotton-blend fleece with brushed inside for extra warmthEncased elastic waistband with external drawcordOpen hand pockets & secure snap back pocketInseam: YMD 25"""" (+/- 1.5"""" per size)Pockets: YesTapered leg fit with ribbed cuffs",40.0
B01BFJM9BW,Clothing,French Toast Store,French Toast Boys' Short Sleeve Crewneck Tee,100 percent cotton jersey for most colorsHeathers are cotton blend jersey1X1 rib collarDyed to match topstitchingWeave type: KnitSpecial size type: Little Boys,8.0
B07H3MYXFK,Clothing,Simple Joys by Carter's Store,Simple Joys by Carter's Boys' 6-Piece Snug Fit Cotton Pajama Set,"6-Piece Set: Includes two short-sleeve pajama sets and one long-sleeve set, offering versatile, fun options for little boys at a great value.Multiple Prints and Colors: Variety of playful, patterns and vibrant color combinations that appeal to little boys.Snug Fit Design: Snug fit that ensures comfort and safety, preventing any loose fabric for a secure sleep.Tagless Design: No tags for itch-free comfort.OEKO-TEX Certified: Made from materials that meet the OEKO-TEX Standard 100, ensuring they are free from harmful chemicals and safe for sensitive skin.Easy Pull-On Style: Quick and hassle-free dressing, perfect for kids who are learning to dress themselves.",18.875
B07GFPVS2M,Clothing,Brand: Gerber,Gerber Baby 8-Pack Short Sleeve Onesie Bodysuits,"Includes eight white Gerber short sleeve onesies bodysuits100% cotton rib provides added breathabilityHigher-in-the-front bottom snap closure for easy changingAn easily-expandable lap shoulder neckline makes them quick to pull on in the morningStreamlined laundry days are with the easy care, machine wash and dry fabric",15.88
B01M5JGO6D,Clothing,Simple Joys by Carter's Store,Simple Joys by Carter's unisex-baby 6-piece Bodysuits (Short and Long Sleeve) and Pants Set,"Versatile 6-Piece Set: Includes four bodysuits (short-sleeve and long-sleeve) and two pairs of pants, offering a complete outfit for every day of the week.Fun Prints and Patterns: Featuring playful designs, such as animals, stripes, and geometric shapes, to keep your baby boy looking stylish and adorable.Snap Closures and Envelope Neckline: Designed for quick changes, making dressing and diaper swaps simple and convenient.Easy Care: Machine washable for effortless cleaning, maintaining the softness and vibrant colors with every wash.Great Value: A budget-friendly 6-piece set that provides a full wardrobe update with versatile mix-and-match options for any occasion.Seasonal Flexibility: With both short-sleeve and long-sleeve bodysuits, this set is ideal for layering in cooler weather or wearing alone in warmer temperatures, ensuring year-round usability.",24.5
B0744PN2MV,Clothing,Simple Joys by Carter's Store,Simple Joys by Carter's Baby 3-Pack Neutral Cotton Sleeper Gown,"Versatile Design: Three sleep gowns, featuring a mix of pull-over shoulder and button-down neck styles for easy dressing and undressing.Neutral Color Palette: Soft, neutral colors that are perfect for any baby, ensuring a stylish and timeless look suitable for both boys and girls.Comfortable Fit: Elastic at the leg closure, these gowns provide a snug fit around the legs, ensuring that your baby's legs stay warm and cozy throughout the night.Easy Care: Machine washable and durable, these sleep gowns retain their shape and softness after multiple washes, making them convenient for busy parents.Perfect for Layering: Ideal for layering under swaddles or blankets, allowing for versatility in various temperatures and sleeping environments.Great Gift Option: An excellent baby shower or new parent gift, providing a practical and stylish addition to any baby’s wardrobe.",18.875
B072JLTLQT,Clothing,Simple Joys by Carter's Store,Simple Joys by Carter's baby-girls 3-pack Snap-up Rompers,"Pack of 3: Three baby girl rompers, offering great variety and convenience, perfect for everyday wear or as a gift.Fun Prints & Patterns: Adorable and playful designs, including vibrant colors, cute animal characters, florals, and more to brighten up your little one's wardrobe.Snap-Up Closure: Full-length snaps from the neck to the legs make dressing and diaper changes quick and easy, allowing for hassle-free outfit swaps without pulling over the head.Short-Style Rompers: Short-sleeve and short-leg design is ideal for warm weather, keeping your baby cool and offering freedom of movement.OEKO-TEX Certified: Made from materials that meet the OEKO-TEX Standard 100, ensuring they are free from harmful chemicals and safe for delicate skin.",21.5
B08FDXYMR5,Clothing,Rebey Store,Toddler Infant Baby Boy Clothes Striped Long Sleeve Hoodie Tops Sweatsuit Pants Outfit Set,ComfortableTwo piece outfit set includes hoodie tops and pantsRefer the size information as below description,27.99
B0983JZPV4,Clothing,Fullfamous Store,Fullfamous Baby Girl's 3pc Rib Frill Long Sleeve Romper and Pant Set,"Premium-quality cotton rib fabric for baby girl outfits.Soft and cozy,skin-friendly for baby.Perfect baby girl clothes for gifts.Baby girl outfits with adorable heart prints express great love from family.The ruffled layered shoulder,frill pant and headband will highlight your beloved Baby beauty.Baby girl's clothing set are perfect for baby photo, birthday gift, indoor, outdoor, baby shower gifts, Christmas, Valentine's day,new year and any occasions.Recommended Age: Suitable for baby 3-6 months girl clothes, 6-9 months baby girl clothes, 9-12 months baby girl clothes and 12 to 18 month girl clothes.Baby girl outfits includes long sleeve romper,pant,headband.",17.99
B01MSM0SU4,Clothing,Simple Joys by Carter's Store,Simple Joys by Carter's baby-girls 6-piece Bodysuits (Short and Long Sleeve) and Pants Set,"6-piece clothing set: Includes 2 short sleeve bodysuits, 2 long sleeve bodysuits, and 2 pair of pants.Snap closures: Reinforced snaps along the bottom make diaper changes quick and easy.Overlap shoulders: Expandable neckline with envelope-style shoulders allows for hassle-free dressing.Ruffle bottom design: Stylish, playful ruffles on the pants give a cute look to your baby’s outfit.Fun prints and patterns: Adorable, vibrant prints and patterns for a cheerful and stylish look.Tagless design: No scratchy tags, ensuring extra comfort for the baby.",24.5
B073WMFKPZ,Clothing,Simple Joys by Carter's Store,Simple Joys by Carter's Baby Girls' 3-Pack Cotton Sleeper Gown,"Baby Girl Color Palette: Variety of colors that are perfect for any baby girl, ensuring a stylish and timeless look suitable for new babies.Comfortable Fit: Elastic at the leg closure, these gowns provide a snug fit around the legs, ensuring that your baby's legs stay warm and cozy throughout the night.Easy Care: Machine washable and durable, these sleep gowns retain their shape and softness after multiple washes, making them convenient for busy parents.Perfect for Layering: Ideal for layering under swaddles or blankets, allowing for versatility in various temperatures and sleeping environments.Great Gift Option: An excellent baby shower or new parent gift, providing a practical and stylish addition to baby girls wardrobe.Certified & Safe: OEKO-TEX Standard 100 certified, ensuring the fabric is free from harmful substances and safe for your baby's delicate skin.",18.875
B074P49GC8,Clothing,Hudson Baby Store,Hudson Baby Unisex Baby Plush Animal Face Bathrobe,"Animal face plush hooded bath robeMade with 100% plush coral fleece fabricSoft and gentle on baby's skinOptimal for everyday useAffordable, high quality bath robe",13.99
B07GG1R78H,Clothing,Brand: Gerber,Gerber Baby Girls' 8-Pack Short Sleeve Onesies Bodysuits,Includes eight Gerber short sleeve onesies bodysuitsSoft cotton ribHigher-in-the-front bottom snap closure for easy changing,21.99
B071HWBZX1,Clothing,Little Me Store,"Little Me Baby Boys' Assorted, Multi, 0-12/12-24 Month","Assorted Size Pack: This 20 pack of soft ankle baby socks includes 10 pairs in size 0–12 months & 10 pairs in size 12–24 months, so your newborn can wear them until they are an infant & toddler. Giving you enough socks to cover your baby's feet from 0, 3, 6, 9, 12, 18 & 24 months!Multiple Colors & Designs: Multiple color options make it easy for you to match with his various clothes and outfits.Best Baby Socks That Actually Stay On: The #1 trusted brand for baby, newborn, infant & toddler clothing & socks. Quality baby socks that stay in place on your little one’s feet and don’t leave elastic marks around their precious little legs.All Day Comfort: Our luxury cotton blend means less fuss and more fun. Designed with a mix of soft cotton, durable polyester, and stretchy spandex for all day long comfort, breathability, and softness to your baby’s foot. Stretchy material provides a good fit to grow with your child. Medium thickness makes these baby anti-skid socks suitable for all seasons - with or without shoes.Non-Slip, Anti-Slip Grip: Strong grips at the bottom of the socks that also shows its size. The non-skid pattern on the sole of each sock helps keep your baby safe as they move and play and provides great traction to help keep crawling babies and new walkers from slipping on the hardwood floors or any smooth surfaces.Non-Shrink & Long Lasting: We conduct extensive fit tests to improve styling and fit, to achieve the right comfort level for your littles ones feet. Guaranteed not to shrink significantly in length and width, and to last through many wears and washes.",12.99
B07VKTGVV5,Clothing,Hudson Baby Store,Hudson Baby Baby Girls' Cotton Dress and Cardigan Set,"Set includes dress and cardiganMade with 100% cottonSoft, gentle and comfortable on baby's skinOptimal for everyday useAffordable, high quality outfit",13.99
B08G5FZK73,Clothing,HonestBaby Store,"HonestBaby Multipack Short Sleeve T-Shirt Tee 100% Organic Cotton Infant Baby, Toddler, Little Kids Boys, Girls, Unisex","100% ORGANIC COTTON, certified by GOTS, the leading world-wide standard for products made in sustainable manufacturing facilities, without the use of synthetic pesticides, non-toxic, PVC free and without heavy metal phthalate dyesMulti pack: includes 10-pack of stylish colors short sleeve T-ShirtsFASHION & FUNCTION: Adorable prints and stylish details. Super-cute and super-comfy.GREAT GIFT: these tees are a wardrobe essential. easy to grab, wear and wash, this 10-pack makes for a perfect shower gift for a new mom, new dad, or growing familyFABRIC: Super soft combed and ring-spun for durability, softness and no-pill washing",59.99
B07ZPQ8VDN,Clothing,Simple Joys by Carter's Store,"Simple Joys by Carter's Baby Boys' 2-Way Zip Thermal Footed Sleep and Play, Pack of 2",100% CottonImportedZipper closureMachine Wash,17.0
B01M2CO9DQ,Clothing,Simple Joys by Carter's Store,"Simple Joys by Carter's Baby Girls' Long-Sleeve Bodysuit, Pack of 5","5-Pack Value: Exceptional value with six bodysuits in one pack.Comfortable Long- Sleeves: Perfect for layering or wearing alone in warmer weather.Soft and comfortable: Made from soft fabric - perfect for any season! Expandable Shoulders: Shoulders overlap for easy over-the-head dressing and undressing.Tagless Design: Enjoy comfort with no tags.Strong Snaps: Durable snaps without nickel keep up with wear and ensure easy diaper changes.Certified Safe: OEKO-TEX Standard 100 certified, ensuring the fabric is safe for your baby's delicate skin.",18.0
B07GG593DL,Clothing,Brand: Gerber,Gerber Baby Boy and Girls 4-Pack Sleeper Gown,"Includes four Gerber lap shoulder gownsSoft cotton ribExpandable lap shoulder necklineMachine wash, tumble dryBaby clothingGreat Gift Idea",20.71
B08L93432B,Clothing,MA&BABY Store,Newborn Baby Boy Girl Clothes Ribbed Knitted Cotton Long Sleeve Romper Long Pants Solid Color Fall Winter Outfits,"♥ [Material]: Made of soft cotton, knitted ribbed, stretchy and skin-friendly fabric, super breathable and warm, lightweight and comfortable for baby girl and baby boy.♥ [Cute Style]: Pull On closure. Two-Piece unisex baby pjs set. Solid color v-neck and button design, ribbed long sleeve romper top matching drawstring long pants. Simple yet stylish. Perfect for spring/fall/winter.♥ [Size]: This unisex baby girl boy fall clothes suitable for toddler newborn infant baby of 0-24 months. Please check the size chart carefully before buying♥ [Occasions]: Casual tracksuit for your little princess or prince, suitable for daily wear, baby shower, birthday, beach, photography props, play wear, family day, coming home outfit, great fall winter outfit.♥ [Package includes]: 1 x long sleeve romper top +1 x long pants. Best gift for your baby, who will enjoy the super comfort wearing it.",16.99
B0B6DCY8GT,Clothing,Brand: Gerber,Gerber Baby Girls' 4-Pack Footed Pajamas,"Includes four pairs of footed snug fit cotton pajamasFeatures snug fit for safety against fires, long sleeves & crew neck with zipper tab to prevent poking.Front zipper allows for quick & easy changes. PJ's may be layered under with our Onesies bodysuitsDesigned with soft, gentle fabric & snug design to ensure a comfortable, safe night of sleepOne purple with allover pink geometric pattern, one with allover purple woodland print",29.98
B083XHS9XY,Clothing,Simple Joys by Carter's Store,Simple Joys by Carter's unisex-baby 5-pack Side Snap Short-sleeve Bodysuit,"Value Pack: Includes five bodysuits, offering great value for everyday wear and easy outfit rotation.Unisex Design: Perfect for both boys and girls, making it a versatile and practical addition to any baby wardrobe.Side Snap Closure: Convenient side snaps for easy dressing and diaper changes, minimizing the need to pull over baby’s head.Soft, Comfortable Fabric: Made from soft, breathable cotton to keep your baby comfortable throughout the day.Durable Construction: Designed for frequent washing without losing shape or softness, offering long-lasting use.Easy to Layer: Ideal as a base layer, or to wear alone during warmer months, providing multiple styling options.",18.875
B07ZPQHFLC,Clothing,Simple Joys by Carter's Store,Simple Joys by Carter's Baby Boys' 2-Pack Fleece Footed Sleep and Play,"Great Value in a Convenient 2-Pack: Get double the style and comfort in this affordable set, perfect for building your little one's wardrobe with essential everyday pieces.Fun Prints and Colors: Bright and cheerful designs with playful patterns make these outfits a joy for both parents and little ones, adding a touch of charm to any day or night.Easy two-way zipper: Zips from neck to toe ensure hassle-free dressing and diaper changes, making these perfect for busy parents and wriggly little ones.Versatile Design: Comfy fleece is ideal for sleep or play, these one-pieces keep your little boy comfortable and cute around the clock.Snug, Secure Fit: Designed with a tailored fit that stays comfortably in place as your baby moves, crawls, and explores.Easy Care: Designed for busy parents, this set is machine washable, allowing for hassle-free cleaning and maintenance.",19.0
B07QPQLW34,Clothing,Brand: Gerber,Gerber baby-boys 5-pack Short Sleeve Variety Onesies Bodysuits,"Includes 5 onesies, Weave Type: KnitCotton rib, cotton/rayon ribVariety of colors/patternsArt is screen-print and puff print",20.71
B07QPQLWYB,Clothing,Brand: Gerber,Gerber Baby Girls' 5-Pack Short Sleeve Variety Onesies Bodysuits,Includes 5 onesiesCotton ribVariety of colors/patternsArt is screen-print and foilSpecial Size Type: Standard,20.71
B092YTHSSV,Clothing,Brand: Gerber,Gerber Baby 5-Pack Solid Onesie Bodysuits,"Includes five solid, short sleeve Onesies Brand bodysuitsEasier changes with expandable necklines & high-positioned bottom snaps. Sizes PM - 0-3M feature two snaps, all larger sizes feature three.Perfect for layering Pair our baby girl & baby boy bodysuits with our coordinating baby pants, baby caps, & baby socksOur solid bodysuits are perfect for personalized baby gifts, baby shower gifts, or DIY projectsSolid black",14.99
B07Y2KBF2W,Clothing,Simple Joys by Carter's Store,Simple Joys by Carter's Baby 3-Pack Snap-up Rompers,"Pack of 3: Three unisex neutral rompers, offering great variety and convenience, perfect for everyday wear or as a gift.Fun Unisex Prints & Patterns: Adorable and playful designs, including vibrant colors, cute animal characters and more to brighten up your little one's wardrobe.Snap-Up Closure: Full-length snaps from the neck to the legs make dressing and diaper changes quick and easy, allowing for hassle-free outfit swaps without pulling over the head.Short-Style Rompers: Short-sleeve and short-leg design is ideal for warm weather, keeping your baby cool and offering freedom of movement.OEKO-TEX Certified: Made from materials that meet the OEKO-TEX Standard 100, ensuring they are free from harmful chemicals and safe for delicate skin.",18.875
B08GHLBW8P,Clothing,Gerber Store,Gerber Baby Boys' 4-Pack Footed Pajamas,"Snug fit to follow safe sleep regulationsFront zippers for easy changesSafety tab atop zipper to promote comfortBaby ClothingBaby Pajamas, Baby Sleeper, Baby Unionsut",32.99
B0DR8Q5186,Clothing,ZITY Store,ZITY Men's 3 Pack Polo Shirts Short Sleeve Moisture-Wicking Golf Shirt Business Causal Tops,"GREAT VALUE: Offered in a 3-pack, allowing you to get three high-quality shirts at an affordable price. The 3 pack polo shirts includes three classic colors (such as navy, gray, and black), making it easy to match with various outfits and occasions, adding versatility to your wardrobePREMIUM FABRIC: These mens short-sleeve polo shirts are made from high-quality moisture-wicking blended fabric, which is breathable and quick-drying, keeping you cool and dry. Whether in the office or enjoying outdoor activities, they provide lasting comfortEXQUISITE APPEARANCE: This men's polo shirts features a classic minimalist design with textured ribbed collar and cuffs for a refined, stylish touch. The flexible fit flatters your figure while offering ample freedom of movement, making it perfect for sports like golfVERSATILE STYLE: Our 3-piece men's polo summer shirt strikes the perfect balance between fashion and comfort, making it ideal for business casual settings or weekend activities like golf. It’s an essential wardrobe staple for every modern manDURABLE& EASY CARE: These golf shirts are wrinkle-resistant and shrink-resistant, maintaining their shape after washing and eliminating the need for frequent ironing. Even on busy workdays, they help you maintain a neat and polished appearance",56.99
B0DMSVLHJ1,Clothing,COOFANDY Store,COOFANDY Men's Textured Polo Shirts Short Sleeve Slim Fit Casual Button Polo T-Shirt Summer Collared Golf Shirt,"【STRETCHY FABRIC】 Men's ribbed polo shirt made from high quality stretchy soft fabric which gives the tee wrinkle-free. Lightweight and soft golf polo shirt will keeping you comfortable skin touch all day.【CLASSIC DESIGN】 Casual slim fit polo shirts for men features textured pattern, polo collar, 3 button closure, ribbed hem, slim fit. Solid color polo shirt is a trendy essential addition to men's wardrobe.【EASY MATCH】 COOFANDY textured polo shirts can pair with denim or casual pants to get a fashion casual look, also with blazer and dress pants for a classy business look. The slim fit is also suitable for muscle men. Classic solid color can be freely matched to create a fashion style.【MULTIPLE OCCASIONS】 This men's polo pullover t-shirt is suitable for daily, business, casual, work, office, dating, proms and outdoor activities like golf, bowling,tennis,gym and vacation looking. It's perfect gift for your husband, dad, grandpa and friends.【GARMENT CARE】 The casual business polo shirt is machine washable. Please check size chart before ordering these men's ribbed fitted polo shirts. If you want a looser fit style, please take one size up.",28.24
B07J31WFNB,Clothing,Amazon Essentials Store,Amazon Essentials Skinny Jeans for Women (Stretchy),"SKINNY FIT: Experience a snug fit with these stretchy skinny jeans for women that sit comfortably below the natural waist, great for all-day wear and versatile stylingHIGH STRETCH DENIM: Crafted from a cotton-blend denim, these women's stretchy jeans offer enhanced comfort and fit, allowing for movement throughout your day with style and easeWARDROBE ESSENTIAL: These trendy women's jeans feature a slim silhouette, making them a versatile piece with various styling options for any occasionDETAILS: Enjoy classic five-pocket styling, a zip fly, and shank button closure in these stretchy skinny jeans for women. All denim is unique and will vary in color due to wash, finish, and dyeINSEAM OPTIONS: Choose your ideal fit, including petite jeans for women and plus size jeans for women, with three inseam lengths for style and comfort inclusivity. Offered in 3 lengths - Short 27"", Regular 29"", & Long 31"" each with a 4 7/8"" leg opening on US size 6",19.95
B0D1H1HV5F,Clothing,AEROPOSTALE Store,AEROPOSTALE Women's Aero High Waisted Jegging,"REPREVE | made from recycled plastic bottles to minimize waste production, Heavier-weight (10.5oz), super-soft Premium Seriously Stretchy denim2-way stretch fabric holds you in, doesn't bag out or gap at the waist, and lifts for the best bootyZipper Fly5-PocketClean Hem, Contour Waistband",54.95
B07B6KT78H,Clothing,Lee Store,Lee Women's Ultra Lux Comfort with Flex Motion Bootcut Jean,"Mid rise, regular fitFeaturing flexible non-binding waistband5 pocket denim with back pocket detail stitchingRise: 10 inches, leg opening: 18 inches, n: short: 30 inches, medium: 32 inches, long: 34 inchesProduct Measurements were taken using size 10 medium. Please note that Measurements may vary by size",36.9
B00021NY28,Clothing,Gloria Vanderbilt Store,Gloria Vanderbilt Women's Amanda Classic High Rise Tapered Jean,"STYLE - Classic high rise taper jean sits at natural waist with functional pockets, easy zipper fly and belt loops for the fit you love.VERSATILITY - Goes great with all tops from fashionable to basic T-shirts and all footwear from stylish boots to your favorit shoes.LENGTH - This high rise pant have a 31 inch average inseam, 29 inch short inseam and 33 inch long inseam with a 15 inch leg opening.AVAILABILITY - Offered in many different colors, prints as well as details, see color name for specificsBRAND - Effortlessly fun and stylish Gloria Vanderbilt is a versatile yet classic look that attracts and connects with the modern sensibility of consumers of all ages.",48.0
B0C3L9HJRZ,Clothing,XZQTIVE Store,XZQTIVE 3 Pack Women Belts For Jeans Dresses Pants Ladies Leather Waist Belt with Gold Buckle,"XZQTIVE’s casual leather belt is made of quality leather material which is soft, light weight and touch smooth, 1.1in width narrow leather help to make your outfit look more elegant, fresh and lively in any season.Shiny Gold buckle - Golden metal buckle stay classic but still get the fashion trendy, capable with two gold metal loops are designed to hang the tail of belt, help to stay neat and elegant, the metal loops is fixed on belt, no worry about loosing like the removable leather loops.Small To Plus Size - Size small fit women pant 24-29 inches, size medium fit pant 30-36 inches, size large fit pant 37-41 inches, size X large fit pant 42-47 inches, size XX large fit pant 48-52 inches, each set of belts come with a metal pouch to help to make holes on belt to fit your waistline.Fashion leather belt - Muti trendy color option: black, brown, tan, beige, and white, Two ways to wear leather belt can be used as a pant belt for jean, short and dress pant, also a waist belt for dress, coat, sweater, blouse and jacket, You will get a tun of compliments when you wear this quality women belts.XZQTIVE Leather Belt - 3 pieces leather belts are suitable for women and teen school girl, it is a nice choice to share it with your mother, friends, sisters, daughter or girlfriend in Christmas holiday, birthday, Valentine's Day, Mother's Day and Christmas Day.",23.89
B09YPYFC4Q,Clothing,VIPONES Store,VIPONES Women Jeans High Waisted Skinny Stretchy Soft Slim Fit Distressed Comfy Classic Jeggings Denim Pants,"This denim jeggings for women is made of soft denim, with comfortable stretch to flatter all shapes. It's sleek and comfortable, giving you long and lean look.This skinny jeans for women features with a light indigo wash and frayed hem, soft cotton-blend denim, ankle length cut, with frayed detail on knee and leg opening, to create a distressed, lived-in look.This butt lifting blue straight leg jeans offers you the movement freedom not found in traditional denim. giving you curves and flexibility. 5 buttons & pockets hold you in a slimming effect-instant confidence boost，conveniently for your daily life. Long-lasting shape holds its shape and hugs in all the right places.Slim fitted jeans suits for most occasions such as casual, school, office, shopping, going out, party, club, vacation and so on.Garment Care: Hand wash or machine wash separately in cool water, Wash and dry inside out with like colors, don’t bleach, tumble dry low.",35.99
B089CJT9NX,Clothing,Lee Store,Lee Women's Legendary Mid Rise Bootcut Jean,"78% cotton, 20% polyester, 2% spandeximportedzipper closuremachine washregular fit. with a regular fit and a mid rise, these bootcut jeans sit comfortably on the hips and have a skimming fit through the seat and thigh. designed for everyday comfort, these jeans have a leg opening that's perfect for your favorite booties.wardrobe classic. a great pair of bootcut jeans is a staple for every woman's wardrobe. with a flattering silhouette for any shape, this style pairs perfectly with your favorite pair of heels or booties.",42.9
B07PLVGLW8,Clothing,Levi's Store,Levi's Women's 311 Shaping Skinny Jeans (Also Available in Plus),"You might also like the “Classic Straight”Mid Rise: Sits at waistShapes through hip and thighInseam: 28"" (Short); 30"" (Medium); 32"" (Long)Front Rise: 9 1/4""; Back Rise: 14 1/8""Leg Opening: 11""",69.5
B09K1K8117,Clothing,Levi Strauss Signature Gold Store,Levi Strauss Signature Gold Women's Modern Straight Jeans,"Same great jeans, brand new name! Signature by Levi Strauss & Co. is now Levi Strauss Signature GoldInseam: 29""= Short, 31""= Medium, 33""= LongAvailable in extended sizesPremium quality, super stretchy denimHugs your curves and keeps its shape all day",27.99
B07SH9F51B,Clothing,Lee Store,Lee Women's Ultra Lux Comfort with Flex Motion Trouser Pant,"REGULAR FIT. With a regular fit and mid rise, these pants are a work-wear must. These women's trousers have a flexible non-binding waistband for all-day comfort.FLEX MOTION. Made with flexible fabric and a non-binding waistband, these women's dress pants are made for long days. A work-appropriate classic, perfect for mixing and matching with your favorite tops.DISCREET POCKETS. Two front slant pockets and back welt pockets offer convenient small-item storage.A LIFETIME OF QUALITY. For over 100 years, Lee has produced quality apparel with durability and long-lasting construction in mind. Lee is committed to designing clothing that conforms to your body, allowing you to move through life freely.SPECIFICATIONS. Zipper fly with button closure, rise: 9.75"", leg opening: 20"", inseam: Short 30"", Medium 32"", Long 34"", product measurements were taken using size 10 medium. Please note that measurements may vary by size.",42.9
B0C5N9XPCF,Clothing,Lee Store,Lee Women's Legendary High Rise Trouser Jean,"HIGH RISE. Show the world a thing or two about being the fashionable legend you already know you are with these high-rise jeans. A relaxed, high-rise fit gives way to a trouser silhouette with front creases for a fashionable twist to your everyday jeans.LEGENDARY DETAILS. These high-waisted jeans are finished with our iconic logo patch, spade pockets and hardware that make Lee jeans unique.STRETCH DENIM. Strut with confidence in these fashionable trouser jeans. Made from authentic stretch denim, they move with you for all-day comfort.A LIFETIME OF QUALITY. For over 100 years, Lee has produced quality apparel with durability and long-lasting construction in mind. Lee is committed to designing clothing that conforms to your body, allowing you to move through life freely.SPECIFICATIONS. 5 pockets. Zipper fly with button closure. Inseam: 30"" short, 32"" medium, 34"" long. Rise: 10.5"". Bottom Leg Opening: 22.625"".",38.669230769230765
B09GHFT3M9,Clothing,Nine West Store,Nine West Women's One Step Ready Pull On Jegging,"STYLE - Pull on jegging with midrise hidden elastic comfort waistband, usable back pockets, mock front details and skinny fitVERSATILITY - Goes great with all tops from fashionable to tee shirts and all your favorite footwear for the flexability you wantLENGTH - This flattering jegging come in a 27.5"" short inseam, 29.5"" regular inseam and 31.5"" long inseam, all with 10"" leg openingNine West Jeans - Designed for the eternally evolving modern woman and merges her vivacious sensibility with trending jeanswear essentialsWeave type: woven",40.0
B0BTSFVMKS,Clothing,Gloria Vanderbilt Store,Gloria Vanderbilt Women's Amanda Capri Jean Regular,"STYLE - Classic capri sits at natural waist with usable pockets, zip fly, belt loops and stretch for a perfect fit feeling EverytimeVERSATILITY - Goes great with all tops and footwear, a comfortable movement with maximum recovery, ideal for work or play.LENGTH - This high rise waist capri has a 21 inch inseam from crotch to hem with a 16 inch leg openingEffortlessly fun and stylish Gloria Vanderbilt is a versatile classic look that attracts & connects with modern sensibility of consumers of all ages.",48.0
B01DTY5PGW,Clothing,Lee Store,Lee Women's Plus Size Relaxed Fit Straight Leg Jean,"Straight-leg jean in relaxed fit with embroidered back pocketsRelaxed through seat and thighFlex-stretch waistband for all-day comfortInseams: Petite: 29"", Regular: 32"", Long: 34"", Bottom opening: 19.25""",42.9
B0C1L9X2Y7,Clothing,ETTELO Store,Womens Jeans Mid Waisted Straight Leg Loose Stretchy Lightweight Tummy Control Trendy Jeans for Women 2024,"Jean For Women Excellent Workmanship, No Odor, Soft And Lightweight, Straight Design Stand Accentuate Your Attractive Legs, More Slender, Sexy, Is A Must-have In Your Closet.Trendy Jeans For Women 2025 Comes Light Blue Wash Process And Straight Design, 4 Pockets, Relaxed Fit Design More Comfortable To Wear, Casual.High Waisted Jeans For Women Is Perfect Choice For Your Daily Wear, Outdoor Activities, Office, Shopping, Club, Party, During The Holiday, Dates And Any Other OccasionsFlamingo Jeans For Women Which Can Be Worn In All Seasons, Is A Must-have Item For Your Mother, Wife And Friends To Wear With A Denim Jacket, Camisole And Loafers. They Will Be Very Happy And Love It.Stretchy Jeans For Women Recommened Hand/machine Wash In Cold Water, Do Not Bleach, Dry In A Dry Place. Please Allow 1/2 Inch Difference Due To Hand Measurement. Please Refer ""size Chart"" Before Ordering. If You Are Not Sure About The Size, Please Contact Us",42.99
