,Gender,Country,City,Lifetime_Value,Cart_Abandonment_Rate,Email_Open_Rate,Average_Order_Value,Total_Purchases,Session_Duration_Avg,Pages_Per_Session,Mobile_App_Usage,Returns_Rate,Social_Media_Engagement_Score,Wishlist_Items,Credit_Balance,Login_Frequency,Product_Reviews_Written,Churned
15,Female,USA,New York,1692.54,44.0,45.0,91.92,18.0,50.8,18.0,26.5,2.5,81.6,5.0,2564.0,24.0,5.0,0
26,Female,Japan,Nagoya,684.73,61.1,18.3,63.28,15.6,18.9,8.6,19.0,5.8,25.4,7.0,1735.0,17.0,4.0,0
33,Male,Japan,Tokyo,2672.57,42.1,13.1,172.03,19.5,27.6,14.1,19.9,7.2,32.8,3.0,3723.0,17.0,4.0,1
43,Male,France,Toulouse,1294.69,41.5,20.7,85.47,14.0,30.4,9.8,21.7,10.2,45.2,11.0,2254.0,17.0,3.0,0
44,Male,Australia,Sydney,1339.58,22.7,30.4,66.29,19.0,56.2,14.5,33.0,8.2,62.5,9.0,4461.0,24.0,5.0,1
63,Male,Germany,Munich,959.75,46.5,35.2,82.7,14.0,36.7,8.3,32.2,3.4,53.7,9.0,3218.0,26.0,3.0,0
78,Male,UK,Manchester,2162.26,30.7,23.9,133.43,18.0,39.1,11.2,36.7,3.1,39.1,9.0,2526.0,17.0,7.0,0
87,Male,USA,Chicago,1862.75,46.8,39.2,111.93,15.0,44.6,14.2,27.8,17.0,35.2,5.0,2442.0,23.0,1.0,0
91,Female,Australia,Melbourne,1442.5,36.0,30.9,103.66,19.5,37.1,9.7,20.9,9.9,28.7,4.0,1957.0,14.0,4.0,0
102,Male,USA,Los Angeles,2159.92,54.8,30.7,110.49,18.0,48.5,13.5,23.2,0.6,14.8,7.0,4225.0,27.0,6.0,0
113,Female,UK,Birmingham,1638.41,39.5,27.1,86.61,19.0,33.5,14.4,28.8,3.1,35.9,9.0,2416.0,27.0,6.0,0
139,Female,UK,London,3319.56,37.2,34.9,248.53,19.5,29.6,8.5,33.2,0.7,27.9,5.0,4041.0,8.0,3.0,1
172,Male,Canada,Vancouver,2251.89,46.1,36.4,145.64,14.0,25.8,9.2,13.0,25.6,19.1,3.0,2150.0,16.0,2.0,1
210,Female,Australia,Melbourne,1652.01,49.3,45.5,117.68,16.0,49.3,11.2,31.7,0.8,68.0,9.0,2761.0,26.0,4.0,0
222,Male,USA,New York,2953.83,78.9,20.9,264.62,14.3,15.6,2.1,8.5,4.0,20.6,1.0,938.0,10.0,1.0,1
231,Male,UK,Leeds,2062.98,49.2,34.9,136.75,14.0,35.9,11.7,21.6,9.1,59.7,6.0,3812.0,20.0,3.0,0
232,Female,India,Hyderabad,1796.47,51.3,27.1,112.92,14.0,22.0,10.9,16.6,3.0,39.8,9.0,2324.0,23.0,2.0,0
240,Female,Australia,Brisbane,1658.7,65.7,43.4,105.5,19.5,41.2,7.7,35.5,6.9,19.6,7.0,3266.0,19.0,5.0,0
250,Female,USA,Los Angeles,1615.4,52.0,48.2,73.79,21.0,37.3,12.0,27.6,9.9,50.9,9.0,2181.0,13.0,2.0,1
252,Male,USA,Phoenix,1355.41,62.6,18.0,98.03,18.2,33.6,7.8,12.8,13.9,51.3,7.0,2330.0,11.0,4.0,0
292,Male,Australia,Brisbane,2266.61,30.4,22.8,89.69,23.0,31.9,13.1,28.0,10.2,59.9,5.0,1859.0,28.0,4.0,1
350,Female,India,Mumbai,1448.81,41.0,41.1,77.55,20.0,37.2,9.2,35.2,4.9,53.2,5.0,3181.0,23.0,7.0,0
357,Female,USA,Phoenix,1515.11,62.0,28.2,127.17,18.2,30.6,12.9,23.8,2.0,30.7,3.0,3665.0,16.0,4.0,0
398,Female,Germany,Berlin,2028.29,39.8,22.9,143.28,14.0,33.2,10.6,20.6,7.1,7.6,9.0,3303.0,13.0,4.0,0
406,Female,UK,Birmingham,1444.33,77.7,16.6,95.43,18.0,22.2,6.0,9.4,13.3,15.8,2.0,650.0,3.0,1.0,1
437,Male,USA,Los Angeles,1948.21,39.6,28.8,93.74,22.0,40.6,9.3,25.8,10.0,37.3,6.0,3645.0,24.0,2.0,0
495,Female,UK,Leeds,878.33,53.1,31.7,54.43,17.0,51.2,8.3,30.9,5.2,51.2,9.0,1790.0,19.0,2.0,0
505,Male,France,Lyon,2175.33,53.0,29.7,138.94,16.0,33.6,16.3,38.7,3.3,49.8,10.0,2293.0,21.0,3.0,1
552,Male,Canada,Calgary,2223.81,59.9,35.7,161.47,14.0,34.1,10.1,15.5,6.6,32.3,7.0,1284.0,21.0,6.0,0
561,Male,UK,Leeds,2209.22,56.2,9.8,176.2,11.0,29.1,7.9,19.4,,51.6,5.0,2509.0,18.0,3.0,1
605,Female,Germany,Frankfurt,1497.13,37.9,24.5,95.94,14.0,27.3,14.4,19.9,8.1,45.3,10.0,3393.0,14.0,4.0,0
623,Male,USA,New York,1777.33,53.5,45.3,153.13,18.2,29.6,9.5,24.4,,51.9,7.0,1087.0,18.0,6.0,0
626,Male,USA,Chicago,1759.8,32.7,26.3,98.25,21.0,42.4,14.7,21.8,4.8,40.5,10.0,1473.0,17.0,3.0,0
632,Female,India,Delhi,1090.91,37.6,52.3,77.72,17.0,30.3,16.4,32.4,9.2,51.8,7.0,2772.0,19.0,7.0,0
691,Male,Germany,Berlin,2564.93,31.1,33.7,161.66,18.0,42.1,14.7,32.2,4.1,50.4,5.0,1926.0,25.0,4.0,1
740,Female,Germany,Frankfurt,2641.88,36.8,5.9,206.6,16.900000000000002,29.0,11.2,28.9,,43.4,6.0,1108.0,19.0,7.0,1
745,Female,Germany,Frankfurt,2358.76,47.1,30.0,153.05,15.0,23.5,6.9,22.7,2.4,27.9,3.0,1157.0,8.0,2.0,1
903,Male,USA,Chicago,1969.53,58.2,12.2,127.9,13.0,24.1,6.8,12.9,3.5,0.0,1.0,1731.0,10.0,2.0,0
927,Female,USA,New York,1592.32,54.9,35.3,98.19,15.0,41.1,13.3,28.7,1.2,52.9,10.0,3362.0,18.0,5.0,0
941,Female,USA,Chicago,1745.59,32.3,18.8,92.83,20.8,29.8,13.9,18.5,6.9,63.9,7.0,2092.0,20.0,2.0,0
976,Female,USA,Phoenix,2370.45,56.1,19.9,157.89,17.0,44.8,11.3,27.5,4.9,45.0,7.0,1489.0,14.0,6.0,0
978,Female,Canada,Ottawa,1382.64,69.0,26.9,114.24,16.900000000000002,24.4,9.2,23.3,7.6,2.1,0.0,3046.0,17.0,4.0,1
1024,Male,USA,Chicago,1601.94,31.6,41.0,85.73,16.0,37.2,14.3,27.8,3.6,59.9,10.0,1971.0,17.0,2.0,0
1144,Male,France,Nice,1658.99,71.5,17.2,86.52,20.8,32.3,10.7,27.6,1.9,45.5,5.0,2864.0,15.0,5.0,0
1158,Female,Australia,Sydney,2996.84,41.6,36.5,261.19,11.0,29.1,11.3,20.8,8.6,28.3,2.0,923.0,15.0,3.0,1
1166,Female,Canada,Toronto,1649.08,44.5,34.8,125.27,12.0,39.1,12.3,25.1,7.9,63.4,10.0,2750.0,14.0,4.0,1
1168,Female,USA,Chicago,1273.65,56.4,21.1,103.67,11.0,27.0,13.3,22.3,,18.8,3.0,3805.0,16.0,7.0,0
1169,Male,India,Hyderabad,2221.78,63.8,0.0,146.53,16.0,24.4,5.3,14.4,7.3,29.2,4.0,911.0,23.0,1.0,0
1182,Male,UK,Leeds,2188.54,66.8,24.5,148.03,14.0,20.9,9.7,30.4,4.7,35.2,3.0,3774.0,24.0,5.0,0
1194,Female,India,Chennai,1739.4,33.8,45.9,119.62,17.0,37.0,14.4,30.9,1.1,58.6,10.0,2111.0,22.0,2.0,0
1212,Male,Germany,Munich,1339.69,52.9,11.3,106.36,15.0,26.3,6.7,16.7,0.1,50.0,3.0,2757.0,11.0,7.0,0
1277,Female,Germany,Berlin,1279.33,46.0,28.2,99.21,14.0,47.2,11.3,33.9,,52.0,2.0,2787.0,13.0,6.0,0
1287,Male,USA,New York,1606.03,39.8,22.0,94.43,19.0,42.5,12.5,38.2,3.7,77.8,5.0,5095.0,16.0,6.0,0
1297,Female,USA,Phoenix,2025.45,69.0,47.8,136.03,14.0,35.0,13.0,20.3,6.8,19.8,8.0,3332.0,16.0,1.0,1
1312,Male,USA,Houston,1309.49,64.5,26.7,81.73,19.5,42.3,10.3,22.2,16.0,38.5,7.0,2656.0,20.0,4.0,0
1352,Female,UK,Manchester,1546.09,43.4,16.3,114.06,12.0,31.3,8.0,17.1,4.4,52.1,4.0,1967.0,18.0,7.0,0
1382,Female,Germany,Frankfurt,2027.45,71.0,0.0,155.88,15.0,12.7,4.6,11.8,17.1,3.5,1.0,0.0,0.0,1.0,1
1392,Male,USA,Houston,2372.18,52.9,11.5,162.84,15.0,34.3,7.9,28.6,3.1,38.4,2.0,1842.0,15.0,2.0,1
1402,Other,Germany,Cologne,378.63,37.6,10.5,40.44,11.0,39.5,6.3,20.3,2.8,23.0,2.0,3626.0,21.0,7.0,0
1503,Male,India,Chennai,2102.38,52.7,6.9,173.79,11.0,17.6,6.2,7.7,11.1,0.0,2.0,2399.0,4.0,5.0,1
1545,Female,USA,Houston,613.72,48.5,33.8,40.45,16.900000000000002,25.3,9.3,22.9,16.3,62.3,3.0,2062.0,13.0,4.0,0
1605,Male,USA,Los Angeles,2061.93,63.4,14.0,139.58,13.0,21.5,11.1,19.2,15.8,15.6,6.0,3692.0,20.0,1.0,1
1610,Female,India,Chennai,576.91,54.7,32.8,41.18,16.900000000000002,35.1,12.6,24.3,1.7,34.7,2.0,3241.0,19.0,3.0,0
1614,Female,Germany,Cologne,998.07,68.4,12.7,97.78,11.0,25.7,7.8,12.8,1.3,32.2,10.0,1197.0,8.0,2.0,0
1654,Female,USA,Houston,2230.36,75.2,49.1,145.96,14.0,21.1,10.0,18.7,15.8,29.8,2.0,3254.0,16.0,4.0,1
1669,Male,Canada,Ottawa,1634.83,58.6,4.3,111.15,16.900000000000002,24.5,9.9,19.6,,45.4,6.0,1762.0,9.0,6.0,0
1682,Male,USA,Houston,1618.63,53.2,56.9,130.54,14.0,42.1,12.5,27.2,,21.0,7.0,1277.0,27.0,7.0,0
1780,Male,Germany,Munich,1812.78,53.8,39.7,119.5,15.0,37.0,10.5,35.0,6.2,51.0,8.0,2495.0,20.0,1.0,1
1808,Other,India,Bangalore,2139.1,52.2,26.3,147.74,15.0,12.6,5.4,11.4,7.8,15.6,0.0,1736.0,8.0,0.0,0
1819,Male,UK,London,2416.42,74.4,12.9,188.04,12.0,14.3,4.6,8.1,4.9,52.9,3.0,1659.0,9.0,1.0,1
1833,Male,France,Paris,1730.84,41.7,31.1,106.85,19.0,40.2,12.6,24.5,11.6,72.6,5.0,2630.0,13.0,7.0,0
1836,Female,UK,Glasgow,2529.7,46.3,33.2,151.75,20.8,38.8,15.0,24.4,2.2,54.2,4.0,3790.0,17.0,6.0,1
1923,Female,India,Chennai,1567.02,68.6,5.5,107.5,16.900000000000002,27.5,5.7,12.0,5.7,2.9,3.0,692.0,0.0,3.0,0
1976,Female,India,Mumbai,1085.6,66.8,12.3,105.18,9.0,28.2,10.3,15.2,9.9,27.8,6.0,494.0,12.0,7.0,0
1987,Female,USA,Phoenix,882.54,34.5,21.7,62.9,16.900000000000002,35.8,11.9,25.7,1.9,36.4,7.0,2381.0,4.0,2.0,0
2009,Female,Japan,Yokohama,2023.05,46.6,29.4,147.21,14.0,30.8,10.9,22.0,0.2,25.1,2.0,2669.0,10.0,6.0,1
2023,Male,France,Lyon,3035.88,58.2,14.5,272.44,10.0,34.2,6.6,22.5,1.1,35.6,6.0,2538.0,19.0,4.0,0
2038,Female,USA,Chicago,1763.6,81.2,2.0,136.84,12.0,26.2,7.3,16.9,13.4,19.6,3.0,652.0,6.0,6.0,1
2083,Male,Canada,Montreal,2157.71,61.0,38.1,142.12,17.0,23.2,8.1,20.8,4.9,65.7,7.0,1865.0,22.0,1.0,0
2084,Female,USA,Los Angeles,1377.08,55.0,45.9,105.95,15.0,38.0,14.0,23.8,16.4,38.1,8.0,1906.0,18.0,8.0,0
2092,Female,Canada,Montreal,1856.39,47.6,35.2,119.21,17.0,37.1,8.7,29.3,4.6,56.9,9.0,3388.0,16.0,1.0,0
2102,Male,Canada,Calgary,1135.9,54.4,14.9,99.99,16.900000000000002,36.1,8.4,11.3,4.2,60.1,3.0,2102.0,9.0,5.0,0
2106,Female,USA,New York,2299.15,49.8,26.9,156.34,18.2,18.0,9.7,18.8,7.4,2.6,5.0,2770.0,15.0,1.0,1
2129,Male,Canada,Montreal,2064.08,50.7,9.1,129.16,16.0,25.4,6.0,13.0,7.8,16.0,3.0,3410.0,10.0,4.0,0
2140,Male,UK,Leeds,1252.84,46.4,41.7,86.46,15.0,39.5,14.1,32.2,14.7,47.0,9.0,2977.0,23.0,2.0,0
2156,Male,Australia,Adelaide,1148.73,48.6,33.4,71.1,16.0,38.8,11.5,26.4,5.7,73.3,9.0,2641.0,17.0,7.0,0
2161,Male,USA,Phoenix,1359.59,44.0,20.3,103.9,13.0,28.4,10.5,20.3,8.1,47.5,8.0,2462.0,14.0,7.0,0
2182,Male,Canada,Ottawa,1842.94,44.8,29.8,104.01,18.0,35.7,14.1,34.7,11.7,75.1,10.0,1656.0,29.0,2.0,0
2228,Female,Canada,Toronto,2309.4,55.0,19.7,140.35,19.0,31.9,10.9,13.2,6.7,39.4,4.0,0.0,5.0,2.0,0
2453,Male,USA,Chicago,2681.56,25.5,41.4,176.92,18.0,45.5,16.8,24.1,12.0,42.5,5.0,2131.0,25.0,5.0,0
2462,Female,Germany,Berlin,2168.04,28.6,28.0,117.16,20.0,39.1,17.3,34.3,2.1,55.4,11.0,3394.0,27.0,4.0,1
2463,Male,Germany,Berlin,2314.55,56.0,25.7,141.24,20.8,32.9,9.4,24.0,4.2,55.2,8.0,2152.0,22.0,4.0,1
2473,Male,UK,Manchester,1437.49,34.6,37.3,79.15,21.0,44.4,12.4,24.7,14.6,49.2,7.0,2505.0,17.0,6.0,1
2477,Female,UK,Manchester,1120.92,48.7,18.3,87.68,16.900000000000002,22.4,14.5,27.8,3.7,5.1,0.0,1599.0,10.0,3.0,0
2496,Male,Australia,Sydney,964.29,57.2,44.9,96.6,15.6,25.5,7.8,14.2,3.1,21.5,5.0,1076.0,10.0,0.0,0
2520,Male,Japan,Yokohama,1870.5,39.1,29.7,140.52,13.0,40.8,13.7,24.9,,50.1,9.0,2925.0,15.0,2.0,0
2575,Male,Canada,Toronto,2172.52,22.1,19.2,155.01,18.2,38.2,11.1,35.0,3.8,23.5,10.0,2472.0,10.0,6.0,0
2578,Male,USA,New York,681.17,40.1,45.3,46.04,14.0,29.4,12.0,24.0,0.7,43.1,11.0,2146.0,13.0,5.0,0
2579,Female,Australia,Sydney,1743.94,42.2,42.1,72.12,21.0,39.1,16.5,32.1,15.6,35.9,4.0,2640.0,29.0,3.0,0
2582,Female,Australia,Sydney,621.58,64.8,28.9,60.79,10.0,36.0,9.8,25.4,7.1,38.6,8.0,3598.0,16.0,6.0,0
2600,Female,France,Paris,1773.26,45.6,24.0,102.46,20.8,38.2,15.9,29.7,4.0,23.4,5.0,5174.0,19.0,4.0,0
2641,Male,USA,Los Angeles,1284.43,40.1,24.7,107.44,14.3,32.5,8.1,18.7,1.8,31.9,3.0,627.0,14.0,8.0,0
2649,Female,France,Paris,1980.45,29.8,31.3,110.13,20.8,35.2,12.7,36.1,3.1,25.5,9.0,3444.0,17.0,7.0,0
2656,Female,USA,Chicago,674.11,64.6,21.6,59.13,14.0,28.3,10.5,28.4,5.4,34.1,9.0,3201.0,9.0,5.0,0
2664,Male,Canada,Calgary,986.43,43.4,22.9,70.24,18.2,36.5,9.6,22.0,3.8,12.3,6.0,3402.0,24.0,2.0,0
2682,Female,UK,Manchester,1605.0,37.7,46.7,104.67,19.0,38.5,11.5,42.0,12.2,42.0,9.0,2612.0,14.0,5.0,0
2699,Female,USA,Houston,1053.63,50.5,43.4,81.01,15.0,42.6,13.2,36.3,4.2,74.9,9.0,2942.0,19.0,4.0,0
2736,Female,UK,Leeds,2082.41,33.5,17.9,146.81,12.0,32.3,13.5,24.8,3.1,28.4,6.0,3135.0,21.0,3.0,0
2739,Male,UK,London,1569.56,41.8,36.2,110.17,16.0,29.4,13.9,29.8,6.1,57.0,6.0,2927.0,9.0,8.0,0
2802,Male,USA,Chicago,2262.64,32.8,30.4,146.35,14.0,27.0,10.8,18.2,5.5,14.1,6.0,1612.0,23.0,2.0,1
2826,Male,India,Mumbai,1345.52,57.9,17.8,62.86,20.0,39.0,8.3,29.4,1.2,23.7,4.0,3285.0,16.0,1.0,0
2836,Female,USA,New York,1598.77,56.8,26.5,65.97,21.0,37.2,15.3,26.3,1.3,46.9,4.0,4679.0,23.0,7.0,0
2852,Male,Australia,Sydney,1583.53,49.9,32.7,80.46,17.0,40.4,11.9,33.3,3.7,57.6,10.0,3635.0,7.0,3.0,0
2870,Female,USA,New York,2474.39,56.9,27.8,155.24,18.0,28.3,15.2,31.5,11.5,63.5,4.0,2494.0,15.0,2.0,1
2887,Female,Germany,Cologne,2129.17,48.5,16.6,175.48,11.0,32.2,8.5,30.3,1.4,33.4,7.0,730.0,13.0,6.0,0
2892,Female,USA,New York,2418.18,47.9,21.7,165.51,15.0,35.2,9.2,30.1,,50.7,6.0,1321.0,18.0,3.0,1
2904,Female,UK,Birmingham,2093.58,59.8,2.6,151.91,12.0,22.1,7.5,24.5,1.2,46.5,4.0,2777.0,14.0,5.0,1
2954,Female,Australia,Sydney,2205.8,37.6,41.9,107.22,20.0,42.1,15.5,36.3,26.8,48.7,9.0,1504.0,34.0,5.0,0
2970,Male,Australia,Melbourne,2492.53,72.2,14.5,197.19,15.0,12.0,4.7,9.6,10.2,15.5,1.0,2308.0,6.0,0.0,1
2976,Male,Australia,Perth,1510.47,65.1,24.6,87.74,18.0,15.8,10.5,25.5,8.8,10.4,3.0,0.0,8.0,0.0,0
2978,Female,India,Chennai,1065.25,36.3,36.5,59.52,17.0,36.2,13.2,31.7,,72.4,5.0,3279.0,19.0,7.0,0
3004,Male,Germany,Hamburg,2162.11,72.1,19.4,166.03,11.0,32.1,11.8,23.2,3.3,46.3,3.0,2430.0,15.0,1.0,0
3006,Male,Australia,Adelaide,1935.18,35.3,43.0,103.18,21.0,51.2,13.9,31.2,3.5,44.6,7.0,2249.0,24.0,7.0,0
3048,Male,India,Mumbai,1016.47,32.9,37.3,97.14,13.0,36.9,12.8,28.3,5.1,32.0,1.0,1234.0,26.0,4.0,0
3058,Other,France,Lyon,1253.99,56.3,37.6,81.45,18.0,40.1,13.6,22.8,,63.9,8.0,2536.0,16.0,6.0,1
3062,Male,Canada,Toronto,1032.18,34.7,25.7,75.69,17.0,34.8,14.0,30.9,9.2,30.9,9.0,2547.0,23.0,4.0,0
3089,Female,UK,Leeds,2014.65,24.9,34.9,112.65,18.0,41.3,15.2,39.0,1.5,54.8,8.0,3487.0,28.0,7.0,1
3099,Male,UK,Manchester,2266.43,40.6,43.9,148.88,18.0,39.9,12.2,26.1,4.7,58.2,5.0,2746.0,23.0,7.0,0
3129,Female,France,Nice,2216.94,45.7,24.4,142.09,18.2,31.3,13.3,22.5,18.0,44.9,1.0,1825.0,13.0,6.0,0
3157,Female,USA,New York,2359.68,57.9,29.6,177.74,15.6,22.1,8.8,19.6,2.8,16.0,0.0,1720.0,14.0,5.0,1
3174,Female,UK,London,1681.23,40.3,38.6,110.21,15.0,46.1,11.3,29.6,3.3,62.7,7.0,3960.0,27.0,7.0,0
3179,Male,UK,London,1664.77,40.1,23.2,78.74,18.0,29.2,11.5,26.6,,31.5,10.0,2067.0,18.0,2.0,0
3199,Male,UK,Glasgow,1702.18,48.1,31.3,121.35,16.0,46.2,9.8,35.2,2.9,7.8,11.0,1478.0,10.0,5.0,0
3269,Male,Germany,Hamburg,1476.41,57.2,54.5,73.17,20.0,37.2,7.4,27.2,2.9,37.1,8.0,3051.0,22.0,4.0,0
3293,Female,USA,New York,2036.09,69.4,23.8,154.44,11.0,25.3,8.8,17.3,21.6,28.7,5.0,473.0,9.0,5.0,1
3328,Female,Germany,Munich,2100.62,44.6,38.6,131.91,18.0,43.3,10.9,23.0,3.6,69.5,3.0,2564.0,20.0,1.0,0
3350,Male,Japan,Osaka,1504.45,32.3,43.9,83.26,21.0,36.5,13.4,21.2,,28.0,6.0,3085.0,17.0,6.0,0
3352,Male,Germany,Cologne,2136.72,66.3,14.9,136.7,14.0,21.1,9.4,27.6,11.5,37.3,2.0,2759.0,25.0,2.0,1
3361,Female,USA,Phoenix,1853.81,52.1,18.8,87.87,20.0,32.2,12.4,11.8,2.6,13.4,8.0,1574.0,10.0,1.0,1
3368,Male,Germany,Munich,1055.44,40.2,23.1,69.76,18.0,38.0,14.9,21.0,3.5,68.3,4.0,3337.0,12.0,5.0,0
3371,Female,USA,New York,1474.23,46.7,24.6,95.74,13.0,36.8,9.1,28.8,2.8,36.5,8.0,2713.0,15.0,7.0,1
3386,Male,Australia,Brisbane,1129.73,51.9,8.1,102.95,16.900000000000002,23.6,9.1,22.2,9.6,37.2,4.0,1702.0,4.0,1.0,0
3423,Female,UK,London,1330.0,43.4,33.4,91.77,13.0,34.6,11.5,37.0,7.1,85.7,2.0,1911.0,22.0,5.0,0
3431,Female,Canada,Ottawa,2054.17,62.5,0.5,123.03,17.0,17.9,6.3,15.4,5.6,28.2,1.0,1535.0,4.0,2.0,1
3455,Male,France,Marseille,2047.71,36.6,31.5,97.87,19.0,24.3,12.8,25.7,1.7,40.1,7.0,2677.0,11.0,2.0,1
3482,Other,UK,Manchester,1760.06,49.8,39.7,103.99,15.0,33.2,14.6,31.9,3.7,45.6,9.0,505.0,8.0,3.0,0
3500,Male,Canada,Montreal,2479.7,44.8,29.0,122.11,23.0,44.6,11.3,30.1,16.2,55.9,7.0,1551.0,17.0,3.0,1
3522,Male,UK,Manchester,1903.81,40.8,29.1,111.06,21.0,50.8,10.1,28.5,2.6,49.7,7.0,2046.0,14.0,5.0,0
3567,Male,Canada,Ottawa,1867.82,32.9,17.6,107.39,15.0,33.3,11.5,18.1,10.5,53.9,4.0,1691.0,7.0,0.0,0
3621,Female,Germany,Hamburg,1405.05,62.6,11.3,68.85,20.0,30.9,12.9,11.6,6.7,34.3,3.0,1899.0,9.0,3.0,1
3625,Male,UK,Birmingham,1970.14,27.9,43.5,104.51,20.0,49.2,15.1,38.3,26.0,74.1,6.0,3968.0,29.0,6.0,0
3670,Female,Australia,Perth,662.89,91.3,18.5,65.21,15.6,22.8,8.8,10.5,0.3,14.0,2.0,1673.0,4.0,0.0,0
3676,Male,Canada,Toronto,2943.42,49.3,43.9,228.75,14.0,33.1,11.3,26.7,1.4,25.6,7.0,4161.0,16.0,4.0,1
3695,Female,UK,Glasgow,2113.14,44.2,9.8,108.14,21.0,33.6,9.9,21.9,10.4,24.4,5.0,1784.0,11.0,3.0,0
3717,Male,Germany,Berlin,1148.17,43.4,34.0,70.51,19.0,47.1,12.6,25.4,17.4,44.3,6.0,1156.0,17.0,3.0,0
3724,Male,India,Hyderabad,2495.91,45.6,30.5,161.87,18.2,30.9,10.6,25.7,,35.8,7.0,972.0,16.0,1.0,1
3760,Female,USA,Los Angeles,2119.89,70.6,29.1,140.22,15.0,38.4,8.4,22.0,2.2,64.5,3.0,1308.0,23.0,5.0,0
3786,Female,UK,London,2024.0,70.5,29.7,179.55,18.2,27.6,8.0,11.5,2.1,46.9,4.0,2482.0,4.0,1.0,1
3819,Female,India,Delhi,1556.66,45.1,32.7,80.41,18.0,33.7,15.5,27.1,7.3,37.1,5.0,5976.0,18.0,8.0,1
3834,Female,France,Paris,1701.23,66.2,21.2,133.95,18.2,29.7,9.3,19.4,3.4,18.2,6.0,1523.0,16.0,1.0,0
3875,Female,USA,Phoenix,2053.68,49.6,36.9,122.28,15.0,23.0,8.2,23.7,1.0,28.0,7.0,3255.0,12.0,2.0,0
3899,Female,Germany,Hamburg,1978.23,48.4,42.1,93.51,19.0,40.7,11.3,29.3,7.5,34.8,4.0,3448.0,21.0,2.0,0
3905,Male,USA,Los Angeles,1064.61,41.5,16.1,73.56,16.0,39.2,14.5,26.3,2.9,72.2,9.0,3949.0,22.0,2.0,0
3906,Male,Japan,Tokyo,2261.1,34.2,35.6,112.18,22.1,30.1,12.2,25.5,4.5,20.3,6.0,2367.0,14.0,2.0,0
3926,Male,Australia,Adelaide,1603.56,70.1,35.3,121.68,11.0,30.6,9.2,26.7,6.4,46.0,3.0,1378.0,12.0,6.0,0
3980,Female,India,Mumbai,1964.31,39.7,27.9,108.43,17.0,43.6,16.7,35.4,12.4,52.9,10.0,2948.0,24.0,6.0,0
3993,Male,UK,Leeds,1710.8,51.5,10.9,102.34,19.0,24.6,11.2,16.8,9.6,32.6,7.0,1936.0,4.0,3.0,0
4004,Male,USA,Los Angeles,1608.62,57.8,21.9,131.03,16.900000000000002,18.5,8.5,7.2,3.1,34.3,6.0,1194.0,1.0,4.0,1
4041,Male,Germany,Cologne,2207.28,58.7,16.7,152.59,18.0,19.4,9.5,10.6,1.5,44.7,4.0,2329.0,4.0,1.0,1
4059,Male,Canada,Ottawa,1433.05,50.7,52.4,104.25,16.0,41.7,14.5,33.5,8.4,83.4,4.0,2568.0,16.0,3.0,0
4081,Male,UK,Leeds,2163.95,48.8,27.7,128.28,18.0,30.3,10.2,17.0,4.7,4.2,4.0,2544.0,20.0,0.0,1
4127,Female,Canada,Montreal,2698.89,39.7,34.1,207.79,13.0,42.5,11.1,21.9,1.0,28.7,5.0,2973.0,7.0,3.0,0
4135,Female,USA,Houston,2912.17,62.9,18.6,238.75,13.0,30.2,5.5,14.0,6.1,25.9,4.0,1858.0,16.0,0.0,1
4144,Male,France,Toulouse,2203.77,38.9,25.4,134.58,15.0,33.1,10.6,26.1,3.1,52.7,5.0,2465.0,18.0,4.0,0
4173,Female,USA,Los Angeles,2461.12,47.8,32.1,170.63,15.0,24.5,11.0,25.4,3.9,34.5,4.0,2397.0,13.0,0.0,1
4216,Male,USA,Los Angeles,1208.9,55.3,27.8,80.63,15.0,41.6,14.4,23.5,5.4,47.3,10.0,1748.0,15.0,7.0,0
4238,Male,Canada,Montreal,1436.47,33.2,48.1,62.35,20.0,42.3,20.1,38.7,1.8,55.6,8.0,1116.0,19.0,6.0,1
4250,Female,USA,Phoenix,770.22,84.5,4.9,207.68,4.0,22.5,8.4,18.6,,0.0,2.0,0.0,0.0,2.0,1
4363,Female,UK,Leeds,1899.62,62.5,14.7,123.31,14.0,25.7,13.5,30.0,4.0,44.9,5.0,2946.0,24.0,0.0,0
4368,Female,USA,Chicago,1648.92,57.5,31.2,135.77,11.0,26.8,2.9,21.8,3.9,42.1,1.0,4092.0,7.0,6.0,0
4430,Female,Canada,Ottawa,2238.78,42.0,38.4,126.16,18.0,31.7,10.3,24.6,16.4,70.9,6.0,1965.0,14.0,4.0,0
4441,Female,France,Lyon,1661.07,45.4,21.9,116.27,15.0,41.8,11.9,32.4,9.0,51.1,10.0,921.0,17.0,5.0,0
4450,Male,Japan,Nagoya,1418.54,52.0,24.3,106.6,15.0,43.6,10.2,32.0,7.2,43.9,11.0,3857.0,13.0,5.0,1
4453,Female,Australia,Melbourne,1823.43,58.7,37.4,106.95,15.0,35.0,9.2,21.1,1.4,62.6,8.0,1549.0,14.0,6.0,0
4462,Male,Australia,Melbourne,2359.87,41.2,38.8,135.04,20.0,45.7,11.9,30.0,4.8,61.6,8.0,4962.0,23.0,5.0,1
4463,Male,USA,Phoenix,2671.57,58.0,30.2,187.58,20.8,34.4,11.7,31.8,8.7,77.9,7.0,1284.0,20.0,6.0,0
4539,Female,USA,New York,2460.78,56.5,34.3,161.73,16.0,35.1,14.4,22.5,2.3,48.1,8.0,2973.0,21.0,6.0,0
4555,Male,USA,Phoenix,2083.35,24.6,40.3,80.7,24.0,43.7,14.5,41.1,16.7,55.5,8.0,3971.0,26.0,4.0,0
4556,Female,USA,Phoenix,1721.5,45.0,23.3,88.81,18.0,35.1,14.2,28.2,1.2,40.9,10.0,2413.0,9.0,3.0,0
4562,Female,Germany,Cologne,1144.96,48.5,19.2,91.33,16.900000000000002,31.9,9.9,12.4,5.2,26.5,1.0,3242.0,9.0,5.0,0
4566,Female,India,Mumbai,1952.28,53.4,52.1,132.74,18.0,50.2,14.9,33.1,10.3,42.8,10.0,2807.0,27.0,4.0,0
4581,Female,Japan,Tokyo,3047.37,30.4,44.5,226.21,20.8,43.5,13.9,39.3,7.7,62.9,8.0,3868.0,24.0,9.0,1
4624,Male,USA,Chicago,678.8,66.0,18.3,66.07,14.3,17.4,8.5,14.0,6.8,22.3,2.0,1987.0,9.0,6.0,0
4625,Female,Germany,Cologne,1928.29,68.3,0.0,158.71,11.0,3.8,1.0,11.8,9.9,4.9,2.0,790.0,2.0,0.0,1
4665,Male,USA,Houston,2023.24,55.9,36.8,168.98,11.0,31.2,9.3,10.5,2.6,49.7,3.0,1706.0,5.0,6.0,0
4671,Male,UK,Birmingham,1103.16,68.6,8.5,104.84,14.3,17.5,4.3,16.4,4.1,44.0,0.0,149.0,13.0,5.0,0
4672,Male,Australia,Adelaide,997.29,52.8,39.9,72.04,17.0,29.3,10.5,22.1,6.4,33.6,7.0,3509.0,11.0,1.0,0
4680,Female,UK,Birmingham,1853.52,34.6,52.3,93.77,19.0,41.5,16.1,30.5,4.6,32.3,6.0,3277.0,19.0,7.0,0
4681,Male,USA,Houston,1566.55,80.0,21.3,142.45,10.0,28.1,7.2,14.6,1.6,16.4,6.0,2544.0,12.0,7.0,1
4733,Female,India,Mumbai,1706.13,49.3,31.5,123.76,12.0,23.6,9.3,26.0,6.9,49.9,10.0,1721.0,15.0,3.0,0
4744,Female,UK,Birmingham,1273.75,56.5,20.8,112.78,16.900000000000002,19.6,3.5,16.3,3.0,28.8,3.0,1378.0,6.0,2.0,0
4755,Female,India,Bangalore,1867.86,39.1,28.1,104.0,20.0,25.2,13.5,32.2,8.7,26.7,1.0,4650.0,10.0,4.0,0
4766,Male,Canada,Calgary,2270.81,37.0,30.7,134.62,20.0,33.9,11.3,25.7,3.7,15.6,4.0,851.0,7.0,3.0,0
4767,Male,USA,Phoenix,1230.8,27.2,46.0,57.6,20.0,36.7,16.4,17.7,3.8,54.8,8.0,3205.0,19.0,5.0,0
4784,Male,France,Lyon,852.05,44.7,48.0,55.21,17.0,33.3,12.1,23.5,9.3,50.3,7.0,3182.0,24.0,5.0,0
4801,Male,USA,Houston,2341.8,71.7,29.4,208.61,16.900000000000002,26.3,11.1,15.9,2.6,47.6,8.0,310.0,24.0,0.0,1
4816,Male,UK,Glasgow,2462.64,42.7,33.3,139.96,18.0,33.0,7.9,24.2,1.2,18.0,3.0,1208.0,13.0,3.0,1
4850,Male,UK,Glasgow,1966.95,20.8,48.6,112.96,20.0,49.4,17.1,37.7,8.9,51.3,7.0,2382.0,20.0,6.0,1
4898,Male,UK,Leeds,976.41,64.2,12.8,70.74,17.0,20.1,7.8,24.9,10.8,62.5,1.0,1182.0,0.0,2.0,0
4909,Male,Australia,Perth,1912.1,47.5,45.2,106.99,22.1,30.4,10.6,23.4,13.3,29.0,6.0,4019.0,19.0,4.0,1
4929,Female,France,Lyon,2011.71,28.8,9.3,149.55,14.0,38.9,10.3,26.3,13.0,29.5,1.0,939.0,17.0,6.0,0
4972,Female,USA,Los Angeles,1017.36,65.6,7.5,76.59,16.0,39.9,10.9,32.7,1.1,53.3,6.0,1961.0,22.0,7.0,0
5001,Female,Canada,Toronto,1801.28,51.6,6.9,108.34,18.0,25.7,11.2,17.3,4.3,48.0,9.0,1933.0,15.0,2.0,0
5029,Male,Canada,Vancouver,1668.33,68.9,20.3,98.35,19.5,24.3,6.7,27.1,,52.9,6.0,2123.0,15.0,4.0,1
5053,Female,Germany,Munich,1565.81,52.3,22.7,129.1,18.2,27.3,10.7,16.2,3.0,32.7,4.0,2149.0,12.0,6.0,0
5065,Male,Germany,Munich,1981.26,46.3,32.8,103.64,18.0,26.0,9.9,21.4,2.5,28.9,1.0,1360.0,15.0,0.0,0
5069,Male,USA,New York,2188.48,41.9,52.6,89.24,21.0,39.6,12.3,26.9,0.8,66.1,6.0,2671.0,19.0,3.0,0
5073,Male,USA,Phoenix,881.8,48.1,38.1,75.26,13.0,32.1,8.4,20.1,14.2,20.1,4.0,1901.0,15.0,8.0,0
5104,Male,France,Lyon,2107.26,72.9,13.7,165.15,11.0,20.3,3.6,11.0,6.8,32.8,2.0,1772.0,15.0,0.0,1
5117,Male,India,Mumbai,1753.72,38.7,32.5,123.66,15.0,37.5,10.9,16.5,1.0,25.0,5.0,2750.0,22.0,8.0,0
5152,Female,USA,Chicago,1693.06,47.2,37.9,89.84,16.0,28.9,8.4,32.0,13.4,51.8,5.0,3003.0,9.0,7.0,0
5156,Male,USA,New York,2165.96,52.8,15.8,181.33,15.6,28.3,10.1,18.4,,66.7,10.0,2871.0,11.0,2.0,1
5201,Male,UK,Birmingham,1820.12,19.6,31.3,117.71,19.0,40.8,13.1,29.2,,45.2,4.0,2579.0,19.0,7.0,0
5234,Female,USA,Chicago,991.14,58.6,26.7,85.44,15.6,35.1,11.2,23.7,4.0,33.3,3.0,2520.0,14.0,7.0,0
5237,Female,USA,Houston,1099.22,53.4,24.0,82.05,18.2,48.0,10.3,30.2,1.1,50.3,4.0,2066.0,24.0,4.0,0
5249,Female,USA,New York,1888.9,54.0,36.3,124.8,19.5,41.4,11.8,16.6,0.4,49.5,8.0,3263.0,21.0,6.0,1
5266,Female,USA,Phoenix,1559.1,44.4,43.8,118.81,13.0,42.4,9.7,21.7,15.4,23.1,6.0,2539.0,23.0,7.0,0
5289,Female,USA,Houston,1951.92,34.3,29.6,99.74,17.0,34.5,15.5,29.9,3.5,59.1,9.0,2811.0,23.0,6.0,0
5304,Female,USA,Phoenix,883.05,31.5,33.8,71.35,14.0,44.9,9.6,22.6,8.0,48.1,9.0,1935.0,17.0,7.0,0
5360,Male,Canada,Vancouver,2384.22,49.4,33.8,150.76,20.8,33.3,11.4,19.6,7.6,42.4,5.0,2300.0,15.0,5.0,0
5391,Male,USA,Phoenix,1063.09,24.1,50.8,66.02,18.0,35.6,16.1,26.1,5.3,51.8,5.0,2587.0,26.0,3.0,0
5409,Female,UK,Manchester,1956.35,53.1,36.5,104.91,17.0,41.8,11.2,31.1,4.8,85.5,6.0,3708.0,15.0,5.0,0
5449,Female,USA,Chicago,1816.36,32.4,42.0,117.89,20.8,44.9,13.9,29.5,3.0,41.9,8.0,3804.0,18.0,4.0,1
5460,Male,USA,Phoenix,963.37,54.6,19.0,78.47,16.900000000000002,22.7,1.3,13.0,9.9,15.1,1.0,1514.0,12.0,2.0,0
5485,Male,UK,Leeds,1374.55,58.9,15.0,112.46,12.0,28.2,7.9,16.1,11.8,25.0,9.0,3849.0,3.0,6.0,0
5489,Other,USA,Phoenix,1135.64,40.9,28.6,76.79,18.0,39.0,12.1,27.8,4.6,8.9,8.0,3454.0,15.0,1.0,0
5494,Female,Canada,Montreal,1028.82,47.5,9.9,98.24,10.0,43.4,9.3,30.6,8.9,27.4,6.0,660.0,18.0,7.0,0
5511,Female,Australia,Melbourne,1780.06,31.4,6.8,156.12,12.0,35.6,11.7,18.2,6.9,43.4,11.0,2372.0,7.0,5.0,0
5524,Female,Japan,Nagoya,2080.9,60.1,36.6,144.82,15.0,24.6,11.3,23.2,4.0,57.8,8.0,80.0,16.0,2.0,0
5559,Female,UK,Glasgow,1502.45,57.1,15.4,114.49,19.5,31.3,14.8,26.6,3.1,41.3,6.0,1640.0,20.0,3.0,0
5576,Female,Germany,Frankfurt,2394.61,32.3,35.9,167.78,17.0,43.9,12.0,33.1,6.5,78.4,5.0,3233.0,25.0,3.0,1
5590,Male,USA,Houston,1598.73,48.8,35.4,91.63,19.0,33.1,9.7,32.5,2.7,73.5,8.0,2007.0,13.0,6.0,0
5603,Male,UK,Manchester,1136.32,47.2,32.5,95.41,12.0,20.5,10.3,22.9,4.5,52.7,7.0,2059.0,15.0,8.0,0
5639,Female,UK,Leeds,1213.38,62.0,32.5,129.5,14.3,20.0,6.4,14.7,,15.8,8.0,1142.0,7.0,1.0,0
5643,Female,USA,Houston,1966.46,67.7,14.7,140.36,12.0,20.0,10.2,9.2,,0.0,5.0,2105.0,12.0,1.0,1
5659,Female,USA,Los Angeles,2174.27,66.2,19.8,120.14,21.0,24.1,9.5,22.4,8.2,55.9,5.0,4492.0,20.0,4.0,0
5693,Female,India,Chennai,1110.76,63.0,16.2,100.65,10.0,37.5,8.3,19.8,4.2,30.0,5.0,2735.0,6.0,7.0,0
5699,Female,Canada,Vancouver,722.23,61.5,18.2,48.35,14.0,36.0,10.4,32.3,,59.5,10.0,2035.0,21.0,5.0,0
5707,Female,Canada,Vancouver,1696.71,53.6,34.5,118.67,19.5,33.3,10.1,25.0,2.9,50.7,3.0,4624.0,28.0,4.0,0
5712,Female,UK,Birmingham,1226.45,59.7,33.9,115.88,13.0,24.8,11.6,33.8,13.1,47.7,7.0,2334.0,19.0,8.0,0
5756,Female,UK,Glasgow,1881.5,64.9,20.3,208.18,8.0,27.5,7.3,23.4,5.3,22.0,7.0,661.0,10.0,7.0,1
5818,Male,Germany,Munich,1935.16,58.0,13.5,94.74,19.0,30.3,9.6,10.7,16.5,36.5,6.0,643.0,16.0,1.0,1
5825,Female,India,Chennai,1412.06,40.9,39.6,73.53,18.0,42.5,16.9,35.1,0.5,37.3,7.0,2680.0,26.0,8.0,0
5862,Female,Germany,Munich,1379.93,45.2,27.6,75.65,16.0,48.4,14.4,31.2,3.4,57.9,3.0,2183.0,14.0,1.0,0
5873,Female,USA,Los Angeles,468.1,46.4,27.8,64.25,9.0,28.9,7.6,23.5,8.0,8.1,4.0,1214.0,14.0,8.0,0
5879,Female,UK,Glasgow,2219.41,35.0,41.7,107.69,22.0,49.9,16.1,41.2,,47.2,7.0,4893.0,23.0,4.0,0
5917,Female,USA,Houston,2677.71,42.0,21.4,213.54,13.0,30.0,10.9,23.3,3.9,19.9,6.0,638.0,16.0,3.0,0
6007,Female,USA,New York,2043.36,49.6,24.2,95.18,18.0,37.3,11.1,29.3,2.2,31.1,9.0,2472.0,22.0,5.0,0
6020,Male,USA,Houston,1677.49,79.3,6.7,112.32,13.0,11.1,3.5,5.0,5.8,21.2,3.0,0.0,1.0,1.0,1
6057,Male,USA,Houston,1501.78,35.8,26.5,96.61,15.0,44.8,10.4,39.6,7.9,36.1,10.0,3788.0,21.0,4.0,0
6074,Male,UK,London,2429.4,60.7,14.1,181.28,16.0,18.4,9.1,15.2,8.5,2.9,3.0,2298.0,9.0,1.0,1
6105,Male,India,Bangalore,2042.31,47.9,47.2,108.78,16.0,29.2,11.2,26.6,5.5,12.7,6.0,1579.0,16.0,4.0,0
6156,Male,USA,Los Angeles,2010.99,59.3,37.9,123.93,14.0,28.7,9.6,19.8,,31.1,6.0,1495.0,18.0,5.0,0
6168,Female,Germany,Berlin,2277.64,44.4,6.0,145.43,17.0,36.4,15.5,29.9,,33.8,9.0,2654.0,16.0,6.0,0
6186,Male,Japan,Nagoya,1489.25,63.9,1.4,100.59,14.0,34.2,11.6,26.8,2.8,36.3,10.0,2178.0,11.0,1.0,0
6207,Female,USA,Houston,1390.9,49.0,17.6,90.63,19.0,37.4,13.5,23.7,7.6,54.9,8.0,4418.0,16.0,5.0,0
6216,Male,USA,Houston,437.33,68.3,17.0,42.97,15.6,21.6,8.1,17.2,,0.0,3.0,862.0,2.0,1.0,0
6219,Female,USA,Chicago,1862.1,52.9,35.4,95.33,22.0,49.8,11.5,32.0,4.0,60.8,7.0,3155.0,28.0,5.0,0
6225,Female,Germany,Frankfurt,1265.27,56.3,21.0,97.22,11.0,38.2,14.5,25.8,7.7,69.8,8.0,2686.0,10.0,0.0,0
6234,Male,Germany,Berlin,1511.59,51.2,34.9,96.72,15.0,36.5,9.7,28.1,,31.1,10.0,3032.0,21.0,1.0,0
6260,Female,India,Bangalore,1682.52,29.5,32.7,107.54,18.0,36.0,13.4,21.1,5.6,36.6,4.0,3858.0,21.0,0.0,1
6304,Female,Germany,Cologne,2839.98,35.0,24.0,194.75,18.2,33.6,10.5,20.7,11.5,54.5,4.0,1766.0,14.0,6.0,0
6338,Male,USA,New York,2757.86,55.0,19.3,216.77,13.0,35.5,12.3,22.0,,32.8,6.0,2022.0,21.0,4.0,1
6359,Male,UK,Glasgow,2075.65,47.7,20.4,130.16,15.0,38.2,5.8,28.4,3.8,23.5,2.0,2256.0,13.0,1.0,1
6360,Male,UK,London,2081.8,28.1,41.5,118.49,18.0,43.1,14.3,32.7,15.5,64.4,9.0,3285.0,20.0,4.0,0
6397,Female,Canada,Vancouver,2441.48,56.3,19.1,199.27,15.0,26.9,11.9,19.0,0.1,41.4,1.0,1287.0,15.0,7.0,0
6445,Male,Germany,Frankfurt,2228.46,53.2,21.8,163.47,18.2,27.3,6.9,7.1,10.8,51.2,7.0,688.0,16.0,4.0,1
6455,Male,USA,New York,2181.52,46.9,25.2,108.75,22.1,22.3,10.4,25.2,5.8,46.9,5.0,2869.0,19.0,5.0,0
6465,Male,USA,New York,1157.51,64.7,39.9,67.01,18.0,29.3,13.8,31.8,2.4,23.8,4.0,3873.0,8.0,7.0,0
6475,Female,France,Marseille,2362.52,55.5,4.8,170.75,13.0,26.9,6.7,13.8,4.2,21.9,4.0,2100.0,5.0,1.0,1
6489,Female,Japan,Kyoto,2177.26,47.4,18.9,160.88,14.0,36.7,8.7,28.5,7.8,36.0,10.0,2620.0,15.0,4.0,0
6510,Female,USA,Phoenix,1906.61,31.1,35.1,109.66,15.0,31.6,10.0,27.3,7.0,32.0,9.0,3156.0,24.0,6.0,1
6535,Female,Australia,Melbourne,2290.66,48.1,38.2,116.0,18.0,29.7,12.8,23.2,11.1,16.2,4.0,220.0,17.0,4.0,0
6620,Female,Canada,Ottawa,1553.62,36.6,0.0,112.52,15.0,31.9,13.5,18.3,4.4,48.3,8.0,3702.0,6.0,0.0,0
6644,Male,Canada,Toronto,1133.24,33.4,15.9,101.94,16.900000000000002,31.6,11.6,19.9,15.8,53.1,1.0,3477.0,11.0,4.0,0
6654,Female,USA,Chicago,1919.42,59.8,6.3,125.34,15.0,26.9,2.7,19.5,2.8,22.7,7.0,674.0,14.0,1.0,1
6713,Female,Canada,Ottawa,1324.64,36.2,35.5,75.49,20.0,31.9,8.3,19.8,3.0,30.4,5.0,2329.0,25.0,2.0,0
6717,Female,USA,Houston,2098.0,44.6,35.6,123.18,18.0,19.0,8.4,19.1,8.7,9.9,6.0,1791.0,18.0,2.0,1
6759,Female,USA,Los Angeles,1152.05,87.1,7.2,88.4,15.6,9.7,4.2,4.1,5.8,17.7,1.0,1337.0,4.0,0.0,1
6770,Male,USA,Los Angeles,1134.73,39.9,42.1,118.64,10.0,24.4,8.4,20.6,9.5,9.2,11.0,1651.0,14.0,4.0,0
6793,Male,Australia,Sydney,2278.47,35.2,35.4,127.12,16.0,44.2,9.0,35.7,15.4,40.6,7.0,3055.0,19.0,4.0,0
6799,Female,UK,London,915.18,38.1,26.4,51.08,18.0,44.0,13.6,37.0,5.7,68.4,6.0,2438.0,15.0,6.0,0
6816,Female,USA,Phoenix,2296.12,61.0,20.9,181.09,14.3,34.2,8.3,21.5,11.0,44.7,8.0,1348.0,18.0,6.0,0
6851,Male,Australia,Perth,2236.81,45.9,11.0,119.86,17.0,35.1,10.9,23.6,9.3,23.1,7.0,1424.0,19.0,5.0,0
6854,Male,UK,Birmingham,1513.07,69.8,9.7,98.59,18.0,27.5,8.1,22.7,18.9,0.0,6.0,1450.0,0.0,2.0,0
6895,Male,USA,Chicago,2144.35,34.6,23.4,143.02,16.0,43.4,13.9,39.4,1.1,33.4,9.0,2986.0,29.0,3.0,0
6905,Female,USA,Phoenix,1796.95,61.7,27.5,98.41,21.0,28.1,9.1,20.1,14.4,34.8,6.0,3489.0,11.0,1.0,1
6919,Female,Germany,Hamburg,1357.15,42.5,40.2,106.21,12.0,32.3,12.0,23.8,6.8,8.8,9.0,2737.0,21.0,0.0,0
6925,Male,Germany,Hamburg,1698.9,39.5,15.2,108.4,19.5,34.1,10.9,31.1,6.2,22.7,7.0,3431.0,25.0,2.0,0
6935,Male,USA,Los Angeles,1739.07,34.4,39.3,103.58,16.0,41.2,13.1,27.1,11.8,58.1,10.0,3712.0,20.0,2.0,0
7002,Male,USA,Houston,1915.14,49.8,21.3,128.71,19.5,47.1,11.4,29.7,1.9,46.8,3.0,1642.0,24.0,6.0,1
7022,Female,UK,Leeds,1359.75,61.1,17.2,67.87,20.0,36.0,11.1,27.5,6.8,17.5,5.0,1891.0,16.0,2.0,0
7114,Female,Canada,Ottawa,1612.59,50.3,18.8,101.55,19.5,26.0,8.9,16.8,6.2,20.0,4.0,1587.0,18.0,3.0,0
7147,Male,UK,Glasgow,2160.65,71.0,19.5,130.36,19.0,18.0,10.9,14.0,,29.5,2.0,2730.0,12.0,2.0,1
7169,Male,Germany,Berlin,1994.95,44.4,27.1,107.17,18.0,44.4,14.1,35.7,4.1,84.3,6.0,2290.0,28.0,5.0,0
7176,Male,Germany,Berlin,1335.98,48.2,32.3,98.2,13.0,36.9,10.8,24.6,11.5,61.0,3.0,2799.0,19.0,7.0,0
7193,Male,Australia,Melbourne,1716.72,54.1,34.1,90.11,16.0,37.0,17.6,35.5,13.0,80.3,6.0,3556.0,32.0,4.0,0
7198,Male,India,Chennai,1970.2,32.6,37.8,129.76,15.0,38.6,12.4,22.7,6.1,48.7,10.0,4687.0,12.0,3.0,0
7261,Male,Germany,Frankfurt,2041.58,22.9,24.1,105.56,20.0,33.9,9.9,32.6,2.6,74.9,10.0,2550.0,16.0,6.0,0
7307,Male,UK,Manchester,2384.98,45.9,32.1,151.65,15.0,35.5,11.5,23.8,4.6,52.5,6.0,1817.0,21.0,2.0,1
7326,Female,UK,Glasgow,1446.55,54.8,43.3,99.71,18.0,30.1,11.4,31.1,2.7,20.8,8.0,2468.0,18.0,7.0,0
7363,Female,Japan,Osaka,1015.79,45.7,21.0,78.6,13.0,31.5,7.7,24.9,8.5,22.0,5.0,3633.0,17.0,8.0,1
7377,Female,Canada,Calgary,2088.66,40.5,17.9,124.64,15.0,24.9,10.8,17.0,13.5,17.9,2.0,3231.0,6.0,0.0,0
7389,Female,France,Nice,2084.5,54.8,38.6,138.74,13.0,30.7,7.9,21.2,3.8,33.0,6.0,4511.0,19.0,4.0,1
7404,Female,Australia,Sydney,1398.61,49.0,23.9,98.38,17.0,42.2,12.2,36.8,4.2,35.5,2.0,2521.0,21.0,6.0,0
7431,Male,UK,London,2383.03,58.0,17.8,185.82,14.3,37.6,12.2,14.0,16.8,43.8,5.0,2107.0,14.0,7.0,1
7466,Female,UK,Birmingham,2260.58,61.3,11.2,172.61,12.0,31.0,11.7,30.5,7.1,55.5,4.0,3049.0,16.0,1.0,1
7470,Male,USA,Houston,1841.55,33.8,39.0,121.37,19.5,43.5,16.3,26.8,8.0,37.3,7.0,1602.0,38.0,3.0,0
7492,Female,Japan,Tokyo,2391.49,72.8,9.7,207.0,10.0,17.4,5.2,17.5,12.8,7.3,3.0,352.0,2.0,1.0,1
7528,Female,France,Marseille,1811.77,53.0,6.0,128.55,18.2,21.7,4.7,23.5,10.3,53.7,2.0,3333.0,4.0,0.0,0
7542,Male,UK,Glasgow,1600.04,35.3,29.2,70.17,21.0,44.4,13.9,38.1,5.8,75.5,8.0,3519.0,34.0,6.0,1
7578,Female,Australia,Melbourne,2163.81,51.2,33.5,136.25,14.0,31.1,11.4,25.5,10.5,48.2,5.0,2596.0,17.0,1.0,0
7580,Male,India,Chennai,2184.31,39.1,48.0,116.6,22.1,39.7,15.1,28.8,3.6,44.4,7.0,1617.0,17.0,4.0,0
7588,Female,USA,Houston,1894.12,48.4,14.6,147.85,16.900000000000002,34.1,10.1,33.0,4.3,52.7,9.0,1837.0,12.0,6.0,1
7593,Male,Canada,Vancouver,1984.92,26.7,31.2,116.71,22.1,37.8,10.0,28.1,1.6,67.0,6.0,1957.0,17.0,4.0,1
7656,Female,USA,Phoenix,779.7,43.8,21.0,47.29,16.0,34.7,13.8,31.3,1.5,49.0,5.0,3764.0,21.0,6.0,0
7669,Female,UK,Leeds,1864.19,38.5,24.3,145.49,19.5,31.1,11.1,25.5,2.1,21.6,5.0,1915.0,17.0,6.0,0
7674,Female,USA,Chicago,1363.1,73.0,0.0,263.18,5.0,18.1,3.7,0.0,3.6,1.5,1.0,149.0,0.0,1.0,1
7676,Male,Canada,Calgary,881.99,34.8,34.0,50.92,17.0,42.9,10.4,18.1,4.5,33.9,6.0,2810.0,23.0,6.0,0
7677,Male,USA,Houston,1371.46,51.9,10.3,99.47,14.0,38.1,9.9,24.4,6.5,20.7,10.0,1750.0,20.0,1.0,1
7701,Female,USA,Chicago,1899.38,46.1,7.8,104.81,20.8,24.6,10.5,29.0,16.1,72.0,5.0,1344.0,15.0,5.0,0
7708,Female,USA,New York,656.66,58.9,28.4,62.34,11.0,30.0,7.5,28.0,7.0,55.0,10.0,2889.0,14.0,3.0,0
7716,Female,Australia,Sydney,1399.2,84.0,33.4,140.59,10.0,25.1,8.7,10.5,5.5,60.9,5.0,1768.0,13.0,7.0,0
7754,Male,Canada,Toronto,2119.91,84.6,32.4,144.82,13.0,25.7,8.7,12.2,,27.8,0.0,1895.0,8.0,1.0,1
7761,Male,UK,Leeds,1735.15,63.0,25.3,169.19,10.0,28.4,9.3,30.3,1.7,36.4,10.0,4089.0,20.0,2.0,0
7764,Male,USA,Chicago,1996.39,43.2,34.0,111.65,16.0,39.2,15.7,31.7,,55.7,8.0,2716.0,15.0,3.0,1
7767,Male,USA,New York,1779.9,39.7,46.6,73.06,21.0,41.8,16.8,29.5,7.6,46.5,11.0,3099.0,17.0,3.0,1
7795,Female,USA,Phoenix,689.46,43.3,33.4,66.45,10.0,36.7,13.0,24.0,,23.5,8.0,3788.0,19.0,1.0,0
7801,Male,USA,Phoenix,2281.48,49.7,31.7,178.77,11.0,35.8,8.1,25.3,4.8,40.3,2.0,1300.0,13.0,1.0,0
7810,Male,Japan,Tokyo,2723.12,69.5,33.7,224.03,12.0,29.2,12.5,16.3,2.5,35.6,6.0,2833.0,14.0,4.0,0
7819,Male,Japan,Yokohama,2149.46,74.5,32.6,138.75,15.0,32.2,13.0,13.1,6.0,51.5,8.0,0.0,21.0,1.0,1
7853,Female,USA,Chicago,1619.71,59.6,33.5,108.31,14.0,30.8,9.9,17.5,0.7,49.8,7.0,1543.0,28.0,7.0,0
7939,Male,USA,Chicago,2282.22,32.6,51.5,132.56,21.0,45.9,13.1,34.0,6.5,56.4,9.0,1831.0,20.0,2.0,1
7962,Female,UK,Birmingham,1134.21,60.1,29.0,85.36,16.0,43.2,12.2,24.8,13.5,74.0,8.0,1562.0,14.0,6.0,0
7996,Female,USA,Chicago,2065.34,38.3,38.9,107.72,21.0,33.7,13.1,21.2,4.6,50.9,4.0,4227.0,22.0,2.0,0
8017,Male,USA,Chicago,2168.72,38.5,15.2,146.35,19.5,29.6,8.5,28.3,8.0,20.8,4.0,2297.0,15.0,1.0,0
8088,Male,Germany,Berlin,1676.66,34.2,25.2,101.12,20.8,35.3,12.4,31.6,4.6,42.7,8.0,3060.0,21.0,6.0,0
8113,Male,USA,New York,811.0,55.7,16.6,108.76,9.0,29.4,11.2,9.8,4.3,3.7,8.0,1652.0,10.0,6.0,0
8119,Male,USA,Houston,1360.73,40.1,42.0,73.32,16.0,46.4,9.4,19.2,12.5,50.6,8.0,2646.0,19.0,8.0,0
8121,Male,UK,Manchester,1476.26,37.9,36.7,90.0,17.0,35.1,11.4,18.0,17.5,20.3,10.0,1402.0,15.0,2.0,0
8124,Female,UK,Glasgow,2922.9,57.9,25.0,226.48,14.0,26.4,9.1,24.2,2.1,34.0,5.0,2129.0,18.0,2.0,1
8128,Male,USA,Phoenix,1385.51,36.5,36.8,97.07,17.0,29.0,12.8,27.8,18.4,19.1,1.0,2241.0,12.0,1.0,0
8148,Male,USA,Chicago,1411.0,48.8,25.8,114.28,18.2,31.8,8.9,20.0,0.4,32.0,6.0,2434.0,16.0,6.0,0
8224,Male,Canada,Calgary,1953.39,58.4,21.7,118.11,18.2,25.9,6.0,16.9,2.8,29.3,1.0,2461.0,23.0,4.0,1
8246,Male,UK,Manchester,758.0,69.2,34.3,96.31,9.0,29.2,10.2,23.5,5.0,14.1,10.0,2367.0,11.0,1.0,0
8289,Female,USA,Houston,509.37,54.4,13.3,44.68,14.0,27.7,7.6,20.9,3.8,60.2,5.0,149.0,20.0,7.0,1
8297,Female,USA,Phoenix,2053.5,42.7,49.1,100.17,21.0,50.6,13.8,34.9,7.4,59.0,8.0,3187.0,24.0,5.0,0
8533,Male,Germany,Frankfurt,814.14,51.2,29.3,51.85,18.2,28.8,5.7,15.8,4.2,55.0,5.0,3404.0,17.0,3.0,0
8556,Female,Canada,Calgary,1361.7,36.4,36.2,81.71,16.0,42.8,13.3,32.4,2.4,49.9,11.0,1180.0,20.0,5.0,0
8561,Male,USA,Phoenix,1981.05,33.0,5.6,106.08,20.8,41.1,12.5,27.6,7.3,2.7,3.0,3270.0,7.0,3.0,1
8566,Female,Canada,Montreal,2342.13,43.7,33.7,127.37,18.0,36.2,11.1,25.8,11.9,56.4,4.0,2871.0,15.0,2.0,1
8580,Female,Australia,Melbourne,1949.88,33.1,29.1,101.34,19.0,44.7,13.1,32.0,12.5,72.7,7.0,2976.0,22.0,8.0,1
8584,Female,USA,Los Angeles,2237.14,29.8,57.0,83.53,23.0,46.0,13.7,31.4,1.5,51.0,7.0,1120.0,15.0,6.0,0
8606,Male,Canada,Montreal,2266.08,41.2,29.6,139.31,17.0,39.7,10.6,24.1,3.1,33.1,5.0,2799.0,14.0,6.0,0
8618,Male,Australia,Sydney,1257.31,54.5,37.1,125.13,10.0,30.3,11.3,24.7,16.4,63.1,0.0,5072.0,11.0,3.0,0
8632,Female,USA,Houston,789.22,63.1,9.0,60.5,15.6,17.7,7.0,17.2,3.4,31.9,7.0,494.0,11.0,1.0,0
8650,Male,USA,Chicago,620.84,76.0,4.5,66.38,11.7,27.1,11.4,15.4,12.7,11.0,9.0,805.0,11.0,4.0,1
8661,Male,Canada,Toronto,2985.32,33.0,36.4,213.27,17.0,25.8,11.9,22.1,15.6,32.0,8.0,3313.0,10.0,3.0,1
8664,Male,UK,London,2012.47,47.9,14.7,116.51,19.0,24.2,7.4,11.5,2.4,35.3,2.0,1836.0,13.0,1.0,0
8673,Female,USA,Phoenix,899.89,61.9,0.0,146.0,7.800000000000001,28.3,6.5,8.1,16.3,17.0,10.0,267.0,14.0,0.0,0
8763,Male,USA,Los Angeles,1810.55,64.0,24.8,121.32,17.0,19.0,3.6,9.5,3.6,14.9,4.0,982.0,7.0,1.0,0
8788,Female,France,Marseille,1768.14,48.3,23.9,122.6,19.5,35.4,11.6,22.0,4.6,38.3,7.0,1491.0,15.0,5.0,0
8850,Male,Japan,Kyoto,406.7,64.3,38.3,39.53,15.6,28.0,9.1,19.6,0.4,7.2,4.0,1341.0,12.0,3.0,0
8882,Male,Australia,Melbourne,1946.54,72.5,28.4,154.21,11.0,24.8,12.1,18.7,4.8,34.9,8.0,3178.0,19.0,1.0,1
8922,Female,UK,Birmingham,956.53,49.2,20.7,112.86,8.0,22.2,6.5,17.7,8.3,22.4,10.0,2761.0,16.0,1.0,0
8927,Female,Japan,Nagoya,1413.38,47.4,30.9,86.19,20.0,32.2,11.3,23.0,13.0,38.3,7.0,2843.0,24.0,4.0,0
8937,Male,UK,London,2251.53,32.0,45.5,106.06,19.0,41.5,13.4,24.9,1.2,48.4,7.0,4342.0,15.0,6.0,0
8958,Male,Australia,Perth,2500.74,49.5,44.3,158.32,17.0,43.7,12.2,26.6,3.5,35.9,8.0,3448.0,23.0,4.0,1
8959,Male,USA,Los Angeles,2437.89,46.3,19.6,165.12,15.0,31.3,9.4,16.5,,31.2,8.0,3664.0,12.0,3.0,1
8962,Female,UK,Birmingham,2013.18,65.0,14.2,124.47,19.0,29.8,9.5,21.4,1.6,24.6,6.0,1257.0,16.0,5.0,1
8989,Male,UK,Birmingham,1286.35,41.8,23.2,84.93,15.0,38.3,17.9,31.4,15.1,49.6,9.0,3007.0,21.0,6.0,1
9002,Female,UK,Birmingham,2233.6,49.3,44.3,172.86,13.0,27.8,8.8,32.6,13.7,41.7,10.0,3387.0,11.0,3.0,0
9010,Female,UK,London,2058.69,36.0,26.4,129.8,15.0,40.6,9.9,28.4,3.3,54.3,4.0,2669.0,6.0,5.0,1
9012,Male,Germany,Berlin,1636.97,62.7,12.9,95.64,20.0,22.2,9.1,16.5,7.5,15.0,5.0,2280.0,17.0,2.0,0
9029,Male,USA,New York,1405.23,49.3,22.0,85.66,19.5,34.1,11.0,25.6,3.0,66.0,3.0,2471.0,22.0,6.0,0
9045,Male,Australia,Brisbane,1704.74,30.5,36.1,125.18,19.5,40.8,12.2,33.3,6.9,57.8,5.0,4056.0,18.0,6.0,1
9051,Male,USA,Chicago,1558.31,55.6,39.1,104.06,18.0,40.1,10.8,30.2,6.3,47.7,9.0,4092.0,18.0,2.0,0
9056,Female,UK,Glasgow,1397.65,56.6,30.8,84.69,18.2,32.4,12.6,19.2,10.5,62.6,1.0,2672.0,5.0,1.0,0
9090,Female,UK,Birmingham,810.3,45.4,19.6,97.82,8.0,24.3,6.9,28.2,28.3,57.5,4.0,536.0,12.0,7.0,0
9097,Female,India,Bangalore,2371.53,53.6,3.4,167.29,18.2,28.7,11.6,21.4,0.4,35.4,3.0,3736.0,14.0,5.0,1
9157,Female,Japan,Kyoto,1018.05,56.5,14.8,75.03,16.900000000000002,17.7,4.7,12.6,4.6,23.3,2.0,0.0,15.0,0.0,0
9158,Female,Australia,Perth,1968.07,19.7,25.6,91.28,18.0,37.6,10.7,34.6,,55.9,5.0,2845.0,22.0,7.0,0
9172,Female,Japan,Kyoto,2989.99,64.1,19.5,239.91,18.2,25.0,9.6,14.2,20.5,47.6,1.0,1754.0,23.0,4.0,1
9200,Male,Germany,Cologne,1089.8,40.1,2.6,132.65,7.0,20.2,10.2,20.7,5.6,26.8,10.0,2328.0,3.0,4.0,0
9201,Male,India,Delhi,2795.68,44.9,37.4,188.72,18.0,40.1,9.2,31.3,7.1,22.3,9.0,2468.0,10.0,3.0,0
9213,Female,USA,Houston,1480.95,48.4,10.9,127.49,18.2,31.2,12.1,25.1,2.8,49.3,7.0,1702.0,14.0,4.0,0
9278,Male,USA,Chicago,1804.11,23.3,38.7,96.92,19.0,38.6,12.3,25.1,9.3,63.1,10.0,2290.0,18.0,3.0,0
9321,Female,Australia,Brisbane,2152.68,64.5,27.3,131.32,19.5,20.9,8.3,11.8,15.9,44.8,3.0,2343.0,14.0,4.0,1
9367,Female,Germany,Cologne,2080.87,53.9,28.9,107.26,17.0,46.2,9.2,29.4,7.3,33.2,5.0,3054.0,12.0,6.0,1
9369,Male,Australia,Brisbane,2675.74,59.4,1.0,213.37,13.0,19.2,10.0,23.0,14.5,31.6,5.0,1624.0,16.0,1.0,1
9396,Female,UK,Glasgow,1380.15,76.4,0.0,101.85,16.0,24.5,3.7,1.3,5.5,26.2,0.0,0.0,0.0,0.0,1
9415,Male,USA,Los Angeles,1960.48,43.1,41.7,103.9,19.0,41.9,13.1,29.2,8.7,42.2,7.0,2213.0,29.0,7.0,0
9430,Female,France,Nice,785.02,49.2,33.3,60.67,13.0,33.5,13.2,22.4,14.7,35.8,7.0,2990.0,15.0,8.0,0
9439,Female,USA,Houston,1590.16,45.8,48.7,107.58,17.0,34.2,14.3,28.1,25.8,58.6,8.0,4506.0,14.0,7.0,0
9442,Male,UK,Leeds,1426.36,55.6,26.0,84.82,18.0,27.6,6.9,23.8,9.2,29.7,9.0,2443.0,20.0,6.0,0
9500,Male,USA,Chicago,638.62,77.5,0.0,98.92,10.4,28.6,6.0,7.1,2.4,0.0,8.0,2246.0,0.0,0.0,0
9513,Female,Canada,Montreal,1945.06,23.4,43.6,108.29,22.0,46.2,10.4,30.7,6.2,44.4,7.0,1475.0,19.0,4.0,0
9547,Female,Canada,Montreal,2072.9,61.6,0.0,113.26,16.0,29.4,10.4,21.5,4.5,14.5,7.0,2050.0,7.0,3.0,1
9556,Male,Germany,Cologne,2155.72,62.5,17.6,164.73,11.0,28.2,7.2,21.3,21.9,32.2,7.0,3724.0,13.0,2.0,1
9581,Female,USA,Chicago,1906.74,43.3,45.4,82.56,20.0,32.7,13.5,26.1,5.7,47.7,7.0,3958.0,20.0,1.0,0
9616,Female,France,Paris,2245.39,33.3,59.5,121.73,21.0,56.6,18.1,33.7,4.7,63.6,8.0,4333.0,16.0,6.0,0
9629,Male,Germany,Hamburg,2031.5,35.1,20.4,85.18,20.0,44.3,11.0,20.0,,72.7,8.0,3697.0,28.0,3.0,0
9641,Female,USA,New York,1167.78,74.7,17.7,66.34,19.5,35.2,6.7,27.3,,29.2,5.0,3557.0,8.0,3.0,0
9662,Male,Germany,Hamburg,1189.12,33.5,15.9,90.11,14.0,34.1,9.7,31.6,4.1,48.1,10.0,3141.0,24.0,6.0,0
9693,Female,Australia,Perth,889.94,59.1,31.1,71.63,15.0,37.5,13.6,37.7,5.4,46.9,9.0,2829.0,19.0,5.0,0
9704,Female,USA,Chicago,853.79,44.6,33.2,46.4,17.0,44.8,10.1,26.8,3.6,11.6,3.0,938.0,17.0,7.0,0
9735,Male,Germany,Munich,2215.06,58.2,17.5,130.34,18.0,33.1,7.0,23.7,,16.0,2.0,2100.0,15.0,0.0,1
9742,Female,USA,Phoenix,2272.88,54.4,4.8,169.96,15.0,9.5,8.2,13.4,1.9,16.4,4.0,961.0,5.0,3.0,1
9793,Female,USA,Chicago,2325.33,65.9,28.5,126.45,20.0,46.9,12.4,31.1,6.9,49.5,9.0,873.0,14.0,2.0,0
9797,Female,Germany,Berlin,1766.17,37.9,25.5,75.33,21.0,47.6,15.3,37.2,7.2,75.3,9.0,4564.0,21.0,4.0,0
9830,Male,UK,Leeds,1332.24,34.2,35.8,82.48,19.0,38.8,10.2,32.7,0.2,43.4,6.0,3336.0,18.0,6.0,0
9842,Female,USA,Houston,2464.4,58.7,8.4,200.82,11.0,24.5,4.9,8.8,5.1,10.1,2.0,1259.0,7.0,3.0,1
9863,Female,France,Paris,948.06,37.7,29.1,83.68,14.0,42.5,11.9,27.9,0.1,47.6,4.0,3206.0,18.0,7.0,0
9887,Female,USA,Phoenix,1045.6,29.2,20.5,71.25,14.0,29.6,9.8,16.3,,62.7,8.0,2528.0,14.0,7.0,0
9891,Male,Japan,Tokyo,1922.28,89.9,4.5,147.67,12.0,10.7,6.3,11.9,0.7,0.0,0.0,883.0,9.0,0.0,1
9924,Female,UK,Manchester,878.05,60.2,3.3,92.26,9.0,19.7,7.1,15.8,11.2,32.9,10.0,1611.0,14.0,2.0,0
9940,Other,USA,Houston,1590.4,62.4,17.2,109.59,16.0,52.6,13.6,21.6,1.5,63.5,9.0,1531.0,22.0,7.0,0
10004,Female,USA,Houston,1368.7,43.8,29.0,67.13,17.0,30.3,10.1,19.4,13.3,50.6,6.0,2604.0,19.0,8.0,0
10043,Female,Germany,Cologne,1497.37,56.0,1.2,154.42,15.6,10.1,6.1,12.5,6.0,6.5,2.0,1021.0,10.0,3.0,0
10049,Female,USA,Los Angeles,1648.42,50.7,14.5,135.46,14.0,33.9,11.0,26.8,23.5,10.1,11.0,2730.0,14.0,4.0,0
10113,Male,Japan,Tokyo,2077.25,35.9,41.9,154.09,12.0,28.4,12.4,21.0,15.1,40.0,5.0,3007.0,19.0,4.0,0
10127,Female,Japan,Yokohama,1945.03,58.5,48.1,124.75,19.0,33.8,11.0,23.8,5.6,13.2,2.0,3109.0,16.0,4.0,1
10129,Male,Japan,Tokyo,1208.08,49.5,29.1,115.24,16.900000000000002,42.9,10.1,33.2,6.6,21.3,8.0,396.0,12.0,3.0,0
10133,Male,France,Paris,2047.51,45.0,47.4,117.87,19.0,52.2,14.4,38.7,7.9,59.5,8.0,3458.0,22.0,4.0,0
10134,Female,Japan,Osaka,2716.86,40.2,24.5,204.21,20.8,33.4,15.7,27.6,11.1,28.9,5.0,3854.0,10.0,4.0,1
10199,Female,France,Toulouse,1025.16,51.6,45.0,57.63,18.0,45.8,10.7,37.1,7.2,46.2,6.0,310.0,17.0,4.0,0
10270,Female,France,Marseille,1472.8,45.5,40.4,129.02,16.900000000000002,26.3,10.5,25.5,6.6,46.7,10.0,2094.0,18.0,2.0,0
10293,Male,Germany,Berlin,1904.47,44.8,12.3,149.06,12.0,40.0,11.3,28.4,20.1,27.6,8.0,674.0,19.0,1.0,1
10295,Female,France,Nice,898.51,40.4,25.8,79.54,12.0,27.4,12.0,19.7,0.3,46.7,4.0,2691.0,16.0,8.0,0
10326,Male,USA,Chicago,1750.67,31.3,49.3,108.16,19.0,41.4,14.3,28.7,4.3,44.8,10.0,4197.0,15.0,2.0,0
10357,Male,Canada,Vancouver,1606.58,52.4,34.3,96.59,19.5,28.4,5.0,12.2,4.9,14.9,2.0,2252.0,3.0,2.0,0
10367,Male,UK,Birmingham,2564.61,57.2,16.7,182.66,14.0,33.7,11.6,23.3,2.7,33.1,6.0,2873.0,20.0,1.0,1
10403,Female,Canada,Montreal,1458.68,63.8,2.8,96.73,18.2,26.3,5.3,23.0,,2.7,5.0,1513.0,9.0,2.0,0
10444,Male,USA,Los Angeles,1005.97,47.1,55.5,79.66,12.0,31.2,14.6,27.6,,46.8,9.0,3655.0,11.0,2.0,0
10457,Male,USA,Houston,852.67,54.0,19.7,77.37,15.6,35.0,7.2,18.4,,45.3,5.0,3064.0,6.0,6.0,0
10500,Male,Canada,Toronto,1496.64,21.4,38.2,85.04,16.0,37.5,15.2,22.3,2.5,75.8,9.0,3523.0,29.0,6.0,1
10506,Male,USA,Phoenix,1291.61,46.2,19.4,121.95,11.7,25.5,8.3,14.6,6.9,16.9,10.0,2736.0,17.0,0.0,0
10541,Male,UK,Leeds,2382.07,41.5,48.4,124.25,21.0,44.1,15.0,20.7,6.7,67.0,10.0,4636.0,21.0,4.0,0
10556,Female,USA,Chicago,1563.84,45.3,39.2,93.8,18.2,30.2,12.4,22.5,12.7,64.5,7.0,874.0,20.0,7.0,0
10615,Male,USA,Phoenix,2603.27,47.0,5.3,209.83,12.0,36.9,6.3,17.5,7.6,32.5,4.0,1865.0,12.0,5.0,0
10616,Male,France,Toulouse,1301.43,56.5,37.0,99.54,13.0,28.7,14.4,28.6,1.3,60.2,7.0,3515.0,15.0,8.0,0
10641,Male,Canada,Montreal,1050.62,55.2,23.8,87.45,16.900000000000002,33.8,10.0,20.9,2.3,27.3,8.0,1764.0,12.0,2.0,0
10647,Female,USA,Chicago,1853.6,51.9,45.7,86.71,18.0,38.8,13.8,29.6,,70.2,3.0,2631.0,21.0,4.0,0
10655,Female,USA,Chicago,1613.55,82.8,11.7,120.79,15.6,15.6,4.5,7.4,,18.4,3.0,285.0,3.0,4.0,1
10748,Female,UK,Manchester,1827.84,26.3,31.3,115.56,19.5,34.0,11.9,21.8,10.7,54.5,9.0,3793.0,23.0,7.0,1
10764,Male,France,Marseille,1433.25,66.3,25.4,251.94,6.5,19.6,3.9,14.9,0.9,25.8,4.0,931.0,6.0,1.0,0
10775,Female,USA,Houston,1361.42,45.6,27.5,78.36,20.0,33.0,16.6,26.9,14.7,56.2,7.0,2326.0,18.0,6.0,0
10785,Female,Australia,Melbourne,1134.13,43.4,30.5,85.89,18.2,41.5,11.9,30.1,1.9,30.0,7.0,1499.0,7.0,5.0,0
10794,Male,USA,Los Angeles,2049.73,38.8,24.4,106.86,23.0,37.9,14.5,34.7,3.1,65.3,5.0,1478.0,17.0,4.0,0
10807,Female,USA,Phoenix,1693.1,48.4,39.2,111.39,18.2,28.9,7.3,17.5,6.3,46.5,10.0,1980.0,19.0,5.0,0
10816,Female,India,Mumbai,1339.49,37.4,16.3,80.49,17.0,35.7,10.1,20.9,1.0,21.8,3.0,2141.0,13.0,7.0,0
10823,Male,Germany,Cologne,794.87,44.8,23.7,53.92,16.900000000000002,21.7,12.9,17.5,3.7,40.3,6.0,2881.0,11.0,5.0,0
10847,Female,Japan,Kyoto,1103.31,30.3,47.7,65.1,16.0,49.4,12.2,18.0,1.2,60.9,9.0,2312.0,26.0,5.0,0
10851,Female,USA,New York,2124.07,52.4,12.8,102.18,18.0,34.4,6.9,21.9,2.6,28.2,3.0,1641.0,12.0,2.0,1
10877,Female,India,Bangalore,1075.74,55.5,24.7,96.76,16.900000000000002,31.5,9.9,28.6,11.5,73.7,7.0,1596.0,17.0,2.0,0
10891,Male,USA,New York,1640.61,49.9,31.5,134.26,16.900000000000002,38.1,10.7,32.2,,39.8,7.0,1480.0,15.0,7.0,0
10936,Female,Australia,Melbourne,2463.12,47.5,38.5,160.41,16.900000000000002,35.2,11.7,22.3,6.0,62.8,6.0,3555.0,20.0,1.0,1
10967,Female,Canada,Toronto,2180.63,51.6,33.9,143.91,14.0,35.5,11.7,41.2,6.6,24.5,8.0,4306.0,22.0,3.0,1
10999,Female,USA,Houston,2239.37,71.5,23.5,172.19,12.0,21.7,7.3,8.9,4.5,0.0,5.0,1053.0,3.0,1.0,1
11041,Male,USA,Houston,2457.45,48.1,29.7,159.61,16.0,35.4,12.7,21.3,5.0,18.2,3.0,1960.0,13.0,5.0,0
11054,Female,USA,Houston,2155.07,49.8,44.4,163.83,12.0,42.3,8.2,22.4,8.3,34.9,7.0,2895.0,10.0,3.0,0
11064,Female,USA,Phoenix,1275.63,72.1,31.9,91.68,18.2,28.7,5.5,15.5,1.1,29.3,1.0,1645.0,9.0,1.0,0
11065,Female,India,Chennai,1763.13,56.5,29.3,96.1,21.0,42.6,14.2,30.4,5.4,55.0,6.0,891.0,17.0,4.0,0
11118,Female,USA,Phoenix,1800.29,35.5,33.4,113.35,20.8,34.1,10.5,20.5,0.9,44.6,8.0,1607.0,15.0,2.0,0
11138,Female,India,Bangalore,932.15,45.5,37.2,48.18,17.0,39.0,11.5,23.0,5.0,48.8,10.0,2307.0,14.0,1.0,0
11178,Male,India,Chennai,1359.29,20.2,29.2,97.12,17.0,38.3,12.8,27.8,3.3,40.8,11.0,2789.0,20.0,3.0,0
11188,Female,Canada,Ottawa,1800.68,63.1,30.6,90.07,20.0,22.3,7.6,20.6,,49.8,4.0,1041.0,12.0,2.0,0
11210,Male,USA,New York,1367.63,34.8,33.5,72.99,19.0,42.9,11.7,40.0,1.6,62.3,10.0,2291.0,17.0,5.0,0
11219,Female,USA,Phoenix,1511.25,47.9,26.0,94.58,19.5,32.9,13.8,16.4,9.3,30.1,3.0,2384.0,13.0,4.0,0
11240,Female,France,Toulouse,2435.08,63.5,31.3,213.64,10.0,24.8,10.1,19.7,3.5,50.3,8.0,2721.0,23.0,3.0,0
11242,Male,France,Toulouse,1305.88,27.9,32.2,70.82,20.0,47.5,16.9,26.0,3.9,46.3,7.0,3417.0,17.0,6.0,0
11266,Female,USA,Houston,1380.73,46.8,41.0,67.28,19.0,46.1,15.4,36.4,3.6,49.8,5.0,3932.0,23.0,4.0,0
11281,Male,Canada,Vancouver,1868.13,43.9,10.3,108.42,17.0,30.3,12.9,31.2,3.0,66.3,4.0,937.0,8.0,6.0,0
11313,Male,Japan,Yokohama,2709.23,27.8,47.4,207.23,14.0,42.8,10.7,25.2,,49.0,6.0,3830.0,14.0,6.0,0
11315,Female,USA,Chicago,2526.98,39.2,21.1,152.8,17.0,44.5,8.5,26.6,3.6,35.2,7.0,2135.0,27.0,4.0,0
11343,Female,USA,Chicago,1604.9,58.2,27.2,111.9,17.0,30.4,10.5,21.9,1.4,26.4,10.0,965.0,14.0,4.0,0
11345,Male,USA,Chicago,1946.23,46.1,31.2,117.64,19.5,29.0,9.7,19.9,1.7,11.4,3.0,2011.0,6.0,3.0,0
11346,Female,UK,Glasgow,1083.64,65.7,41.1,58.16,16.0,27.5,9.9,28.4,2.7,37.7,3.0,2939.0,14.0,8.0,0
11348,Female,UK,Leeds,1953.52,54.1,24.2,119.89,20.0,33.6,7.5,24.8,,59.0,7.0,2259.0,13.0,3.0,1
11352,Male,India,Delhi,1953.31,52.2,36.2,99.56,17.0,30.3,9.1,34.6,,32.1,7.0,3690.0,22.0,7.0,0
11356,Female,France,Paris,1816.27,52.9,24.6,147.13,11.0,24.9,12.5,28.5,6.7,43.6,10.0,3912.0,12.0,3.0,0
11357,Male,Australia,Brisbane,2075.36,30.8,33.5,125.5,17.0,38.4,10.4,26.3,1.5,61.9,11.0,3014.0,13.0,3.0,1
11369,Male,Canada,Toronto,1532.88,68.4,21.1,124.71,18.2,26.8,8.4,15.3,3.2,32.0,4.0,3327.0,14.0,4.0,0
11371,Female,France,Toulouse,1543.79,39.7,44.2,119.2,11.0,35.4,12.5,27.0,3.0,42.6,3.0,3056.0,19.0,3.0,0
11389,Female,USA,Chicago,1907.69,36.5,41.7,107.44,21.0,35.7,11.1,31.0,8.3,51.2,6.0,3329.0,23.0,2.0,1
11400,Female,Canada,Montreal,1580.35,64.7,33.7,78.76,17.0,22.7,5.7,11.1,3.0,44.7,9.0,3496.0,15.0,3.0,0
11414,Female,USA,Houston,1236.95,43.9,31.4,83.24,16.0,26.5,9.5,22.8,15.5,24.9,3.0,2146.0,27.0,8.0,0
11422,Female,UK,London,1343.15,33.7,33.6,97.28,17.0,42.5,12.4,27.7,11.7,81.6,7.0,3652.0,14.0,5.0,0
11423,Male,France,Lyon,1476.52,58.8,14.6,70.42,21.0,39.0,13.5,30.1,1.9,75.4,7.0,1844.0,16.0,5.0,0
11433,Female,Australia,Sydney,1956.11,48.8,27.6,171.05,10.0,32.0,7.7,25.1,6.5,26.7,5.0,3354.0,16.0,6.0,1
11464,Female,Australia,Adelaide,1109.74,51.9,21.1,70.75,18.2,25.6,8.0,23.6,7.3,16.4,6.0,1929.0,12.0,4.0,0
11488,Female,Germany,Berlin,517.37,64.7,12.5,209.85,3.0,9.2,6.2,9.9,7.3,0.0,3.0,1673.0,1.0,1.0,0
11494,Female,Canada,Vancouver,1924.13,35.4,26.7,148.17,11.0,31.5,10.8,19.4,10.0,24.6,8.0,232.0,9.0,5.0,1
11495,Other,UK,Leeds,2118.38,32.7,32.6,141.46,18.2,28.3,12.2,19.7,6.4,28.2,9.0,2257.0,8.0,4.0,0
11502,Male,Canada,Toronto,1952.91,67.3,32.8,141.49,14.0,17.5,7.8,19.3,7.2,1.7,7.0,1954.0,5.0,0.0,1
11537,Female,USA,Phoenix,1922.3,22.8,7.8,117.12,15.0,28.8,11.0,20.5,,63.3,4.0,3161.0,26.0,5.0,0
11549,Female,Japan,Kyoto,2410.17,40.9,26.2,176.41,13.0,34.0,9.0,24.9,12.1,11.8,6.0,2559.0,28.0,4.0,1
11587,Male,UK,Leeds,2071.85,58.2,20.4,132.55,14.0,27.8,8.0,18.0,1.6,23.6,4.0,2079.0,4.0,5.0,0
11677,Male,USA,Houston,1070.63,47.7,5.9,97.86,15.6,25.5,9.3,18.1,9.3,61.2,9.0,2232.0,16.0,1.0,0
11703,Male,USA,Phoenix,1012.19,21.6,34.0,71.23,17.0,31.9,12.0,35.4,2.3,42.6,8.0,2295.0,16.0,3.0,0
11712,Other,Germany,Hamburg,1842.92,48.7,19.4,124.42,19.5,36.6,11.0,21.5,1.4,41.5,5.0,2800.0,21.0,1.0,0
11747,Female,USA,Phoenix,2316.01,34.0,36.2,138.89,15.0,27.9,6.8,23.2,7.1,31.9,5.0,2512.0,24.0,4.0,1
11760,Male,USA,Houston,1848.28,61.7,29.4,117.75,15.0,27.7,10.6,29.5,1.9,13.6,4.0,2937.0,7.0,7.0,0
11835,Female,USA,Houston,2208.57,57.3,18.0,152.45,16.0,26.8,6.7,19.0,4.8,26.7,7.0,3174.0,9.0,1.0,1
11906,Male,India,Mumbai,1979.92,33.7,25.3,138.54,12.0,37.3,9.2,23.1,2.6,25.5,3.0,3734.0,16.0,3.0,1
11941,Male,USA,Chicago,1063.59,41.4,37.0,70.5,15.0,40.1,12.8,28.4,2.9,33.5,10.0,2488.0,12.0,6.0,0
11969,Male,Germany,Cologne,2783.32,50.9,25.2,250.21,10.0,26.6,9.9,26.2,6.1,55.7,5.0,1557.0,11.0,2.0,0
11970,Male,France,Paris,1891.3,15.1,21.5,112.56,20.8,48.2,13.8,30.4,0.5,60.7,8.0,3475.0,22.0,6.0,1
11973,Male,France,Toulouse,1870.27,36.8,19.9,141.43,12.0,24.9,11.0,23.2,4.8,22.8,10.0,3248.0,16.0,2.0,0
11976,Male,Canada,Montreal,2197.24,43.5,24.3,140.48,19.5,48.0,14.4,31.8,2.5,72.1,5.0,3949.0,26.0,1.0,0
11993,Male,USA,Phoenix,1178.09,39.8,51.4,63.27,18.0,47.9,15.9,34.0,11.8,58.7,6.0,2322.0,12.0,4.0,0
12054,Female,Australia,Brisbane,1862.06,55.3,0.2,157.43,11.0,29.2,11.0,21.4,9.9,21.9,9.0,4449.0,14.0,4.0,0
12088,Female,France,Marseille,1474.16,50.2,31.6,112.72,18.2,30.5,11.1,18.6,,24.8,7.0,2045.0,13.0,2.0,0
12100,Female,Japan,Yokohama,1543.87,35.6,45.2,104.88,17.0,37.9,15.5,28.1,12.0,59.5,8.0,4118.0,13.0,2.0,0
12160,Male,USA,Houston,1551.92,43.3,40.2,95.71,17.0,47.0,11.4,33.1,5.5,80.6,6.0,3775.0,24.0,3.0,0
12219,Male,Japan,Tokyo,1384.88,24.0,42.7,94.86,13.0,43.1,13.4,27.8,2.6,43.5,8.0,4055.0,13.0,3.0,0
12251,Male,Canada,Montreal,1960.15,53.8,11.4,109.4,15.0,19.3,2.1,12.8,,13.8,3.0,2346.0,1.0,3.0,1
12293,Male,USA,Houston,1942.07,43.7,0.0,133.7,19.5,31.9,8.8,22.2,18.9,10.4,3.0,72.0,8.0,3.0,1
12308,Male,USA,Houston,1831.69,49.7,32.0,137.26,19.5,34.2,10.8,20.1,13.8,31.4,4.0,1818.0,10.0,2.0,0
12343,Male,USA,Chicago,955.61,58.5,17.7,88.42,16.900000000000002,38.3,11.8,10.2,13.4,37.2,7.0,1933.0,12.0,2.0,0
12361,Male,USA,Houston,2153.5,45.3,41.3,120.96,18.0,42.2,14.3,29.4,4.8,60.9,7.0,3574.0,19.0,6.0,1
12364,Male,Canada,Calgary,2376.59,37.9,27.9,146.73,15.0,31.8,11.5,24.0,1.5,12.3,5.0,3191.0,9.0,2.0,1
12445,Female,USA,Los Angeles,1501.13,36.0,49.3,60.51,21.0,49.0,14.2,35.3,3.7,63.9,7.0,3254.0,29.0,4.0,0
12460,Female,Australia,Melbourne,1698.19,44.5,34.1,122.07,17.0,36.5,12.0,24.8,5.6,43.2,8.0,1901.0,11.0,0.0,0
12464,Female,Australia,Melbourne,1599.35,46.0,30.0,87.72,21.0,44.2,14.9,32.7,16.9,61.8,9.0,2603.0,17.0,5.0,0
12466,Male,USA,New York,1100.04,57.7,30.3,91.78,16.900000000000002,29.4,9.5,16.2,13.0,55.6,7.0,2507.0,14.0,3.0,1
12472,Male,UK,Leeds,1789.64,35.8,39.8,71.55,21.0,31.8,11.1,31.9,2.4,59.2,8.0,3585.0,28.0,6.0,0
12475,Male,UK,Manchester,785.4,40.4,22.5,56.08,16.0,42.6,13.7,32.2,,61.3,7.0,2538.0,15.0,4.0,0
12488,Other,USA,New York,2403.61,46.5,17.8,164.92,16.0,30.3,8.3,19.7,,40.4,5.0,2343.0,7.0,1.0,1
12506,Female,USA,Phoenix,2115.91,49.9,33.2,152.89,17.0,39.2,17.2,29.8,10.2,31.0,7.0,3216.0,19.0,8.0,0
12561,Male,Australia,Perth,950.89,16.6,38.2,47.25,18.0,40.6,14.7,34.9,9.2,76.3,9.0,1460.0,16.0,4.0,0
12572,Male,UK,Manchester,2224.26,44.7,30.5,116.6,23.4,35.3,16.3,34.1,11.1,50.8,6.0,4228.0,19.0,4.0,0
12574,Female,France,Nice,2132.74,57.2,31.4,129.41,18.0,32.3,8.3,32.6,11.4,62.8,7.0,3553.0,6.0,6.0,0
12577,Female,Japan,Kyoto,1900.65,67.9,19.4,164.57,16.900000000000002,24.9,7.8,12.1,9.3,28.9,6.0,1631.0,24.0,6.0,0
12583,Male,USA,Houston,1093.91,43.2,50.9,69.57,17.0,33.2,10.4,39.6,4.4,42.6,4.0,2141.0,30.0,3.0,0
12585,Male,India,Mumbai,1392.36,49.3,24.4,107.9,15.0,41.8,13.2,34.1,5.6,15.3,10.0,2485.0,24.0,6.0,0
12605,Male,USA,Phoenix,1769.74,56.9,28.6,137.15,13.0,32.8,11.8,24.3,1.5,38.2,10.0,1496.0,15.0,1.0,0
12662,Female,India,Delhi,2106.97,38.5,19.3,152.34,13.0,39.6,12.4,23.1,3.0,10.3,8.0,2577.0,14.0,2.0,1
12692,Female,Germany,Hamburg,1773.77,35.0,31.0,112.76,18.0,45.9,14.9,29.5,15.4,43.1,7.0,5137.0,28.0,2.0,1
12822,Male,USA,Phoenix,2426.76,50.2,5.0,182.77,13.0,34.3,11.3,15.2,2.1,45.3,8.0,3563.0,15.0,3.0,0
12827,Female,Canada,Calgary,1110.85,46.7,38.7,49.24,19.0,44.8,12.8,34.5,2.8,66.2,5.0,2763.0,18.0,2.0,0
12829,Female,Canada,Ottawa,1887.46,44.9,39.4,115.32,18.2,34.4,7.8,27.5,13.1,19.8,10.0,2962.0,10.0,3.0,0
12859,Female,USA,New York,1430.31,43.9,30.5,117.58,18.2,41.7,12.0,18.5,9.3,57.5,3.0,2519.0,15.0,4.0,1
12878,Male,USA,New York,1264.21,52.0,8.4,82.77,16.900000000000002,29.8,4.4,9.0,,66.8,8.0,1287.0,7.0,3.0,0
12898,Male,UK,Leeds,1779.06,56.8,11.5,124.5,13.0,18.8,8.2,32.7,4.2,10.1,2.0,1355.0,16.0,6.0,1
12916,Female,Australia,Melbourne,1383.36,55.2,28.2,128.66,16.900000000000002,24.1,14.6,23.3,6.2,53.8,4.0,2956.0,6.0,1.0,0
12932,Other,USA,New York,2294.71,30.0,38.2,137.08,22.1,43.2,16.4,24.6,7.8,68.0,10.0,3564.0,14.0,6.0,0
12948,Female,India,Mumbai,1316.09,43.8,45.7,86.78,17.0,35.8,15.0,31.4,3.3,62.8,9.0,3226.0,11.0,7.0,0
12988,Female,Japan,Yokohama,1176.25,41.9,35.4,79.58,18.2,37.3,10.4,23.7,1.7,36.5,3.0,3782.0,19.0,4.0,0
13052,Female,UK,Leeds,2049.97,39.0,32.2,91.29,19.0,40.4,14.1,43.5,0.7,61.0,9.0,5054.0,25.0,4.0,0
13077,Male,Japan,Nagoya,2485.55,49.3,25.8,141.86,19.0,34.0,8.9,10.8,0.5,38.6,5.0,4708.0,11.0,3.0,0
13082,Female,Japan,Nagoya,2524.19,39.5,26.1,179.33,16.0,39.5,10.2,19.7,0.5,52.0,10.0,3279.0,21.0,4.0,1
13084,Other,India,Mumbai,2347.26,49.8,37.4,130.63,19.5,36.0,9.5,32.2,1.3,30.4,7.0,3141.0,18.0,7.0,1
13092,Female,USA,Chicago,1799.4,75.6,1.4,143.9,14.3,9.2,4.2,6.8,8.8,0.0,0.0,437.0,4.0,1.0,1
13109,Female,Japan,Kyoto,950.88,58.6,39.7,90.44,16.900000000000002,25.0,8.7,24.3,6.2,17.5,2.0,2298.0,16.0,2.0,0
13149,Female,USA,Houston,1206.03,52.2,35.4,72.71,19.5,37.2,11.8,20.5,13.0,25.9,5.0,2347.0,15.0,4.0,0
13176,Female,India,Mumbai,2172.09,40.4,21.1,125.46,17.0,35.3,11.8,25.4,0.4,18.9,2.0,3426.0,11.0,2.0,0
13182,Male,USA,New York,2191.63,46.5,12.1,116.31,18.0,30.8,11.0,31.8,2.1,57.4,7.0,3294.0,27.0,5.0,0
13186,Male,UK,Leeds,2380.26,48.8,31.9,140.83,20.8,32.1,12.2,30.2,13.6,37.5,5.0,1557.0,21.0,6.0,0
13211,Female,France,Paris,1557.73,77.2,23.0,122.94,14.3,16.1,5.7,6.4,1.2,34.3,8.0,98.0,9.0,4.0,0
13212,Male,India,Mumbai,1598.61,42.4,5.1,121.68,18.2,21.5,8.8,22.9,2.1,6.1,7.0,2096.0,11.0,3.0,0
13225,Female,Germany,Frankfurt,1595.32,70.6,21.0,99.72,19.5,24.8,9.6,8.1,6.2,22.0,2.0,1219.0,11.0,3.0,0
13229,Male,France,Toulouse,1334.45,55.8,26.3,96.41,18.2,37.0,13.0,22.1,2.3,46.5,3.0,3319.0,25.0,2.0,0
13241,Female,UK,Glasgow,2325.11,48.8,22.3,164.98,20.8,36.8,8.1,29.2,7.6,30.1,4.0,2152.0,20.0,3.0,0
13246,Male,Germany,Munich,409.25,50.4,35.1,50.53,10.0,34.4,13.0,19.1,0.8,55.5,10.0,2504.0,9.0,4.0,0
13262,Female,UK,Birmingham,2196.86,60.9,0.0,184.14,18.2,26.2,9.3,25.7,1.4,15.5,2.0,1941.0,11.0,3.0,1
13286,Male,Japan,Yokohama,1638.59,39.9,52.2,100.38,19.0,27.4,12.1,28.6,9.4,60.1,9.0,4249.0,23.0,6.0,0
13293,Male,Australia,Brisbane,1332.19,72.4,14.6,89.08,19.5,28.1,9.1,22.1,20.0,36.1,3.0,944.0,15.0,3.0,0
13296,Male,France,Lyon,979.97,43.2,36.6,53.21,19.0,37.5,16.5,24.5,7.5,55.8,6.0,3854.0,23.0,3.0,0
13321,Female,USA,Los Angeles,2028.24,20.5,23.3,99.52,18.0,43.4,15.6,30.6,,37.6,9.0,1261.0,26.0,6.0,0
13325,Male,USA,Chicago,2338.22,71.5,25.8,221.58,9.0,27.7,9.5,23.7,3.4,29.8,4.0,2295.0,18.0,7.0,1
13344,Male,USA,Los Angeles,1762.33,49.8,41.6,100.68,18.0,30.5,10.1,26.7,0.8,73.5,7.0,1634.0,18.0,7.0,0
13358,Male,Canada,Montreal,1773.84,68.2,9.6,149.05,14.3,17.3,3.7,25.5,6.6,2.9,4.0,890.0,1.0,5.0,0
13366,Female,USA,Chicago,1305.57,44.4,13.1,96.07,16.0,26.7,10.4,29.2,2.9,69.6,9.0,1770.0,12.0,5.0,0
13369,Female,UK,London,2594.38,34.4,22.1,151.26,20.8,34.2,14.4,30.9,3.9,64.3,6.0,1558.0,22.0,2.0,0
13370,Female,UK,Glasgow,2163.68,38.2,28.4,113.89,22.0,31.5,13.0,26.9,12.8,62.4,6.0,3356.0,19.0,3.0,0
13374,Male,Germany,Cologne,1218.82,39.5,28.7,83.63,17.0,34.2,12.9,31.1,1.5,68.0,2.0,2455.0,17.0,3.0,0
13442,Female,France,Lyon,884.13,59.4,22.6,88.83,15.6,11.6,5.5,19.8,16.3,39.0,2.0,1684.0,3.0,0.0,0
13468,Female,India,Hyderabad,2265.1,53.1,28.1,165.36,14.0,31.1,5.9,14.4,10.6,33.7,4.0,1782.0,16.0,6.0,1
13539,Male,Australia,Brisbane,1055.79,43.8,41.2,100.5,16.900000000000002,25.2,14.5,24.1,7.6,35.8,4.0,3838.0,19.0,3.0,0
13564,Male,USA,Phoenix,1265.67,63.4,26.0,112.21,16.900000000000002,21.2,9.1,14.1,9.3,19.3,2.0,2479.0,3.0,0.0,0
13580,Female,USA,New York,3657.52,42.6,31.3,322.9,14.3,22.3,7.1,15.4,4.7,0.0,8.0,1757.0,18.0,3.0,1
13660,Female,Australia,Sydney,2393.88,40.4,39.1,126.46,19.0,45.0,10.3,23.9,17.2,42.7,5.0,3436.0,14.0,2.0,0
13687,Female,Japan,Yokohama,1093.16,48.1,34.0,94.75,12.0,29.6,7.6,25.8,0.9,32.3,5.0,2848.0,14.0,8.0,0
13694,Male,Germany,Cologne,915.67,49.9,11.0,70.01,16.900000000000002,27.2,10.2,18.9,10.9,58.4,7.0,1844.0,13.0,4.0,0
13746,Female,USA,Los Angeles,2313.45,46.4,33.0,143.74,18.0,39.4,14.6,26.4,8.7,23.1,9.0,1773.0,9.0,6.0,0
13758,Female,UK,Birmingham,2888.09,69.2,18.3,226.5,15.0,30.1,7.9,34.2,5.7,19.7,6.0,2194.0,19.0,5.0,0
13760,Female,India,Delhi,1413.58,34.9,35.5,70.31,18.0,39.0,14.6,34.0,1.0,25.4,10.0,2179.0,23.0,3.0,0
13844,Female,UK,Birmingham,1805.52,51.4,43.4,99.66,20.8,40.2,12.7,30.3,9.8,18.9,7.0,1773.0,18.0,4.0,0
13857,Male,Japan,Kyoto,1928.54,22.8,43.0,101.95,18.0,42.3,15.0,33.2,3.9,58.2,4.0,3846.0,19.0,4.0,0
13865,Male,UK,Glasgow,1261.37,63.7,22.1,99.67,16.900000000000002,29.0,12.1,25.7,2.5,45.6,9.0,1325.0,13.0,3.0,0
13941,Male,UK,London,2072.18,13.5,38.7,98.02,20.0,38.8,12.8,24.8,2.4,61.5,3.0,4739.0,17.0,5.0,0
13969,Male,India,Mumbai,2886.68,68.0,30.6,248.84,11.0,27.0,6.5,8.5,4.5,24.5,3.0,906.0,8.0,2.0,1
13988,Male,Australia,Sydney,1738.48,43.6,49.3,117.39,16.0,41.9,14.9,18.6,11.1,68.4,11.0,2640.0,21.0,3.0,0
13991,Female,USA,New York,2205.96,66.2,19.1,171.19,13.0,25.4,10.3,25.4,4.8,35.4,3.0,1785.0,12.0,6.0,0
13994,Female,Germany,Cologne,2144.63,26.5,48.2,106.21,19.0,42.7,11.7,30.5,5.0,56.3,8.0,6061.0,31.0,5.0,0
14020,Male,USA,New York,1788.27,78.2,0.0,128.37,16.900000000000002,18.0,7.7,10.1,5.6,4.8,2.0,890.0,14.0,4.0,0
14041,Female,Australia,Perth,1314.97,34.9,46.4,66.31,18.0,39.4,13.7,36.9,,36.7,9.0,2747.0,17.0,1.0,0
14053,Female,Australia,Perth,2146.47,42.4,23.1,132.95,15.0,45.3,11.5,25.6,7.6,59.6,7.0,2681.0,19.0,4.0,1
14065,Female,USA,Chicago,1046.12,48.7,28.7,69.05,18.0,30.3,13.7,22.4,0.5,43.2,5.0,1188.0,18.0,5.0,0
14085,Male,Canada,Calgary,1790.04,45.0,15.7,109.55,20.8,33.5,9.8,21.8,4.5,4.4,4.0,3170.0,12.0,4.0,0
14103,Female,Germany,Hamburg,1854.61,16.4,27.5,120.39,18.0,42.5,11.5,32.4,4.5,64.1,4.0,5370.0,26.0,5.0,0
14129,Female,Australia,Perth,1892.74,52.3,41.2,119.49,14.0,39.6,11.8,23.9,0.2,57.1,8.0,3804.0,15.0,5.0,1
14140,Female,USA,New York,2044.05,61.5,14.9,113.75,15.0,26.1,10.2,8.7,5.5,50.5,2.0,0.0,0.0,2.0,1
14142,Female,USA,New York,1301.71,61.2,18.1,84.32,18.2,35.0,12.4,22.4,6.0,47.4,5.0,2733.0,16.0,6.0,0
14143,Female,UK,Birmingham,2315.49,50.5,18.3,154.64,15.0,23.1,8.6,15.9,19.8,1.8,3.0,2097.0,13.0,2.0,1
14163,Male,France,Lyon,1573.16,63.2,39.1,139.89,10.0,36.8,9.1,34.9,1.1,33.3,1.0,2805.0,10.0,5.0,0
14171,Female,Australia,Sydney,1080.66,55.2,23.1,69.48,17.0,36.4,13.5,16.4,9.4,42.7,10.0,3732.0,11.0,2.0,1
14207,Female,Germany,Hamburg,1482.34,49.9,27.5,116.84,14.0,41.0,8.6,27.5,6.0,43.9,8.0,1214.0,9.0,7.0,0
14250,Female,USA,Phoenix,1723.62,32.5,50.0,68.98,21.0,44.2,15.1,41.1,2.4,52.2,8.0,4892.0,24.0,4.0,0
14253,Male,USA,Los Angeles,2574.09,29.0,23.1,166.27,16.900000000000002,26.9,8.2,28.2,6.8,32.1,4.0,2202.0,10.0,4.0,0
14306,Male,Australia,Sydney,2580.56,62.9,17.3,217.25,11.0,32.2,10.5,21.5,2.4,22.6,5.0,3423.0,9.0,2.0,0
14355,Male,India,Bangalore,1711.42,33.5,46.8,105.09,19.0,37.8,15.8,30.2,2.6,75.0,8.0,3772.0,24.0,7.0,0
14391,Female,Australia,Adelaide,1173.51,36.2,7.6,107.47,16.900000000000002,39.5,12.4,22.0,1.5,39.9,5.0,2286.0,20.0,5.0,0
14411,Female,Australia,Adelaide,1048.67,68.9,6.9,237.59,4.0,19.4,5.6,10.1,4.3,1.4,1.0,0.0,3.0,1.0,0
14417,Male,USA,Chicago,1924.46,31.0,37.8,78.19,23.0,49.6,16.8,30.8,5.4,48.9,7.0,3311.0,15.0,7.0,1
14440,Other,Australia,Melbourne,876.13,63.7,20.6,72.45,14.3,25.5,8.0,8.8,9.8,10.2,1.0,0.0,14.0,6.0,0
14454,Male,UK,Leeds,2377.55,41.1,46.0,144.18,20.8,46.7,14.7,33.1,2.5,79.6,4.0,3073.0,15.0,5.0,1
14478,Female,USA,Los Angeles,1728.09,55.4,0.0,145.05,10.0,31.9,6.9,11.3,9.9,31.7,7.0,5112.0,14.0,4.0,0
14482,Female,Japan,Nagoya,720.63,49.2,10.8,59.92,16.900000000000002,38.2,9.6,31.2,6.9,34.0,5.0,3446.0,8.0,4.0,1
14500,Female,UK,Leeds,2097.58,74.3,19.5,125.57,15.0,28.0,7.6,29.8,9.6,20.3,3.0,1681.0,20.0,3.0,0
14536,Female,USA,Chicago,1889.67,63.7,8.9,136.5,15.0,18.6,4.2,9.1,3.3,9.2,6.0,167.0,10.0,4.0,0
14581,Female,Australia,Brisbane,2111.5,55.8,27.1,147.21,13.0,40.0,11.1,16.4,8.6,54.6,8.0,2231.0,20.0,2.0,0
14587,Male,Canada,Montreal,665.02,57.2,34.8,45.64,17.0,32.6,9.4,22.5,,34.6,6.0,3663.0,19.0,5.0,0
14646,Male,India,Delhi,1957.08,24.2,44.1,99.03,20.0,40.3,13.0,28.9,,30.6,8.0,3715.0,17.0,2.0,0
14665,Male,UK,Leeds,1329.87,72.6,36.5,66.55,18.0,27.0,9.1,15.3,9.7,28.4,1.0,4269.0,13.0,6.0,0
14676,Female,USA,Chicago,2173.37,64.5,23.6,157.31,13.0,28.2,7.2,26.4,1.8,29.0,3.0,4052.0,22.0,5.0,1
14711,Female,Australia,Adelaide,1695.12,37.6,46.2,95.48,15.0,32.7,13.3,29.4,2.7,48.2,5.0,2942.0,14.0,1.0,0
14732,Female,UK,Birmingham,1617.63,67.6,7.4,122.33,16.0,15.2,3.5,4.9,3.9,18.4,1.0,492.0,4.0,0.0,0
14753,Male,Australia,Brisbane,1533.66,71.2,13.7,86.45,19.5,31.7,8.9,14.1,8.3,5.9,5.0,2523.0,14.0,1.0,1
14756,Male,UK,Manchester,2411.18,41.4,22.4,151.51,19.0,43.2,12.6,30.6,0.3,64.5,7.0,2689.0,11.0,6.0,1
14892,Male,UK,Glasgow,1494.71,44.4,28.7,114.44,19.5,34.0,12.1,29.7,6.1,48.4,7.0,3115.0,15.0,4.0,0
14906,Female,Japan,Kyoto,1049.48,65.9,23.0,105.77,15.6,25.9,8.4,21.9,0.9,0.0,6.0,1650.0,11.0,3.0,0
14980,Female,Germany,Cologne,2219.77,53.4,18.4,149.49,14.0,30.0,8.5,23.8,10.1,49.4,5.0,2754.0,10.0,6.0,0
15053,Female,USA,Chicago,2507.82,35.1,8.6,167.87,18.0,34.0,10.2,21.1,3.7,26.1,3.0,2042.0,23.0,5.0,0
15094,Female,USA,Chicago,1456.53,48.9,8.0,107.94,13.0,43.9,11.3,31.9,0.7,66.2,6.0,988.0,20.0,7.0,0
15155,Male,USA,Chicago,926.8,58.8,33.2,97.18,14.3,28.6,9.7,13.6,5.4,38.1,9.0,2152.0,13.0,1.0,1
15185,Male,Canada,Ottawa,1978.14,41.9,11.6,149.06,12.0,38.3,6.3,30.7,2.4,43.9,7.0,1132.0,24.0,3.0,0
15187,Female,USA,Chicago,1774.08,42.9,49.2,139.0,18.2,43.8,13.9,31.6,12.7,55.4,3.0,2789.0,12.0,6.0,0
15206,Female,USA,Houston,1789.27,87.8,10.4,110.78,14.0,20.7,4.1,2.9,8.0,0.0,2.0,0.0,8.0,1.0,1
15230,Female,Australia,Brisbane,809.32,72.5,7.0,80.31,15.6,29.6,6.0,19.0,0.6,13.4,4.0,843.0,11.0,3.0,0
15305,Male,Canada,Calgary,1947.3,47.2,21.8,125.59,19.0,39.8,10.2,24.7,6.5,45.6,10.0,1385.0,16.0,6.0,1
15347,Male,USA,Phoenix,1876.85,41.6,40.1,98.9,16.0,41.3,10.4,20.7,1.5,59.5,4.0,2972.0,14.0,6.0,1
15366,Male,Australia,Melbourne,2148.88,20.8,43.1,129.6,18.0,39.9,14.7,31.2,11.5,36.0,9.0,1963.0,18.0,8.0,1
15388,Male,USA,Los Angeles,1241.89,49.2,22.4,80.41,18.0,26.2,7.2,14.9,3.7,7.1,1.0,1070.0,7.0,1.0,0
15401,Female,Canada,Calgary,1607.04,44.7,18.2,93.92,19.5,27.6,10.2,14.2,5.5,21.0,3.0,797.0,14.0,1.0,0
15408,Female,USA,Chicago,1642.56,90.9,0.0,107.89,15.0,18.7,2.7,2.8,2.4,10.0,0.0,1488.0,1.0,0.0,1
15455,Female,UK,Glasgow,1072.37,35.8,56.0,60.11,18.0,35.4,10.2,42.7,,43.0,6.0,3789.0,18.0,3.0,0
15469,Female,UK,London,2121.98,47.8,22.1,84.62,21.0,42.5,9.4,35.0,7.0,49.6,8.0,2163.0,22.0,3.0,0
15479,Male,UK,Glasgow,1817.95,51.2,26.1,82.28,23.0,51.6,12.2,40.9,4.6,55.1,8.0,2771.0,19.0,5.0,0
15495,Male,UK,Glasgow,1849.06,28.8,10.0,160.99,14.3,29.5,6.6,18.1,14.4,44.6,10.0,1539.0,14.0,1.0,0
15503,Female,Canada,Ottawa,2228.15,45.2,11.1,116.52,17.0,32.3,11.0,21.5,,39.1,4.0,3511.0,10.0,3.0,0
15512,Male,USA,Phoenix,2525.35,50.1,51.1,153.0,18.0,33.1,11.1,19.0,8.8,25.9,6.0,2685.0,17.0,5.0,0
15570,Male,USA,Phoenix,1985.82,48.0,16.0,111.41,16.0,38.2,9.6,40.3,6.7,38.1,4.0,2201.0,21.0,7.0,0
15575,Male,Germany,Hamburg,1623.24,55.4,29.5,74.42,19.0,41.6,17.8,31.1,13.8,33.8,4.0,1164.0,15.0,0.0,0
15593,Male,Japan,Kyoto,2011.21,26.4,48.0,124.44,19.0,48.2,14.9,38.9,16.2,51.6,6.0,3258.0,27.0,5.0,0
15608,Female,USA,Houston,3372.47,71.4,8.4,328.9,10.0,12.9,7.4,12.9,7.9,10.1,0.0,1204.0,0.0,2.0,1
15609,Male,Canada,Montreal,2111.65,54.5,31.5,127.06,14.0,38.1,9.4,12.9,8.9,61.1,3.0,1691.0,8.0,4.0,1
15623,Female,Japan,Tokyo,2194.1,83.8,14.1,168.64,14.3,16.0,4.4,3.1,8.0,21.0,0.0,1885.0,9.0,1.0,1
15630,Male,UK,Birmingham,1153.62,32.9,39.9,73.78,16.0,28.9,14.6,28.0,16.3,30.4,10.0,3175.0,20.0,5.0,0
15633,Male,UK,Leeds,2392.7,45.5,23.4,170.9,15.0,42.1,12.1,29.6,11.2,37.3,6.0,4968.0,19.0,1.0,1
15636,Male,USA,Los Angeles,645.03,43.1,46.6,45.99,13.0,29.5,11.9,25.7,4.4,48.5,10.0,1852.0,20.0,4.0,0
15659,Male,Australia,Perth,1667.45,54.9,22.6,197.8,9.0,25.3,12.2,14.2,10.9,18.7,11.0,1293.0,9.0,4.0,0
15698,Female,UK,London,1352.31,58.8,27.5,108.27,18.2,27.9,9.5,13.5,6.6,7.9,5.0,2968.0,11.0,3.0,0
15711,Female,USA,Houston,2448.87,53.9,25.5,175.48,16.0,37.4,14.6,22.7,0.9,76.8,7.0,2960.0,18.0,1.0,0
15724,Male,Japan,Tokyo,1835.15,50.6,33.6,140.16,19.5,38.0,11.4,25.6,13.3,57.6,9.0,3446.0,17.0,2.0,0
15751,Female,USA,Phoenix,1116.61,33.8,24.4,88.75,15.0,36.6,12.5,24.6,9.0,29.7,9.0,2601.0,22.0,7.0,0
15762,Female,USA,New York,1370.4,46.3,46.6,81.4,15.0,37.1,9.1,25.4,3.0,49.2,10.0,3666.0,9.0,6.0,0
15770,Other,USA,Houston,2110.08,38.1,23.2,140.3,16.0,35.4,12.5,26.0,10.2,51.8,10.0,2591.0,17.0,2.0,1
15792,Male,Japan,Kyoto,1711.74,46.2,30.5,126.72,15.0,27.5,9.3,22.7,10.3,52.7,9.0,2389.0,12.0,6.0,0
15834,Male,USA,Chicago,1420.77,59.4,29.3,76.34,20.0,35.7,8.9,25.6,18.3,25.8,2.0,1391.0,9.0,3.0,0
15835,Female,France,Nice,642.16,53.9,19.8,80.17,10.0,32.9,12.9,20.4,23.8,15.6,9.0,2683.0,16.0,5.0,0
15839,Male,UK,Glasgow,1393.26,42.3,33.7,126.23,13.0,29.8,10.6,19.3,15.0,35.6,11.0,1386.0,16.0,4.0,0
15848,Female,USA,New York,2449.94,28.6,30.1,175.8,14.0,41.0,12.7,28.0,4.6,49.2,4.0,1541.0,19.0,5.0,1
15866,Male,Australia,Sydney,2042.19,61.1,43.8,103.66,17.0,27.9,7.1,16.5,2.3,35.4,4.0,2368.0,19.0,4.0,0
15913,Male,USA,Chicago,946.84,54.0,16.1,65.48,18.2,32.3,11.3,26.1,0.7,12.8,4.0,1628.0,24.0,4.0,0
15925,Female,USA,Los Angeles,1246.06,48.3,8.5,120.55,15.6,32.7,9.0,31.2,,54.9,0.0,2190.0,21.0,2.0,0
15945,Female,UK,Manchester,1810.42,50.4,38.3,122.57,18.0,29.5,13.2,28.2,3.1,49.8,10.0,3326.0,19.0,7.0,0
15950,Male,Australia,Sydney,1429.28,57.5,37.2,89.82,18.0,35.8,13.3,24.1,9.0,41.3,2.0,1439.0,19.0,6.0,0
15960,Male,USA,Chicago,1479.58,28.7,57.9,79.4,20.0,42.2,12.3,33.1,3.5,63.1,4.0,999.0,20.0,4.0,1
15972,Other,USA,Houston,1309.18,49.2,18.3,95.72,16.0,30.9,6.1,21.0,7.9,52.4,3.0,3326.0,19.0,7.0,0
16009,Male,USA,Chicago,1650.88,42.1,34.7,89.85,20.8,42.7,10.2,19.9,15.0,20.1,9.0,3061.0,18.0,4.0,0
16019,Female,France,Toulouse,2109.57,61.9,16.3,115.42,18.0,26.9,7.0,13.3,3.0,7.2,3.0,1478.0,10.0,1.0,1
16088,Male,USA,Houston,1522.66,53.8,23.9,92.81,19.5,34.2,10.2,26.0,15.1,65.6,2.0,1655.0,15.0,5.0,1
16141,Male,USA,New York,2189.86,62.5,0.0,153.64,15.6,19.6,6.0,18.3,12.6,33.0,4.0,1521.0,11.0,4.0,1
16162,Female,France,Nice,1693.36,26.5,24.8,103.36,16.0,33.8,13.4,33.8,5.1,32.6,11.0,2192.0,26.0,6.0,1
16223,Female,Germany,Berlin,1566.99,56.0,33.3,112.53,16.0,40.8,10.4,34.9,,48.5,6.0,2770.0,21.0,8.0,0
16239,Female,USA,Los Angeles,683.5,68.8,2.4,67.71,15.6,26.3,10.5,17.6,5.0,0.0,2.0,1886.0,11.0,3.0,0
16253,Female,USA,Los Angeles,807.2,78.7,21.8,78.3,15.6,29.9,6.9,19.9,15.9,8.1,3.0,2325.0,11.0,4.0,0
16269,Female,Japan,Tokyo,2023.6,44.0,28.7,110.26,20.8,32.4,10.2,27.8,4.3,49.1,4.0,3152.0,19.0,5.0,0
16301,Male,Germany,Cologne,1871.95,44.5,33.0,111.26,15.0,36.7,13.3,31.0,7.5,62.8,6.0,4082.0,18.0,6.0,0
16306,Female,France,Paris,1916.52,35.1,28.8,127.96,16.0,46.1,14.3,39.4,9.8,63.8,10.0,1906.0,26.0,6.0,0
16311,Female,Australia,Sydney,733.94,46.2,17.9,55.34,16.900000000000002,29.5,10.9,22.5,6.9,15.1,5.0,2878.0,12.0,1.0,1
16328,Male,Australia,Brisbane,1641.96,43.6,15.6,86.1,16.0,34.9,12.8,28.2,4.6,38.7,6.0,3557.0,27.0,8.0,0
16333,Female,USA,Houston,1336.26,30.1,20.7,71.31,17.0,36.1,10.1,25.0,15.4,47.2,0.0,2020.0,21.0,1.0,0
16336,Male,Canada,Toronto,2100.44,68.3,33.1,123.41,15.0,31.5,8.7,24.4,5.5,31.4,4.0,2082.0,11.0,0.0,0
16349,Female,India,Mumbai,2097.09,54.7,36.8,154.33,13.0,33.1,6.8,15.5,4.2,5.7,1.0,2525.0,1.0,0.0,1
16371,Female,USA,Phoenix,1885.76,58.7,19.5,127.72,16.900000000000002,14.0,5.5,15.1,2.0,19.4,5.0,670.0,10.0,1.0,1
16437,Male,USA,New York,1709.0,29.0,53.0,83.76,19.0,41.0,15.0,47.9,6.1,68.9,9.0,3196.0,21.0,5.0,1
16462,Female,USA,Los Angeles,2266.11,34.2,38.8,140.64,15.0,32.6,7.9,17.8,4.3,6.8,2.0,2831.0,22.0,4.0,0
16494,Female,USA,Chicago,1286.49,76.9,17.1,141.47,14.3,28.2,10.5,8.0,1.7,19.7,5.0,1690.0,9.0,6.0,0
16499,Male,Germany,Frankfurt,1602.9,62.3,39.2,128.05,13.0,36.7,9.8,34.0,13.0,57.6,4.0,1764.0,19.0,7.0,0
16517,Male,UK,Birmingham,1815.13,19.1,52.0,105.72,20.0,45.8,16.9,33.7,,64.8,6.0,3573.0,19.0,6.0,0
16519,Male,UK,Birmingham,989.9,40.0,40.3,51.02,18.0,34.4,11.6,20.7,8.5,55.0,6.0,2809.0,23.0,6.0,0
16520,Female,UK,Glasgow,1369.43,40.2,31.0,97.44,14.0,31.2,11.6,22.3,9.2,43.2,10.0,2464.0,21.0,7.0,0
16527,Female,India,Chennai,2404.9,25.7,42.3,115.43,23.0,46.9,13.8,36.7,15.6,23.3,8.0,2911.0,18.0,4.0,0
16551,Female,USA,Houston,2037.92,39.0,13.3,146.12,13.0,37.3,11.4,16.4,1.3,20.1,9.0,1639.0,19.0,3.0,0
16556,Female,UK,London,1430.86,37.7,23.9,82.94,20.8,28.8,8.7,22.4,7.2,43.3,5.0,2179.0,18.0,4.0,0
16566,Female,USA,Chicago,1750.93,32.6,69.3,96.35,19.0,32.4,13.6,25.9,10.3,48.4,6.0,4876.0,21.0,3.0,0
16578,Female,India,Delhi,1776.33,46.1,31.4,85.96,21.0,41.9,14.4,37.5,17.6,58.5,9.0,3277.0,23.0,3.0,1
16616,Male,USA,New York,1847.61,63.0,28.2,166.69,15.6,23.9,7.4,22.0,2.1,45.8,3.0,3016.0,14.0,7.0,0
16635,Male,USA,Los Angeles,2299.25,23.2,49.3,129.34,20.0,47.5,14.1,33.6,10.0,65.7,9.0,2408.0,19.0,3.0,0
16662,Female,Germany,Frankfurt,1579.2,50.4,49.1,77.99,20.0,34.7,10.1,32.9,11.2,30.1,5.0,2782.0,19.0,1.0,0
16716,Male,USA,Chicago,1440.92,49.1,7.7,91.55,18.2,27.9,10.6,28.6,3.9,50.3,3.0,1098.0,13.0,7.0,0
16749,Male,UK,Birmingham,2422.69,36.6,31.7,145.51,18.0,35.6,13.1,16.3,7.1,30.1,3.0,1548.0,21.0,4.0,1
16794,Male,UK,Glasgow,1210.81,51.0,25.0,115.57,16.900000000000002,41.2,12.3,29.5,,37.3,7.0,3424.0,19.0,5.0,0
16818,Female,Germany,Berlin,1268.07,36.7,35.7,98.49,14.0,36.4,11.5,31.3,1.9,58.0,5.0,3610.0,31.0,6.0,0
16891,Male,Germany,Munich,912.2,51.5,17.9,54.77,18.0,31.4,8.4,31.5,5.1,78.3,5.0,5006.0,15.0,3.0,0
16894,Female,Canada,Vancouver,2243.03,31.0,39.9,91.93,21.0,42.1,10.6,34.0,,55.3,6.0,3276.0,22.0,3.0,0
16932,Female,USA,Chicago,2063.94,76.8,1.4,169.1,18.2,24.5,9.8,23.6,5.6,15.1,5.0,740.0,23.0,3.0,1
16962,Female,Germany,Munich,1726.46,44.2,33.6,81.09,18.0,38.3,11.1,17.9,10.2,54.0,5.0,3028.0,11.0,7.0,0
16966,Male,Canada,Vancouver,726.21,92.7,0.0,215.1,4.0,15.0,4.2,12.6,4.4,2.4,2.0,1665.0,3.0,0.0,1
16968,Male,USA,New York,1561.78,51.3,20.6,104.16,13.0,33.1,12.0,20.7,1.7,60.0,8.0,2010.0,15.0,0.0,0
16974,Male,UK,London,1048.79,64.7,29.5,69.97,18.0,30.1,9.1,10.7,9.5,29.3,6.0,4655.0,21.0,4.0,1
17000,Female,Canada,Ottawa,1954.03,46.9,22.0,135.76,15.0,46.8,12.3,23.8,13.1,47.2,9.0,4577.0,21.0,5.0,0
17030,Female,UK,Manchester,1637.39,54.0,45.4,99.33,18.2,38.3,12.0,29.4,,40.1,9.0,3125.0,14.0,1.0,0
17077,Male,USA,New York,1553.47,44.8,39.2,110.43,18.2,31.7,11.6,30.4,0.1,64.2,2.0,4500.0,7.0,4.0,0
17081,Female,USA,Los Angeles,2077.9,37.8,50.2,97.59,19.0,37.1,11.3,41.3,13.4,60.1,4.0,2940.0,26.0,6.0,0
17088,Female,USA,Los Angeles,2936.47,48.3,2.1,250.88,13.0,30.9,8.7,23.8,4.5,59.2,8.0,2358.0,13.0,4.0,0
17112,Male,USA,New York,1376.11,40.8,35.1,77.38,18.0,36.5,12.4,22.8,,32.8,10.0,2956.0,20.0,4.0,0
17114,Other,France,Lyon,2939.78,52.1,22.6,240.45,19.5,29.2,13.6,25.2,,42.2,7.0,2144.0,8.0,6.0,1
17150,Male,Canada,Vancouver,1129.65,56.8,35.2,84.27,15.0,40.8,14.4,33.8,5.6,52.5,9.0,4030.0,19.0,3.0,0
17200,Male,USA,Phoenix,2411.35,29.8,34.1,147.0,16.0,39.0,12.8,33.7,4.4,36.3,6.0,2943.0,22.0,4.0,1
17204,Male,USA,Los Angeles,1656.56,38.8,30.5,92.7,17.0,43.3,7.5,33.3,,31.4,11.0,3136.0,24.0,5.0,1
17260,Female,France,Nice,775.68,46.8,35.5,46.54,17.0,37.9,13.2,26.0,9.1,63.3,3.0,829.0,20.0,3.0,0
17363,Female,USA,New York,1010.0,62.3,24.3,85.97,13.0,14.3,12.1,18.9,2.1,51.8,11.0,2977.0,10.0,3.0,0
17366,Female,Germany,Berlin,835.45,56.3,46.6,56.3,13.0,38.8,12.5,28.7,6.3,49.2,9.0,5520.0,15.0,4.0,0
17408,Male,USA,Los Angeles,2018.28,59.4,39.0,167.02,12.0,41.1,11.9,20.0,1.9,59.8,5.0,2596.0,10.0,7.0,1
17435,Female,Germany,Frankfurt,1321.54,56.0,9.7,97.09,16.900000000000002,18.6,2.4,4.3,3.5,30.8,4.0,1716.0,7.0,2.0,0
17444,Female,USA,Phoenix,2106.05,35.4,35.9,91.88,20.0,34.4,14.3,23.1,3.4,45.5,5.0,4468.0,17.0,5.0,1
17445,Female,India,Delhi,1738.29,59.4,40.4,132.56,13.0,34.3,12.7,31.5,3.3,48.6,9.0,2415.0,7.0,2.0,0
17465,Female,France,Lyon,819.96,48.6,25.3,68.35,13.0,27.9,9.6,12.7,2.3,61.5,2.0,4466.0,10.0,7.0,1
17479,Female,Germany,Berlin,2210.49,53.1,10.0,176.51,13.0,32.3,14.7,28.7,1.0,41.4,10.0,3223.0,13.0,5.0,0
17544,Female,France,Paris,2155.45,41.3,23.0,115.21,20.8,35.7,15.7,31.9,2.6,46.9,9.0,4131.0,23.0,3.0,0
17569,Female,Canada,Calgary,2064.75,37.3,22.5,116.05,15.0,43.9,12.6,37.0,6.6,23.6,6.0,2972.0,16.0,2.0,1
17604,Male,USA,Los Angeles,1306.89,36.6,33.8,69.57,19.0,45.7,13.4,30.3,11.4,46.0,8.0,3479.0,24.0,7.0,0
17606,Male,Germany,Hamburg,2402.44,44.2,26.0,152.6,16.0,24.6,5.1,9.9,4.5,34.0,4.0,1779.0,8.0,2.0,1
17699,Female,UK,Birmingham,1726.3,73.3,21.4,75.03,20.0,24.9,11.8,19.9,8.1,32.0,6.0,3619.0,4.0,6.0,1
17713,Female,UK,Birmingham,2443.8,49.9,26.7,157.08,16.900000000000002,30.7,7.2,19.3,2.7,24.9,7.0,1911.0,12.0,4.0,1
17778,Female,USA,Phoenix,2042.55,47.0,35.8,115.65,18.0,36.7,10.6,27.5,1.1,82.6,2.0,541.0,13.0,3.0,0
17781,Male,Canada,Calgary,2005.41,71.2,5.5,123.09,18.2,23.5,10.9,20.3,1.2,14.0,3.0,1715.0,12.0,1.0,0
17818,Female,USA,Chicago,1620.32,34.4,20.6,90.65,16.0,44.0,12.7,28.5,2.5,40.3,11.0,3341.0,20.0,4.0,0
17847,Male,USA,Los Angeles,1653.79,18.1,36.1,100.76,19.0,38.3,12.8,37.1,5.2,65.2,9.0,2778.0,26.0,5.0,0
17992,Female,India,Mumbai,2079.59,52.6,39.5,100.95,18.0,38.6,11.8,22.5,2.8,70.1,3.0,3615.0,21.0,5.0,0
18001,Female,France,Toulouse,2280.72,26.2,32.6,119.06,20.8,39.7,10.8,24.4,8.3,18.6,7.0,2327.0,17.0,6.0,1
18046,Female,USA,Phoenix,2125.95,40.4,25.5,116.04,18.0,40.5,10.8,33.0,11.6,37.9,9.0,3926.0,15.0,5.0,1
18092,Male,Germany,Hamburg,2225.51,83.5,15.5,135.1,18.2,29.9,9.5,10.5,1.8,41.9,1.0,2753.0,13.0,0.0,0
18097,Female,USA,New York,2435.68,69.9,13.1,188.68,13.0,22.8,6.9,17.4,20.4,18.6,4.0,2344.0,6.0,3.0,1
18124,Male,UK,Leeds,715.48,70.2,20.2,67.0,14.3,25.2,9.3,24.6,14.4,10.6,3.0,2526.0,21.0,7.0,0
18127,Female,India,Bangalore,2299.1,31.6,40.2,125.53,17.0,41.1,11.6,32.0,5.3,43.9,7.0,3076.0,16.0,4.0,0
18146,Male,UK,Leeds,1385.25,45.4,42.6,90.74,16.0,42.1,12.9,32.4,0.1,24.4,10.0,2042.0,12.0,6.0,0
18163,Male,France,Paris,1572.15,50.5,22.1,73.08,21.0,38.4,13.6,32.1,,52.4,6.0,4145.0,15.0,5.0,1
18175,Male,UK,Birmingham,2390.85,49.9,18.2,198.08,11.0,26.5,14.1,28.8,10.5,31.0,4.0,3303.0,19.0,4.0,1
18255,Male,India,Delhi,2099.35,32.3,36.3,85.65,22.0,35.8,12.4,31.8,5.1,51.2,9.0,4402.0,22.0,4.0,1
18264,Male,Japan,Nagoya,2268.89,60.0,6.1,194.63,12.0,15.3,3.1,21.0,4.4,17.7,1.0,349.0,7.0,5.0,1
18294,Male,India,Bangalore,878.26,58.0,22.6,94.6,14.3,24.6,8.4,19.2,5.1,35.0,8.0,3740.0,12.0,1.0,0
18301,Male,USA,Phoenix,2221.23,43.7,18.3,112.15,17.0,40.9,7.4,25.9,2.3,37.6,3.0,2193.0,17.0,2.0,1
18302,Female,Germany,Munich,1221.65,57.9,19.6,122.84,15.6,22.5,8.1,17.0,,40.5,3.0,2667.0,12.0,6.0,0
18305,Female,USA,Chicago,2228.1,53.6,14.7,141.8,19.5,34.9,14.0,18.7,3.5,57.8,4.0,1395.0,14.0,1.0,0
18308,Female,UK,Birmingham,2093.91,36.0,44.7,127.84,16.0,40.8,7.9,22.7,0.6,3.1,9.0,2019.0,6.0,4.0,0
18316,Female,USA,New York,981.15,52.8,22.2,84.94,16.900000000000002,28.0,9.2,21.5,2.8,43.7,7.0,2595.0,22.0,2.0,0
18362,Male,USA,New York,1589.99,67.4,0.0,118.44,16.900000000000002,20.7,4.3,10.3,2.0,24.3,3.0,872.0,1.0,0.0,0
18394,Male,Canada,Calgary,992.28,34.6,27.4,75.34,18.2,39.1,13.8,20.2,8.5,54.9,7.0,2408.0,15.0,3.0,1
18395,Female,USA,Phoenix,2215.67,44.6,49.9,132.41,19.0,46.4,8.9,21.8,,58.6,5.0,2812.0,21.0,7.0,0
18429,Male,UK,Glasgow,2470.02,39.0,25.2,135.67,20.0,39.3,15.9,35.5,0.9,69.6,9.0,2525.0,19.0,5.0,0
18454,Male,Australia,Brisbane,1874.73,52.9,16.0,96.51,19.0,24.2,6.4,20.0,3.5,35.7,5.0,410.0,7.0,1.0,1
18479,Female,Australia,Brisbane,2446.1,45.9,36.3,128.88,20.8,38.2,11.5,28.7,3.1,51.4,9.0,2387.0,20.0,4.0,1
18492,Female,USA,Phoenix,1850.72,42.6,23.6,78.48,22.0,22.6,7.6,22.4,4.0,36.2,6.0,2120.0,20.0,2.0,0
18536,Female,USA,Houston,2844.8,54.5,17.8,216.71,18.2,28.5,8.8,24.5,3.5,45.3,6.0,1330.0,16.0,5.0,1
18540,Female,India,Delhi,2749.73,48.7,38.0,200.33,19.5,43.4,12.7,23.7,7.0,43.6,10.0,1545.0,9.0,5.0,1
18559,Female,USA,Chicago,2345.1,28.8,31.9,135.67,17.0,48.2,15.3,26.6,,37.3,6.0,3265.0,14.0,4.0,0
18569,Other,Canada,Toronto,2006.22,33.5,28.0,107.86,16.0,37.3,14.8,41.4,7.3,51.2,8.0,1789.0,23.0,6.0,1
18584,Male,Japan,Osaka,2336.27,40.5,45.4,146.42,17.0,29.4,12.0,20.3,6.4,37.5,2.0,2582.0,16.0,5.0,1
18595,Male,Canada,Vancouver,1173.25,43.4,22.8,79.97,17.0,39.2,13.2,22.5,7.5,54.2,9.0,2849.0,22.0,4.0,0
18633,Female,France,Paris,1274.46,68.0,15.7,104.24,16.900000000000002,18.4,3.6,14.9,7.9,0.0,0.0,729.0,10.0,2.0,0
18648,Female,UK,Manchester,2939.07,61.6,22.3,227.13,15.0,29.8,9.6,28.0,6.5,18.0,7.0,2501.0,18.0,4.0,1
18655,Male,USA,Houston,1818.38,44.0,33.3,116.96,20.8,39.0,11.5,28.7,6.3,26.7,5.0,2140.0,12.0,6.0,0
18665,Male,UK,Birmingham,2185.46,69.2,29.8,156.75,13.0,25.0,8.7,21.1,7.2,17.3,6.0,1583.0,10.0,3.0,1
18698,Female,UK,Birmingham,1911.99,56.6,5.8,140.03,14.0,34.3,5.7,8.0,14.2,24.3,8.0,176.0,16.0,2.0,1
18772,Male,Australia,Melbourne,2231.44,44.0,34.7,105.54,18.0,46.3,14.2,30.2,10.4,60.4,5.0,708.0,25.0,4.0,1
18775,Female,USA,Chicago,850.81,70.7,24.0,252.02,3.0,12.6,2.6,0.3,20.0,0.0,0.0,1785.0,0.0,0.0,1
18787,Male,Japan,Tokyo,2124.96,60.1,15.9,118.95,15.0,21.9,5.4,27.7,2.1,31.5,2.0,3957.0,14.0,3.0,1
18810,Female,UK,Leeds,2042.87,60.8,32.6,155.12,13.0,23.3,8.1,22.8,3.5,47.9,6.0,1364.0,10.0,6.0,0
18834,Female,Australia,Adelaide,2210.38,36.1,23.1,124.38,22.0,48.5,16.9,37.5,2.1,78.3,7.0,2881.0,24.0,3.0,0
18845,Male,Australia,Adelaide,1856.62,69.3,21.9,92.14,17.0,26.1,10.4,14.7,7.1,13.2,4.0,2178.0,9.0,5.0,0
18891,Male,Germany,Cologne,1454.14,55.6,35.8,82.4,19.5,38.5,11.7,32.3,7.6,63.9,6.0,2540.0,18.0,6.0,0
18893,Female,USA,New York,1340.42,52.7,22.0,84.59,18.2,31.5,6.2,18.7,9.7,14.8,7.0,3458.0,12.0,1.0,1
18916,Male,India,Chennai,2784.96,59.9,45.3,170.77,19.5,39.1,15.8,28.7,4.7,38.7,8.0,2121.0,20.0,5.0,0
18929,Female,UK,Leeds,1820.18,43.1,25.1,123.6,18.2,20.7,6.8,16.6,8.7,32.0,1.0,270.0,6.0,4.0,0
18969,Male,France,Toulouse,1662.01,49.6,32.9,128.17,18.2,34.4,8.4,22.9,7.7,19.2,3.0,2810.0,11.0,6.0,0
18976,Male,USA,Phoenix,1248.22,53.9,41.2,87.15,14.0,32.7,13.4,24.5,2.6,3.4,11.0,2504.0,21.0,3.0,0
18982,Female,Germany,Berlin,2123.54,21.8,61.4,95.96,22.0,40.9,17.0,38.5,,45.9,10.0,2893.0,25.0,5.0,0
19045,Male,USA,Chicago,2233.88,49.9,0.0,143.4,16.0,30.7,8.3,21.7,6.4,19.9,5.0,2184.0,11.0,4.0,1
19054,Female,Australia,Sydney,865.09,26.2,31.2,57.55,18.2,42.0,12.7,17.6,18.3,36.5,7.0,3420.0,17.0,4.0,0
19075,Male,Germany,Frankfurt,1803.91,38.4,49.5,94.76,21.0,50.7,12.6,36.9,7.9,43.6,6.0,3868.0,24.0,4.0,1
19077,Other,UK,Birmingham,1788.06,67.6,24.5,132.02,13.0,37.0,11.9,21.1,10.8,60.8,9.0,2234.0,10.0,1.0,0
19088,Male,USA,New York,2505.73,52.3,43.6,148.7,18.0,26.7,11.0,24.4,13.2,39.4,6.0,2312.0,9.0,2.0,0
19091,Male,USA,Phoenix,2112.49,68.5,35.8,112.63,17.0,33.8,9.8,20.4,9.5,48.1,4.0,3656.0,25.0,3.0,1
19098,Female,UK,Leeds,1276.92,65.3,30.8,98.2,15.0,38.5,11.5,20.5,6.0,36.2,11.0,3548.0,12.0,4.0,0
19123,Male,USA,New York,1827.35,63.5,40.6,148.6,11.0,30.3,9.9,20.4,3.1,50.0,8.0,2773.0,7.0,1.0,0
19124,Female,Canada,Toronto,1329.41,56.2,20.9,171.48,10.4,27.3,12.2,25.1,11.2,43.1,3.0,1229.0,11.0,8.0,0
19125,Male,Australia,Adelaide,2138.48,52.7,34.5,184.2,10.0,25.7,11.7,25.7,4.8,41.5,6.0,1567.0,7.0,1.0,0
19127,Male,Canada,Montreal,1474.21,40.0,30.9,95.99,16.0,31.5,10.5,19.2,4.0,29.7,11.0,1463.0,24.0,5.0,0
19128,Male,Germany,Munich,1772.07,59.1,10.0,77.36,22.0,40.1,19.7,39.7,,55.6,7.0,3529.0,31.0,3.0,0
19139,Female,USA,Houston,2244.99,40.5,0.3,107.28,19.0,35.6,14.2,22.4,5.8,35.1,8.0,2333.0,14.0,3.0,1
19196,Male,USA,Phoenix,1095.58,40.4,7.6,96.84,13.0,22.7,12.2,17.8,11.3,31.3,4.0,721.0,12.0,8.0,0
19203,Female,Japan,Yokohama,2208.97,37.9,19.9,139.59,17.0,36.4,13.9,22.7,2.4,72.1,6.0,3828.0,21.0,6.0,1
19251,Female,Canada,Ottawa,1906.47,48.9,46.7,134.34,17.0,30.9,12.4,27.0,4.8,38.1,2.0,4133.0,22.0,1.0,1
19267,Male,USA,Phoenix,2098.29,60.8,24.8,111.25,20.0,32.4,13.0,23.9,0.5,24.3,6.0,2075.0,26.0,5.0,0
19274,Male,India,Chennai,1129.29,39.8,30.5,56.68,18.0,34.0,10.3,20.8,6.2,38.8,5.0,2068.0,19.0,7.0,0
19282,Male,USA,Phoenix,2214.22,41.9,33.6,98.42,23.0,51.8,16.1,39.1,21.0,71.4,8.0,3873.0,24.0,5.0,0
19295,Female,USA,Phoenix,1448.69,33.7,39.6,61.69,21.0,41.7,13.5,27.8,0.7,39.7,7.0,4296.0,26.0,4.0,0
19302,Female,India,Chennai,1831.81,51.4,10.8,114.82,15.0,23.6,6.0,19.9,9.6,1.9,8.0,688.0,16.0,4.0,0
19348,Female,Germany,Frankfurt,1310.99,47.8,31.5,108.32,14.0,35.0,12.5,31.8,5.0,40.5,9.0,3448.0,14.0,7.0,0
19426,Female,Canada,Ottawa,947.91,56.4,31.0,76.06,15.0,32.8,14.5,35.5,4.4,66.5,9.0,2371.0,14.0,2.0,0
19428,Male,UK,Manchester,978.27,36.3,21.3,79.23,12.0,32.7,12.9,35.2,4.6,35.6,10.0,2931.0,16.0,2.0,1
19430,Other,USA,Los Angeles,1532.74,54.3,17.7,86.86,15.0,33.0,12.9,28.3,2.5,44.1,10.0,3954.0,20.0,6.0,0
19435,Male,Japan,Tokyo,1315.1,57.6,30.9,99.77,18.2,31.4,7.8,22.5,1.7,51.9,7.0,1371.0,18.0,1.0,0
19439,Female,UK,Glasgow,1746.77,39.0,30.8,74.73,20.0,36.4,14.0,30.7,0.4,51.0,7.0,3483.0,22.0,8.0,0
19475,Female,France,Paris,1846.77,59.2,10.9,106.81,19.0,32.1,9.8,20.6,8.0,27.3,9.0,3509.0,17.0,3.0,0
19546,Female,Germany,Berlin,560.6,50.1,24.5,50.92,11.0,25.7,13.9,35.6,1.7,33.3,11.0,1936.0,16.0,3.0,0
19558,Male,USA,Phoenix,1875.24,71.2,22.5,94.75,20.0,20.5,6.6,15.2,17.7,43.7,5.0,2530.0,7.0,4.0,0
19568,Female,USA,Houston,2225.86,33.0,26.4,135.15,17.0,36.7,9.5,38.9,11.3,38.9,9.0,3487.0,24.0,3.0,1
19626,Male,USA,New York,2000.42,54.8,23.4,129.75,13.0,24.9,14.6,26.9,6.4,22.8,5.0,2156.0,12.0,1.0,0
19639,Female,Australia,Perth,2418.37,46.8,35.0,176.52,22.1,41.5,9.5,26.3,,66.0,7.0,2813.0,16.0,5.0,1
19648,Male,USA,New York,2076.62,36.6,33.3,123.15,15.0,31.0,10.1,15.8,8.3,16.0,2.0,1566.0,12.0,4.0,1
19650,Female,Australia,Sydney,2294.81,61.4,0.0,156.22,16.0,21.1,5.5,18.9,10.0,12.5,3.0,993.0,9.0,2.0,0
19666,Male,USA,Phoenix,1979.87,53.8,38.9,100.15,19.0,39.0,12.0,35.3,1.5,54.4,10.0,2447.0,24.0,5.0,0
19667,Male,France,Lyon,1110.76,56.0,27.8,78.27,18.2,30.7,11.6,16.0,1.2,39.2,4.0,1851.0,9.0,0.0,0
19685,Male,Germany,Munich,2197.28,54.3,49.8,150.54,19.5,29.2,8.2,21.6,2.5,30.7,4.0,2046.0,14.0,2.0,0
19736,Female,USA,New York,1927.49,34.3,32.1,104.94,22.1,33.3,17.5,30.4,0.8,32.3,7.0,1346.0,19.0,3.0,0
19742,Male,USA,New York,618.33,52.7,14.7,58.89,15.6,25.6,7.7,20.2,16.3,0.0,5.0,1106.0,12.0,3.0,0
19748,Female,Germany,Munich,1348.41,54.7,4.1,84.34,18.2,29.5,6.2,14.0,0.2,9.7,1.0,1503.0,15.0,3.0,0
19752,Male,UK,Leeds,565.83,43.7,46.5,38.77,13.0,38.3,12.1,18.7,2.4,75.7,3.0,999.0,13.0,6.0,0
19837,Female,USA,Phoenix,1525.23,65.4,15.1,131.2,10.0,35.2,12.4,26.5,8.7,11.0,6.0,251.0,17.0,6.0,0
19865,Female,USA,New York,1603.94,61.1,22.5,133.37,18.2,26.3,8.2,18.1,4.4,55.3,3.0,2711.0,5.0,1.0,0
19868,Male,USA,Chicago,1107.5,53.3,37.8,53.65,18.0,40.9,14.0,30.8,19.0,44.2,8.0,2832.0,23.0,6.0,0
19888,Male,USA,Chicago,1460.08,64.8,27.9,128.31,18.2,28.2,7.1,19.0,2.0,36.3,5.0,1479.0,10.0,4.0,1
19904,Female,Australia,Melbourne,2624.69,59.9,18.5,188.75,15.6,29.6,9.8,19.2,4.6,44.4,1.0,1329.0,15.0,2.0,1
19907,Male,USA,Phoenix,1125.04,53.5,28.3,74.27,15.0,31.3,8.5,16.8,9.5,34.1,11.0,4323.0,19.0,5.0,0
19928,Female,Australia,Sydney,1560.38,61.7,19.7,110.97,16.900000000000002,18.2,4.8,9.5,4.3,0.8,1.0,1196.0,5.0,0.0,0
19965,Female,Canada,Calgary,1953.63,62.5,0.6,130.76,16.900000000000002,15.5,4.7,10.3,12.4,30.1,4.0,1580.0,11.0,1.0,1
20046,Male,India,Hyderabad,1607.2,34.2,19.5,91.07,18.0,38.9,15.7,26.4,5.7,16.8,8.0,2902.0,27.0,7.0,1
20099,Female,USA,Houston,1108.7,70.2,5.9,131.08,8.0,27.3,9.4,18.8,10.6,35.8,3.0,2997.0,7.0,8.0,0
20118,Male,UK,Manchester,1071.94,53.3,39.5,86.5,15.0,41.1,9.3,32.9,2.4,77.3,8.0,5393.0,25.0,5.0,0
20119,Female,USA,Los Angeles,2180.7,50.3,22.3,107.38,19.0,37.1,11.8,31.6,,11.8,5.0,677.0,8.0,3.0,1
20172,Female,USA,New York,2254.45,46.0,23.2,141.57,19.5,23.6,9.1,12.3,8.3,33.5,5.0,2929.0,11.0,2.0,0
20173,Male,UK,Glasgow,2060.1,40.7,14.9,106.64,18.0,30.9,11.4,27.1,1.7,33.8,8.0,2650.0,9.0,3.0,0
20190,Female,France,Toulouse,2473.84,47.2,41.1,172.03,15.6,28.2,5.1,24.0,3.1,64.4,2.0,1522.0,11.0,1.0,0
20194,Female,USA,Los Angeles,2304.42,49.6,52.0,142.13,16.0,34.9,18.8,30.5,8.7,29.8,8.0,2578.0,23.0,5.0,0
20199,Male,France,Marseille,2479.77,47.0,36.1,170.66,14.0,25.2,10.4,21.5,3.6,22.1,4.0,1279.0,14.0,2.0,1
20218,Male,Australia,Brisbane,1073.0,34.9,21.7,68.36,14.0,45.1,10.9,29.4,12.4,27.7,10.0,4622.0,12.0,1.0,0
20219,Male,USA,New York,1944.32,36.2,42.4,145.3,14.0,39.9,12.9,32.5,10.3,50.1,8.0,3719.0,18.0,7.0,0
20238,Male,Germany,Frankfurt,2221.79,68.5,24.9,110.93,17.0,43.2,13.4,17.1,5.9,43.5,6.0,1095.0,27.0,4.0,0
20263,Male,Australia,Adelaide,1831.74,48.1,19.8,127.34,18.2,24.6,11.4,17.7,,12.6,7.0,3735.0,5.0,4.0,0
20300,Female,France,Paris,2310.02,29.0,51.3,127.91,21.0,50.6,14.0,34.0,,63.0,8.0,3966.0,27.0,3.0,0
20313,Male,India,Bangalore,1252.49,30.3,30.5,74.68,19.0,42.3,8.7,36.6,6.1,61.2,6.0,2836.0,21.0,3.0,0
20387,Female,USA,New York,2386.94,50.8,26.8,139.51,18.0,30.6,8.3,25.3,1.3,75.3,4.0,2334.0,12.0,4.0,1
20435,Female,France,Marseille,2454.15,76.4,11.5,205.53,11.0,14.3,11.8,13.2,1.9,11.8,5.0,1626.0,23.0,4.0,0
20443,Female,Canada,Vancouver,1761.53,48.2,50.0,99.49,19.0,48.2,13.9,25.3,1.0,75.2,6.0,3229.0,27.0,3.0,0
20450,Female,USA,New York,878.58,49.2,30.9,55.71,15.0,48.7,12.3,24.2,3.3,34.6,10.0,2998.0,16.0,5.0,0
20461,Male,Canada,Toronto,1315.12,54.4,15.9,112.64,10.0,23.3,9.9,18.3,1.5,2.1,5.0,1608.0,17.0,7.0,0
20470,Female,France,Marseille,2075.38,59.2,24.4,106.74,18.0,26.2,8.4,15.2,0.8,16.3,4.0,3389.0,10.0,2.0,1
20594,Male,Germany,Hamburg,1035.35,72.7,26.2,79.43,18.2,30.1,10.6,14.7,5.5,28.8,2.0,1644.0,14.0,3.0,0
20595,Male,UK,Leeds,2416.29,76.9,10.4,168.45,15.0,25.2,6.7,15.9,10.5,39.6,5.0,2179.0,12.0,3.0,1
20620,Female,USA,Los Angeles,1476.59,43.3,17.7,107.13,13.0,27.0,9.7,23.8,9.3,51.9,6.0,2938.0,25.0,8.0,0
20623,Female,France,Lyon,2830.16,69.5,1.2,222.46,15.0,28.6,10.2,5.8,6.6,28.5,4.0,526.0,15.0,2.0,1
20660,Male,USA,Phoenix,2101.28,32.2,46.8,128.18,15.0,40.4,12.9,23.3,1.1,46.1,9.0,1885.0,20.0,4.0,0
20675,Male,Australia,Melbourne,953.58,48.5,40.6,67.8,17.0,41.8,10.2,29.6,3.4,75.5,6.0,2204.0,23.0,6.0,0
20679,Female,India,Bangalore,1854.47,30.0,24.5,103.33,18.0,40.5,11.9,29.2,3.7,55.9,5.0,3322.0,24.0,8.0,0
20682,Male,USA,New York,1518.72,61.3,31.7,89.89,15.0,42.9,6.4,22.3,10.7,31.6,7.0,2133.0,17.0,7.0,0
20689,Female,USA,Chicago,1181.36,51.0,28.2,72.92,19.5,23.5,14.3,22.8,25.5,17.8,6.0,3240.0,18.0,5.0,0
20695,Female,USA,Los Angeles,2049.98,30.1,29.6,116.92,21.0,36.7,12.3,20.5,9.5,42.9,8.0,3867.0,22.0,3.0,1
20726,Male,Germany,Cologne,1569.59,42.5,22.8,113.99,16.0,45.8,11.9,23.6,10.0,58.7,10.0,1694.0,18.0,7.0,0
20738,Female,USA,New York,812.6,50.4,38.5,79.82,15.6,30.1,10.4,27.3,2.1,32.5,6.0,1164.0,16.0,0.0,0
20752,Male,Japan,Tokyo,2184.97,53.0,30.5,160.15,17.0,48.5,12.2,26.5,4.8,35.2,6.0,3179.0,20.0,8.0,0
20759,Male,India,Hyderabad,2281.05,58.4,26.0,133.9,20.8,25.7,17.7,30.8,1.3,59.5,4.0,3555.0,15.0,5.0,1
20797,Female,UK,Birmingham,2048.58,41.9,18.7,143.67,13.0,34.3,15.0,14.7,4.5,24.8,9.0,1797.0,15.0,4.0,0
20830,Male,Canada,Calgary,1525.98,51.4,32.1,83.07,19.0,37.7,13.2,23.9,20.6,42.6,3.0,4179.0,15.0,7.0,0
20855,Male,Germany,Berlin,944.51,52.0,23.8,140.89,6.0,13.2,11.7,16.1,17.5,56.3,1.0,494.0,0.0,7.0,1
20886,Male,USA,Los Angeles,1978.91,38.7,43.0,103.28,17.0,31.6,10.6,31.4,,30.2,4.0,1789.0,12.0,6.0,0
20888,Female,USA,Chicago,2307.66,55.6,22.0,142.07,20.0,26.5,10.0,21.9,10.0,45.9,3.0,4202.0,19.0,3.0,0
20912,Male,Canada,Ottawa,2794.28,16.1,42.4,164.37,20.0,37.0,13.7,24.0,6.5,58.0,7.0,3110.0,27.0,3.0,0
20922,Male,UK,Glasgow,2436.99,48.2,36.5,160.28,15.0,38.0,11.3,28.7,1.1,43.4,5.0,2359.0,13.0,4.0,1
20943,Male,UK,Glasgow,1883.86,7.2,42.2,74.8,22.0,46.9,17.0,29.3,5.6,58.4,11.0,3328.0,25.0,6.0,0
20955,Female,India,Delhi,1018.24,40.5,16.3,69.54,17.0,21.4,12.2,21.2,7.1,37.5,7.0,4185.0,20.0,6.0,0
20961,Male,India,Delhi,2242.84,58.9,30.1,138.72,17.0,39.0,6.0,23.7,4.9,43.8,7.0,578.0,20.0,3.0,1
20963,Female,USA,Chicago,1536.01,50.1,31.0,75.31,18.0,39.0,11.1,26.1,16.7,85.6,3.0,3299.0,23.0,7.0,0
20972,Female,Germany,Hamburg,1463.04,48.7,28.2,91.07,15.0,28.0,13.4,26.6,,27.0,10.0,2306.0,18.0,6.0,0
20981,Male,Germany,Cologne,2416.1,51.8,26.4,124.27,20.0,36.9,10.6,29.2,13.4,37.5,7.0,968.0,12.0,5.0,0
20994,Other,USA,New York,1680.31,56.6,20.7,95.59,20.0,24.7,5.9,17.6,2.4,34.2,3.0,2987.0,13.0,5.0,0
21000,Female,UK,Leeds,2358.58,80.7,13.8,203.54,10.0,7.2,4.5,5.8,7.7,21.4,1.0,0.0,8.0,0.0,1
21013,Female,USA,New York,1862.99,29.8,33.3,122.35,19.0,41.3,17.0,34.2,13.7,72.7,6.0,3106.0,27.0,3.0,0
21025,Female,USA,Los Angeles,1850.52,61.8,32.1,129.95,12.0,28.9,10.4,24.3,14.9,61.1,2.0,1832.0,19.0,5.0,1
21029,Female,USA,Los Angeles,2209.2,37.3,20.6,129.42,19.0,35.1,10.1,23.6,11.5,40.5,2.0,3114.0,11.0,1.0,0
21044,Male,USA,Los Angeles,2606.29,59.7,0.6,217.51,12.0,19.5,5.9,21.9,0.9,14.3,4.0,1056.0,1.0,0.0,1
21047,Female,UK,Leeds,1953.25,58.0,31.4,129.69,14.0,33.4,9.2,26.9,1.6,47.4,7.0,2954.0,23.0,6.0,1
21050,Male,USA,Los Angeles,2430.68,35.5,28.6,141.43,21.0,41.0,15.3,35.4,6.3,72.0,7.0,0.0,16.0,6.0,0
21081,Female,Australia,Perth,2433.64,40.6,7.0,199.76,12.0,29.6,15.0,24.4,3.6,18.8,2.0,3081.0,11.0,5.0,1
21083,Female,USA,New York,1978.95,42.5,32.2,129.32,15.0,48.5,15.5,31.1,7.0,45.9,5.0,3467.0,16.0,3.0,0
21088,Female,USA,New York,1319.78,81.5,30.3,123.32,16.900000000000002,23.6,9.4,10.7,,41.8,3.0,2240.0,13.0,0.0,0
21095,Male,UK,Birmingham,2337.87,43.6,32.9,146.79,16.0,35.2,9.1,18.4,11.4,59.0,3.0,2810.0,17.0,3.0,0
21115,Female,Germany,Hamburg,1470.94,73.3,1.3,102.75,16.900000000000002,19.5,7.6,15.3,20.6,6.8,2.0,4953.0,5.0,0.0,1
21155,Male,USA,Chicago,2439.04,57.3,0.0,186.57,14.3,30.4,8.9,16.9,0.6,39.0,0.0,1294.0,6.0,2.0,1
21166,Male,Germany,Berlin,2546.9,35.3,35.0,169.61,17.0,25.8,10.9,16.8,3.2,24.7,2.0,3739.0,9.0,1.0,1
21182,Female,Canada,Ottawa,1966.65,42.2,24.2,87.22,21.0,43.5,9.7,38.7,13.3,69.9,6.0,4180.0,15.0,3.0,0
21216,Female,USA,Chicago,523.34,60.4,33.9,48.45,15.6,28.4,11.2,17.1,1.2,24.0,4.0,3274.0,4.0,4.0,0
21284,Male,USA,Phoenix,1951.32,36.6,34.3,108.8,21.0,37.5,12.5,34.4,7.1,66.2,5.0,3475.0,25.0,3.0,0
21287,Female,UK,Birmingham,1956.96,62.6,19.4,121.73,18.2,30.6,12.7,28.1,,44.2,8.0,4706.0,9.0,1.0,0
21298,Male,USA,Chicago,1819.09,45.6,26.5,126.83,18.2,35.9,12.0,27.3,6.3,16.4,11.0,4026.0,26.0,4.0,0
21308,Male,Australia,Brisbane,2512.92,29.1,40.1,149.12,21.0,50.5,13.0,44.8,15.7,71.8,9.0,3319.0,24.0,4.0,0
21336,Female,Canada,Montreal,2079.18,46.5,32.7,119.54,20.8,41.6,13.9,34.6,6.6,55.1,7.0,5373.0,21.0,3.0,0
21365,Female,Canada,Ottawa,1417.41,50.5,39.1,86.67,18.0,38.3,15.2,27.3,0.9,26.8,10.0,3472.0,18.0,3.0,0
21382,Male,Germany,Cologne,1965.2,38.5,18.4,126.11,19.5,24.5,12.6,15.1,6.4,4.7,6.0,434.0,5.0,2.0,1
21383,Male,UK,Birmingham,1395.61,48.4,40.1,82.32,19.5,37.6,9.2,19.3,2.3,17.9,7.0,3334.0,7.0,2.0,0
21390,Female,Japan,Yokohama,1195.16,57.6,24.2,114.42,15.6,37.6,5.9,17.4,6.5,6.5,8.0,534.0,16.0,2.0,0
21412,Male,France,Nice,815.94,55.8,22.2,69.42,14.3,31.5,10.1,23.6,2.3,73.9,9.0,3906.0,8.0,3.0,0
21441,Male,UK,Birmingham,1403.51,25.8,10.9,73.83,19.0,41.0,12.0,25.1,5.8,55.2,9.0,4114.0,20.0,7.0,0
21520,Male,USA,Chicago,1364.56,68.3,28.8,78.59,19.0,26.7,10.3,11.8,15.6,27.5,2.0,1242.0,9.0,2.0,0
21569,Male,USA,Chicago,1247.5,42.1,52.6,70.31,17.0,43.0,17.0,33.1,,66.3,6.0,3944.0,21.0,4.0,0
21578,Female,USA,Los Angeles,2111.06,26.0,6.1,155.05,14.0,43.6,15.8,36.5,7.9,32.6,8.0,2387.0,22.0,7.0,0
21579,Female,USA,New York,1088.49,45.3,29.5,67.57,17.0,33.8,12.4,30.2,14.1,21.9,8.0,3349.0,22.0,6.0,0
21599,Female,India,Delhi,2154.77,62.7,0.0,179.7,10.0,33.3,8.5,21.7,4.4,44.7,4.0,1700.0,8.0,4.0,0
21663,Male,France,Marseille,997.55,44.9,10.6,104.84,14.3,23.7,11.7,22.7,4.4,40.1,9.0,2878.0,16.0,2.0,0
21719,Female,Australia,Perth,2229.24,58.0,9.2,127.87,15.0,41.0,11.5,30.7,4.0,33.2,4.0,882.0,14.0,2.0,1
21735,Male,UK,Leeds,1405.23,53.9,15.2,121.54,13.0,38.5,12.9,23.5,,38.7,6.0,1949.0,14.0,8.0,0
21750,Female,India,Hyderabad,1651.48,59.9,23.0,102.58,19.0,40.1,14.1,28.4,4.1,3.0,3.0,1372.0,9.0,6.0,0
21815,Female,France,Lyon,1561.26,54.8,19.7,107.55,19.5,29.1,11.3,33.9,3.1,46.7,4.0,1659.0,12.0,5.0,0
21817,Female,USA,Phoenix,465.61,62.1,26.4,48.64,14.3,27.9,10.4,23.4,2.0,20.6,8.0,1211.0,14.0,4.0,0
21826,Male,UK,Leeds,1938.24,48.2,31.7,125.38,18.2,48.0,13.7,18.2,3.3,28.1,11.0,2725.0,19.0,3.0,0
21841,Female,France,Nice,1966.28,47.9,21.3,128.69,19.5,24.1,12.1,26.4,3.6,52.9,6.0,3299.0,10.0,1.0,0
21849,Other,Germany,Hamburg,1910.68,51.2,24.6,189.95,11.7,18.2,9.0,16.9,2.6,6.5,6.0,2017.0,13.0,8.0,1
21881,Male,Germany,Hamburg,1835.73,36.8,35.5,137.13,14.0,38.8,13.6,32.3,2.1,69.3,5.0,3650.0,17.0,6.0,0
21896,Female,UK,Birmingham,1014.59,41.9,8.8,79.9,12.0,31.4,15.3,19.3,1.2,62.8,7.0,2699.0,21.0,7.0,0
21910,Male,UK,Glasgow,161.82,66.6,0.0,183.14,1.3,13.6,1.0,7.5,5.1,0.0,1.0,1201.0,11.0,1.0,1
21913,Female,USA,Houston,1426.56,55.3,12.4,80.76,18.0,40.7,13.2,27.1,5.1,59.7,8.0,4398.0,9.0,7.0,0
21922,Female,Germany,Cologne,2279.29,45.4,27.8,135.36,16.0,27.8,11.7,27.1,7.1,32.8,3.0,2119.0,18.0,2.0,0
21935,Female,USA,Houston,1931.63,33.2,31.6,114.76,21.0,47.9,11.0,32.4,1.5,40.6,9.0,2406.0,11.0,6.0,0
21949,Female,USA,Phoenix,1504.96,41.4,23.9,76.15,21.0,42.1,6.0,28.6,0.7,48.4,5.0,2070.0,21.0,6.0,0
21951,Female,USA,New York,1745.14,76.3,5.1,106.8,14.0,7.7,1.0,8.5,4.9,14.5,2.0,639.0,1.0,0.0,1
21962,Male,Canada,Toronto,1132.57,42.9,15.0,66.29,15.0,34.6,14.5,31.3,15.2,48.5,5.0,1670.0,28.0,8.0,0
22000,Male,USA,Chicago,1793.67,44.5,33.1,116.94,20.8,27.0,14.5,24.1,4.0,52.7,5.0,4081.0,30.0,4.0,0
22007,Male,UK,London,2401.73,39.4,34.5,154.11,16.900000000000002,40.1,8.7,23.7,1.2,34.4,8.0,1584.0,13.0,6.0,0
22057,Female,India,Delhi,1282.88,35.4,56.8,80.48,19.0,39.7,12.3,41.3,5.5,55.9,8.0,3503.0,21.0,4.0,0
22082,Male,France,Paris,1401.97,42.3,23.7,112.02,13.0,33.3,12.2,17.6,6.9,50.3,11.0,4475.0,18.0,3.0,0
22100,Male,Germany,Frankfurt,2113.04,44.8,31.0,142.02,13.0,31.8,9.6,36.9,2.9,45.3,6.0,1644.0,19.0,5.0,0
22137,Female,USA,Houston,1873.88,55.1,29.7,103.48,16.0,26.9,11.7,15.1,6.1,19.5,8.0,4187.0,12.0,1.0,0
22174,Female,Germany,Cologne,2114.95,34.8,24.5,161.48,19.5,36.1,10.2,19.7,3.9,45.6,2.0,2555.0,17.0,2.0,1
22197,Female,Canada,Montreal,1469.67,68.3,23.6,118.52,13.0,31.0,7.9,22.4,1.4,30.1,4.0,2452.0,15.0,8.0,0
22208,Female,USA,Phoenix,1060.89,50.4,44.9,117.53,13.0,23.8,7.1,24.4,0.9,54.0,2.0,1574.0,13.0,7.0,0
22224,Male,Canada,Calgary,1681.6,40.1,33.5,112.42,15.0,30.4,10.6,25.6,3.0,66.6,9.0,2995.0,20.0,7.0,0
22228,Female,Australia,Adelaide,2102.19,47.2,22.1,138.63,13.0,24.4,11.1,20.6,7.0,17.6,4.0,1746.0,20.0,1.0,0
22238,Female,USA,Phoenix,954.19,83.8,6.3,84.13,15.6,15.6,3.8,8.8,2.8,36.8,6.0,3424.0,4.0,2.0,1
22254,Female,Australia,Brisbane,2197.55,64.1,34.9,108.01,18.0,23.4,15.1,19.9,11.4,49.8,6.0,2397.0,19.0,6.0,1
22255,Female,USA,Houston,1850.19,50.1,39.9,134.37,12.0,33.6,6.9,23.9,6.6,49.2,7.0,2692.0,4.0,1.0,0
22268,Female,Japan,Nagoya,2348.77,65.6,13.5,142.59,16.0,35.7,10.5,20.6,2.0,28.4,4.0,1924.0,12.0,4.0,0
22305,Male,USA,Phoenix,1914.07,47.7,29.6,94.74,18.0,34.4,8.6,30.1,15.2,39.1,9.0,3409.0,17.0,5.0,1
22333,Female,Australia,Perth,1652.9,71.0,0.0,106.49,14.0,18.3,5.7,17.6,5.8,14.7,6.0,0.0,5.0,0.0,0
22342,Male,Japan,Tokyo,1376.19,25.2,22.6,76.2,16.0,40.9,11.0,30.3,4.8,46.1,11.0,2786.0,22.0,2.0,0
22349,Female,UK,Leeds,2366.52,56.5,10.8,166.32,19.5,21.1,7.9,21.5,25.9,21.8,6.0,2890.0,13.0,2.0,1
22377,Female,Australia,Melbourne,979.16,34.3,32.0,66.57,17.0,40.0,12.1,16.5,18.6,47.8,8.0,3035.0,16.0,5.0,0
22385,Male,Germany,Munich,2366.81,39.4,33.9,115.95,23.4,44.7,10.8,37.2,0.8,47.5,8.0,2693.0,25.0,5.0,0
22388,Male,Germany,Berlin,1325.26,45.6,12.8,107.06,18.2,34.1,7.4,20.5,4.3,29.4,8.0,3023.0,15.0,3.0,0
22427,Female,Australia,Perth,1249.75,88.0,11.6,83.23,16.900000000000002,11.7,2.2,15.3,13.3,18.3,0.0,1155.0,10.0,0.0,1
22448,Male,USA,Houston,2038.24,16.4,26.8,109.65,22.1,40.8,8.9,27.5,1.3,73.5,8.0,3278.0,24.0,3.0,1
22461,Male,Germany,Hamburg,2214.77,44.8,21.7,170.47,16.0,43.0,17.4,22.3,9.2,39.3,5.0,2830.0,6.0,8.0,0
22478,Female,India,Bangalore,2206.85,38.5,29.4,124.04,17.0,40.9,14.6,38.6,3.5,53.7,6.0,3171.0,18.0,6.0,0
22499,Male,India,Mumbai,1370.34,71.0,4.6,115.6,16.900000000000002,24.9,6.8,16.5,10.3,17.2,5.0,1837.0,18.0,1.0,0
22519,Male,UK,London,1014.06,80.5,18.8,105.09,11.0,30.3,5.9,20.5,4.3,36.7,7.0,0.0,6.0,7.0,0
22550,Male,USA,Houston,2101.21,42.9,26.8,151.34,14.0,30.7,14.2,20.6,4.4,41.9,8.0,1697.0,3.0,2.0,0
22564,Male,UK,Manchester,2207.16,56.4,24.0,150.3,13.0,32.6,12.0,20.1,5.1,20.2,4.0,3517.0,14.0,5.0,0
22586,Male,Canada,Montreal,1160.45,53.3,37.1,92.97,11.0,34.2,9.8,31.0,8.6,62.9,9.0,1854.0,14.0,2.0,0
22590,Female,UK,Leeds,1756.18,62.2,0.0,117.5,14.0,18.0,9.3,7.0,8.4,34.9,8.0,1410.0,15.0,1.0,0
22594,Male,Germany,Hamburg,1676.47,50.5,39.5,108.48,15.0,37.6,8.8,24.1,5.4,69.0,10.0,2694.0,23.0,6.0,0
22601,Male,France,Nice,990.15,41.9,20.8,79.65,16.900000000000002,28.6,9.0,24.5,15.4,22.0,5.0,1302.0,8.0,5.0,0
22637,Male,India,Chennai,1534.03,56.0,7.7,134.02,16.900000000000002,19.7,4.6,7.5,4.0,28.8,2.0,879.0,4.0,0.0,0
22648,Male,Canada,Ottawa,1976.93,58.4,33.7,155.27,11.0,45.4,11.2,26.4,3.5,23.0,6.0,2233.0,8.0,2.0,0
22652,Male,USA,New York,861.64,48.7,32.3,88.87,15.6,26.4,11.1,19.4,0.8,59.3,2.0,3675.0,10.0,2.0,0
22663,Male,USA,Chicago,2637.07,56.5,36.5,180.08,17.0,44.4,11.2,20.7,5.7,42.1,7.0,2589.0,17.0,1.0,0
22669,Male,USA,Chicago,2115.0,51.8,2.2,122.67,21.0,39.8,11.4,22.8,2.3,63.2,7.0,4053.0,20.0,5.0,0
22671,Male,USA,Houston,1645.37,53.1,12.6,122.03,19.5,40.4,12.4,27.4,,16.4,5.0,2614.0,20.0,2.0,0
22677,Female,USA,Phoenix,1964.42,58.5,15.2,136.83,13.0,17.4,5.6,16.4,17.8,53.9,3.0,3353.0,5.0,0.0,0
22680,Female,Canada,Montreal,2205.22,42.4,31.3,141.55,19.0,24.3,9.9,32.4,12.7,68.0,3.0,4160.0,11.0,5.0,0
22689,Male,India,Mumbai,1921.19,28.9,14.7,126.95,16.900000000000002,36.5,8.5,33.1,2.5,58.0,7.0,2411.0,17.0,8.0,0
22734,Male,USA,Houston,1522.9,49.8,26.6,100.69,18.2,20.0,5.4,12.4,8.3,16.4,4.0,3260.0,4.0,3.0,0
22753,Male,USA,Houston,1694.34,30.4,45.7,105.76,18.0,41.1,14.6,29.2,4.6,43.0,6.0,4055.0,16.0,7.0,0
22755,Male,France,Toulouse,1053.59,28.3,22.0,80.2,14.0,41.6,15.8,15.0,3.1,53.5,10.0,2608.0,13.0,2.0,0
22775,Male,USA,New York,1556.87,32.1,41.6,95.17,18.0,41.4,14.5,33.3,12.5,46.9,6.0,2448.0,24.0,7.0,0
22776,Male,Germany,Hamburg,1274.72,35.4,35.4,76.37,19.0,41.1,12.5,34.1,4.4,45.6,5.0,3177.0,22.0,6.0,0
22807,Female,Japan,Tokyo,1664.62,29.3,47.7,84.25,22.0,39.9,15.2,29.8,3.9,43.5,8.0,3038.0,23.0,4.0,0
22885,Female,Germany,Frankfurt,2138.48,32.7,41.1,107.34,18.0,28.3,11.9,24.8,0.3,51.1,5.0,1712.0,11.0,3.0,1
22899,Female,Australia,Melbourne,1955.31,48.8,33.2,92.75,18.0,32.4,11.4,34.0,0.9,38.7,8.0,3252.0,17.0,1.0,0
22902,Female,UK,Glasgow,1217.18,45.3,28.8,74.43,18.0,36.9,14.3,34.2,0.4,29.2,4.0,2886.0,16.0,1.0,0
22914,Male,USA,Chicago,1775.21,61.7,23.0,123.71,13.0,30.7,11.9,21.7,3.2,18.3,9.0,2019.0,12.0,3.0,0
23012,Female,Japan,Nagoya,1000.4,45.2,18.5,103.88,15.6,33.9,9.8,24.2,6.1,35.8,3.0,1807.0,11.0,6.0,0
23025,Female,UK,Leeds,2296.27,64.8,37.9,131.53,18.0,38.0,8.1,28.4,6.0,36.3,4.0,2157.0,7.0,2.0,1
23033,Male,Canada,Calgary,1584.25,53.6,13.3,158.92,11.0,31.4,11.1,13.9,5.4,31.6,2.0,852.0,5.0,8.0,0
23041,Female,UK,Leeds,1248.35,36.2,44.7,74.48,16.0,51.2,14.3,26.6,20.2,46.3,9.0,3675.0,19.0,4.0,0
23061,Female,UK,London,2559.1,43.5,19.9,175.63,15.0,22.8,8.5,22.9,5.6,43.3,5.0,1636.0,24.0,3.0,1
23076,Other,Canada,Toronto,1645.24,40.3,0.0,147.47,16.900000000000002,36.1,9.4,17.3,10.5,18.8,8.0,2663.0,18.0,3.0,0
23110,Female,France,Marseille,2191.73,58.9,47.5,96.99,21.0,28.9,15.8,28.3,4.4,28.5,8.0,2967.0,29.0,4.0,1
23118,Male,Australia,Perth,2100.47,52.0,14.4,147.95,13.0,24.5,9.4,14.2,0.7,21.5,5.0,1505.0,17.0,5.0,1
23128,Female,USA,Los Angeles,1442.44,52.2,35.4,99.53,18.0,35.6,11.6,20.1,11.5,64.9,5.0,2922.0,15.0,7.0,0
23252,Female,USA,Houston,1202.72,43.6,40.6,84.64,16.0,34.9,15.2,28.9,2.7,56.2,7.0,3166.0,16.0,7.0,0
23277,Male,Germany,Cologne,2590.93,58.2,24.1,221.17,10.0,20.9,8.5,18.8,3.1,21.8,3.0,2910.0,12.0,3.0,0
23278,Female,France,Nice,988.91,65.9,24.5,73.86,16.900000000000002,31.4,9.6,26.0,6.7,31.8,1.0,489.0,13.0,4.0,0
23296,Female,Japan,Yokohama,1879.7,58.9,27.4,102.09,22.1,40.0,10.3,25.7,2.3,38.5,7.0,3851.0,10.0,3.0,0
23363,Male,Japan,Osaka,815.81,61.3,17.4,62.72,13.0,24.6,8.7,17.4,4.4,41.1,5.0,1134.0,18.0,8.0,0
23366,Female,Australia,Perth,946.46,57.7,31.7,48.07,19.0,37.0,14.5,23.1,9.9,27.1,4.0,2703.0,17.0,6.0,0
23429,Female,UK,Manchester,2065.31,36.3,19.8,128.66,14.0,32.9,7.9,16.5,7.0,47.8,8.0,3212.0,19.0,2.0,0
23436,Male,India,Mumbai,1550.6,58.4,9.9,117.8,12.0,21.6,8.0,7.8,7.7,17.3,9.0,1192.0,3.0,2.0,0
23520,Male,Germany,Hamburg,1872.91,61.8,33.6,142.15,12.0,33.8,8.0,16.5,11.2,30.7,6.0,2710.0,24.0,6.0,0
23535,Female,Australia,Adelaide,2471.39,27.6,43.6,164.94,18.0,32.3,12.4,21.4,2.1,65.1,11.0,3523.0,22.0,5.0,0
23554,Other,France,Paris,1443.47,43.7,12.5,112.69,13.0,23.1,7.4,29.4,13.5,58.6,1.0,2535.0,14.0,7.0,0
23633,Male,Australia,Sydney,1732.27,44.3,42.0,86.6,20.0,35.4,11.3,35.3,14.9,45.4,9.0,5014.0,21.0,7.0,0
23635,Other,USA,New York,1549.6,36.0,34.8,138.74,16.900000000000002,25.0,11.7,23.8,4.1,63.9,9.0,1224.0,20.0,3.0,0
23648,Male,USA,Houston,1692.52,66.3,50.1,149.79,13.0,32.8,10.5,23.7,0.9,18.2,10.0,684.0,20.0,2.0,0
23705,Female,UK,Manchester,1437.19,46.9,21.7,72.63,20.0,27.2,8.8,8.2,3.5,28.8,4.0,2452.0,11.0,4.0,0
23714,Male,USA,Phoenix,943.44,40.0,29.9,77.0,15.0,33.6,13.6,25.9,7.3,34.1,6.0,3674.0,18.0,7.0,0
23777,Female,USA,Houston,1804.66,63.5,12.3,133.93,13.0,24.3,7.2,22.8,7.1,21.7,4.0,2537.0,12.0,7.0,1
23820,Male,India,Mumbai,1531.11,37.3,41.0,72.82,20.0,34.2,12.8,25.2,3.4,48.1,8.0,1967.0,20.0,1.0,0
23822,Male,Canada,Toronto,671.66,40.9,36.5,47.01,16.0,42.9,12.1,27.7,5.8,63.6,4.0,1280.0,20.0,4.0,0
23842,Male,India,Mumbai,2268.06,43.0,50.3,126.73,22.1,32.3,13.4,32.4,6.7,58.8,7.0,3529.0,28.0,6.0,0
23850,Female,UK,Leeds,1009.12,60.9,14.2,76.02,15.6,26.3,9.4,20.4,17.2,19.9,5.0,2134.0,21.0,7.0,1
24004,Other,UK,Manchester,1882.79,47.0,8.7,99.76,20.8,24.5,7.7,26.3,5.2,12.1,6.0,2573.0,12.0,4.0,1
24018,Female,UK,Manchester,2070.58,55.3,4.6,118.99,17.0,17.6,12.5,23.7,6.9,32.4,3.0,2066.0,11.0,6.0,0
24034,Female,Japan,Kyoto,1968.0,40.2,27.0,111.19,15.0,35.3,11.1,21.1,10.4,31.3,9.0,3421.0,23.0,3.0,1
24087,Female,USA,Phoenix,835.12,42.5,20.6,76.33,16.900000000000002,31.2,10.8,21.5,4.5,37.5,5.0,3576.0,15.0,2.0,0
24098,Male,India,Bangalore,1123.47,47.3,46.3,77.27,18.2,39.9,10.7,25.0,7.4,25.3,7.0,3210.0,4.0,2.0,0
24113,Female,UK,Manchester,2123.07,37.5,26.5,142.81,16.0,49.3,12.1,25.4,3.9,47.6,9.0,3355.0,26.0,5.0,1
24123,Male,USA,Los Angeles,2817.51,57.7,9.6,223.86,15.0,28.6,6.0,20.0,11.9,32.0,2.0,960.0,9.0,0.0,1
24182,Male,UK,Leeds,2221.66,40.4,55.2,119.89,19.0,38.0,14.8,31.8,14.4,29.1,9.0,3247.0,24.0,5.0,0
24217,Female,France,Nice,1361.8,56.7,32.6,95.58,13.0,38.2,8.8,18.6,3.2,45.7,10.0,916.0,12.0,5.0,0
24226,Female,USA,Houston,1643.84,39.7,38.1,93.74,17.0,47.5,11.9,30.5,0.6,92.2,7.0,2600.0,17.0,3.0,0
24244,Female,USA,New York,2878.87,37.9,15.0,232.38,14.0,37.2,13.4,20.0,5.8,38.3,4.0,3587.0,19.0,6.0,1
24254,Male,Australia,Melbourne,2057.26,63.7,11.5,175.57,15.6,14.4,4.0,7.4,5.4,10.5,1.0,1519.0,0.0,1.0,1
24260,Male,Germany,Cologne,2576.69,38.0,25.7,158.59,18.2,30.2,12.4,23.2,3.5,56.1,5.0,3744.0,16.0,4.0,0
24279,Male,France,Lyon,1682.95,40.8,33.1,79.44,21.0,43.8,15.8,34.5,2.1,59.0,9.0,4375.0,13.0,6.0,0
24286,Male,France,Marseille,1542.56,55.2,42.9,108.38,17.0,40.5,14.4,33.0,1.8,60.9,10.0,2916.0,19.0,2.0,0
24295,Male,USA,New York,1124.14,58.0,21.9,105.04,12.0,34.6,15.0,14.1,8.8,31.5,9.0,2479.0,22.0,6.0,1
24309,Female,Canada,Toronto,896.34,42.7,12.0,74.35,14.0,29.9,9.5,28.4,1.2,39.7,10.0,1100.0,12.0,2.0,0
24356,Male,USA,Houston,1869.94,64.1,15.6,132.3,12.0,26.0,6.8,20.1,20.9,51.3,5.0,2366.0,11.0,5.0,0
24358,Female,USA,Phoenix,1869.98,64.1,21.9,130.08,13.0,20.2,10.5,17.8,14.6,49.1,9.0,1565.0,14.0,3.0,0
24359,Male,USA,Phoenix,1746.53,81.8,0.0,122.9,12.0,16.4,1.0,9.6,3.0,0.0,3.0,1675.0,0.0,1.0,1
24429,Female,UK,Leeds,1912.61,35.6,34.0,117.56,14.0,40.6,11.2,25.1,,42.8,4.0,2157.0,26.0,4.0,0
24441,Female,USA,Chicago,1299.02,33.8,14.5,84.57,13.0,23.3,10.1,30.3,6.1,32.9,6.0,1953.0,22.0,8.0,0
24479,Male,Japan,Yokohama,1367.2,45.8,46.5,94.14,15.0,37.0,13.3,35.6,5.0,53.9,4.0,3921.0,20.0,7.0,0
24481,Male,Canada,Ottawa,796.86,51.1,46.3,50.44,16.0,39.8,12.0,36.1,11.3,63.7,6.0,3357.0,17.0,3.0,0
24501,Male,USA,Los Angeles,1301.1,37.7,10.7,97.56,18.2,26.8,11.9,21.1,2.5,21.7,6.0,1978.0,16.0,3.0,0
24517,Male,UK,Leeds,2164.34,29.0,33.6,121.44,20.8,44.9,14.6,31.8,17.1,47.5,5.0,4625.0,22.0,5.0,1
24519,Female,USA,Houston,1505.99,56.2,35.7,120.61,13.0,33.4,12.6,21.2,,10.5,11.0,3410.0,23.0,2.0,0
24521,Female,Australia,Adelaide,1961.72,57.5,15.7,128.15,18.0,30.7,8.3,21.3,16.4,33.3,1.0,2211.0,9.0,5.0,1
24580,Female,USA,Los Angeles,2004.1,51.7,37.2,127.79,16.0,40.9,12.7,20.3,3.1,70.5,9.0,767.0,19.0,1.0,0
24594,Male,UK,London,1017.96,50.0,28.3,114.47,14.3,18.8,12.6,18.6,1.3,23.2,2.0,1034.0,2.0,6.0,0
24601,Male,Canada,Montreal,1939.18,42.1,48.1,121.06,14.0,32.1,9.0,25.8,2.9,19.4,5.0,498.0,19.0,0.0,0
24610,Male,India,Chennai,2078.07,51.7,36.8,141.41,18.0,33.9,13.5,30.8,19.4,18.9,1.0,4538.0,13.0,4.0,1
24721,Female,UK,Manchester,1075.92,42.8,28.7,95.52,14.0,44.9,13.1,21.0,8.7,39.4,3.0,3238.0,4.0,7.0,0
24736,Male,USA,Houston,2159.12,73.3,24.1,159.4,13.0,17.6,5.3,0.0,1.3,2.4,1.0,0.0,6.0,0.0,1
24742,Male,USA,New York,1729.65,50.6,13.3,108.62,18.2,29.2,10.6,15.3,3.1,33.8,7.0,993.0,13.0,5.0,0
24764,Female,India,Chennai,2100.17,56.2,37.8,170.8,19.5,47.6,9.1,22.5,1.0,26.2,6.0,3498.0,18.0,6.0,0
24781,Female,USA,Chicago,1951.16,56.2,35.7,107.76,20.0,29.2,8.8,16.6,2.5,29.1,2.0,1524.0,6.0,2.0,1
24840,Female,USA,New York,1123.75,41.4,9.4,100.62,13.0,34.3,9.9,27.3,2.6,37.6,10.0,2676.0,25.0,2.0,0
24845,Male,Canada,Toronto,2045.39,65.0,11.2,134.16,16.900000000000002,28.8,2.1,13.2,5.3,29.5,4.0,1372.0,3.0,2.0,1
24856,Other,Canada,Calgary,938.02,22.5,16.2,54.01,16.0,43.4,11.6,25.4,11.3,1.4,3.0,1879.0,27.0,6.0,0
24881,Female,USA,Los Angeles,2054.49,39.2,32.8,108.64,16.0,43.7,16.3,33.7,5.9,41.4,5.0,2561.0,10.0,4.0,1
24900,Female,France,Marseille,1765.2,27.5,46.0,86.49,18.0,32.6,13.5,42.3,0.9,46.5,9.0,3264.0,22.0,2.0,0
24918,Male,Canada,Toronto,2104.4,40.5,29.3,120.48,18.0,38.6,13.4,38.5,3.1,41.4,7.0,2724.0,20.0,8.0,0
24928,Male,France,Paris,2057.93,52.8,37.8,102.5,17.0,40.2,13.8,29.8,1.7,57.6,5.0,4186.0,26.0,5.0,1
24933,Male,India,Hyderabad,1617.45,48.9,0.7,122.66,18.2,32.5,12.0,20.2,11.2,0.0,5.0,1440.0,17.0,4.0,0
24943,Female,Canada,Calgary,2509.59,39.1,26.1,219.83,10.0,27.7,10.2,26.9,15.6,20.0,6.0,3616.0,9.0,2.0,1
24966,Male,India,Mumbai,769.04,49.0,21.0,62.23,16.900000000000002,42.8,8.7,22.7,10.2,55.2,6.0,2369.0,14.0,3.0,0
24988,Female,Germany,Hamburg,1507.79,62.2,22.2,102.24,13.0,22.6,6.5,14.8,9.8,11.4,9.0,1105.0,9.0,5.0,0
25003,Female,USA,Phoenix,2102.9,30.8,44.3,126.51,20.0,54.4,16.3,27.5,4.9,47.2,4.0,3169.0,17.0,4.0,1
25013,Male,Germany,Hamburg,1563.93,39.2,25.0,83.27,20.8,39.6,13.0,22.2,1.1,58.9,6.0,807.0,6.0,4.0,1
25047,Male,Canada,Ottawa,1592.79,46.6,14.8,137.19,11.0,28.6,6.2,26.3,1.6,60.4,7.0,2567.0,4.0,7.0,0
25113,Male,USA,Houston,1223.39,46.9,37.9,89.36,15.0,30.9,9.2,30.2,7.2,42.1,10.0,0.0,16.0,5.0,0
25118,Male,Japan,Nagoya,810.76,40.3,21.3,75.35,12.0,42.4,12.8,22.9,9.8,37.6,6.0,1244.0,17.0,7.0,0
25134,Female,France,Toulouse,2104.97,39.2,42.8,113.83,20.0,45.4,12.8,30.9,7.9,53.2,11.0,2229.0,18.0,5.0,0
25150,Male,USA,Chicago,1007.37,37.2,47.6,48.37,18.0,45.8,13.0,29.0,4.8,70.9,4.0,1797.0,24.0,4.0,0
25184,Other,UK,Leeds,1569.44,42.9,25.1,115.86,19.5,36.1,15.2,31.3,3.1,49.8,8.0,3774.0,18.0,3.0,0
25191,Female,Canada,Vancouver,2295.06,38.2,32.0,148.04,16.0,30.1,11.0,31.2,5.9,46.7,8.0,1910.0,37.0,4.0,0
25204,Female,Canada,Vancouver,1742.61,61.5,5.0,89.35,17.0,14.7,11.8,7.9,6.3,34.8,6.0,2555.0,0.0,1.0,0
25240,Female,USA,Phoenix,1332.18,49.1,29.9,85.09,15.0,37.7,15.0,41.3,4.4,42.1,10.0,1466.0,16.0,6.0,0
25248,Male,USA,Phoenix,2431.98,60.0,13.8,171.18,15.0,50.9,14.3,20.8,2.4,41.2,9.0,3308.0,14.0,5.0,0
25255,Female,France,Lyon,1030.94,56.0,15.1,93.98,16.900000000000002,29.7,9.3,14.8,9.1,46.2,4.0,1252.0,20.0,1.0,0
25280,Male,UK,London,1444.91,55.3,22.9,111.9,16.900000000000002,30.3,9.9,9.4,5.1,40.3,3.0,694.0,18.0,6.0,0
25285,Female,UK,Glasgow,2075.22,55.1,27.7,174.84,14.0,19.8,11.4,15.4,6.8,0.0,10.0,1672.0,8.0,4.0,0
25295,Male,UK,Glasgow,1545.74,48.9,10.5,113.36,15.0,15.1,9.1,11.6,6.9,14.7,2.0,1738.0,10.0,7.0,0
25379,Female,Australia,Sydney,1711.45,36.0,58.8,99.28,19.0,37.3,17.6,19.0,9.3,45.6,8.0,2961.0,22.0,6.0,0
25424,Female,Germany,Munich,1842.7,36.8,34.5,85.39,21.0,42.9,9.0,40.3,6.4,53.3,9.0,3544.0,27.0,5.0,0
25427,Female,France,Lyon,2403.3,48.7,20.3,185.7,12.0,29.8,10.6,19.1,0.4,43.0,5.0,4575.0,18.0,2.0,0
25438,Male,Canada,Montreal,2243.75,49.3,28.7,154.43,15.0,30.5,8.4,23.8,8.6,38.3,8.0,3079.0,13.0,1.0,1
25441,Male,India,Bangalore,1481.4,54.7,23.1,99.47,18.0,36.2,8.9,25.9,5.9,45.0,1.0,4530.0,21.0,2.0,0
25525,Female,UK,Manchester,2041.57,46.1,6.2,140.89,19.5,19.5,11.2,17.8,7.0,36.3,3.0,2032.0,15.0,4.0,0
25530,Female,Australia,Perth,1887.69,46.8,40.2,100.2,22.0,47.5,15.0,34.0,4.4,47.0,7.0,2447.0,26.0,3.0,0
25542,Male,India,Delhi,2139.83,36.5,14.3,99.64,18.0,31.1,11.7,23.3,,21.0,7.0,1488.0,9.0,2.0,0
25567,Female,India,Delhi,1744.31,68.0,36.0,87.42,17.0,20.3,10.3,22.3,6.3,39.5,9.0,2966.0,15.0,2.0,0
25584,Female,Germany,Cologne,1070.61,52.6,29.0,54.94,19.0,33.4,9.0,32.1,15.7,46.1,7.0,633.0,15.0,3.0,0
25602,Male,UK,London,2762.45,51.0,1.8,251.92,11.0,27.4,11.0,20.4,,22.2,1.0,3710.0,12.0,5.0,1
25643,Female,Japan,Tokyo,2312.5,35.6,35.1,109.97,22.0,48.7,13.5,40.6,7.1,72.7,5.0,3293.0,22.0,4.0,0
25716,Female,USA,Phoenix,1710.41,30.4,44.4,115.48,18.0,33.0,13.4,25.5,9.2,59.4,8.0,2159.0,12.0,7.0,0
25720,Female,Canada,Vancouver,496.3,56.1,16.0,45.62,12.0,34.2,14.3,27.0,0.3,69.5,6.0,3352.0,10.0,7.0,0
25774,Male,Germany,Berlin,1959.59,23.4,44.5,79.59,23.0,35.0,13.6,25.5,13.2,56.7,8.0,2132.0,22.0,5.0,0
25798,Female,UK,London,2156.91,53.5,29.3,157.57,12.0,28.9,9.4,17.4,5.8,13.2,4.0,139.0,8.0,1.0,0
25838,Female,UK,Manchester,1842.27,46.2,36.4,99.99,20.0,53.3,17.2,33.6,6.0,48.6,5.0,3767.0,25.0,5.0,0
25843,Male,Canada,Calgary,1843.23,57.9,7.5,122.24,18.2,27.1,5.2,15.4,1.7,33.9,3.0,1192.0,11.0,3.0,0
25932,Male,Germany,Berlin,2209.92,37.0,19.0,149.62,18.2,36.9,5.3,25.2,7.0,35.6,6.0,1527.0,8.0,6.0,1
25938,Male,Canada,Toronto,1821.95,75.4,1.8,109.0,15.0,18.2,3.4,10.9,4.4,17.4,2.0,2274.0,8.0,0.0,1
25971,Male,USA,New York,2139.42,65.8,14.3,199.41,9.0,27.9,9.2,18.7,0.9,47.0,8.0,1231.0,4.0,3.0,1
26002,Female,USA,New York,834.83,59.1,27.5,59.22,16.900000000000002,31.3,11.3,20.0,10.0,54.1,7.0,1822.0,15.0,6.0,0
26003,Female,USA,Phoenix,1116.2,45.3,22.8,92.49,12.0,25.3,8.9,20.0,2.7,30.1,11.0,3253.0,10.0,5.0,0
26058,Female,Australia,Sydney,1670.44,47.0,35.5,91.55,17.0,46.3,11.7,33.3,12.1,59.6,9.0,4548.0,18.0,3.0,0
26069,Female,UK,Glasgow,1872.03,40.7,29.7,119.2,16.0,38.4,7.9,23.2,5.0,67.7,8.0,2053.0,24.0,0.0,0
26074,Female,USA,Los Angeles,2324.75,36.5,52.5,108.33,22.0,37.6,12.5,41.6,2.5,70.6,7.0,1935.0,19.0,4.0,0
26083,Male,USA,Chicago,1710.34,48.2,30.6,96.47,15.0,26.4,11.5,27.3,15.2,61.3,3.0,3420.0,27.0,0.0,0
26085,Female,USA,Chicago,1321.13,61.9,34.8,84.94,16.900000000000002,28.7,7.8,16.8,7.2,2.8,3.0,1498.0,6.0,7.0,0
26090,Female,USA,Houston,699.13,72.0,19.6,48.51,14.0,25.5,3.5,15.8,21.0,10.3,0.0,692.0,17.0,6.0,0
26117,Male,USA,Chicago,907.04,75.4,27.5,91.42,15.6,19.6,7.0,3.5,0.0,24.6,1.0,2735.0,4.0,2.0,1
26125,Female,USA,Houston,1305.79,53.4,36.2,66.75,17.0,32.7,12.3,30.6,4.7,33.2,10.0,2222.0,30.0,4.0,0
26146,Other,France,Nice,998.66,47.9,40.6,78.13,18.2,23.5,11.4,19.3,5.6,36.6,5.0,2638.0,20.0,2.0,0
26183,Female,USA,Chicago,2320.91,62.1,13.6,157.06,18.2,35.8,5.5,9.8,4.2,60.0,5.0,3541.0,13.0,2.0,1
26200,Female,France,Marseille,1184.83,31.1,8.1,97.62,14.0,35.4,13.8,21.4,4.9,37.1,9.0,2874.0,30.0,6.0,0
26214,Female,USA,Phoenix,1249.95,59.0,23.2,77.68,19.0,20.1,10.1,17.0,,53.7,5.0,109.0,13.0,1.0,0
26216,Male,USA,Houston,2331.62,40.3,28.3,109.02,20.0,36.1,8.7,25.5,13.0,25.7,4.0,0.0,17.0,3.0,1
26275,Male,USA,Los Angeles,1476.11,55.7,41.4,127.4,14.0,49.7,13.0,23.7,0.3,50.0,3.0,1596.0,17.0,7.0,0
26339,Female,Japan,Osaka,2296.89,62.2,14.8,123.44,18.0,29.8,11.1,26.5,2.4,23.1,6.0,2924.0,16.0,2.0,1
26349,Female,India,Chennai,2489.06,44.9,29.6,154.17,18.2,44.7,14.2,26.6,14.1,58.4,5.0,3727.0,19.0,5.0,0
26364,Female,Germany,Hamburg,1664.1,32.6,43.9,105.7,17.0,43.5,11.1,27.0,16.2,54.0,2.0,2840.0,22.0,2.0,0
26416,Male,USA,Phoenix,1405.88,45.2,31.6,75.15,19.0,42.1,13.1,32.9,7.0,46.2,10.0,2607.0,17.0,4.0,0
26425,Female,USA,New York,2232.51,38.6,25.1,108.4,19.0,33.7,8.4,30.4,17.2,70.5,8.0,3361.0,16.0,3.0,0
26428,Male,UK,Birmingham,1129.42,73.1,22.9,102.14,16.900000000000002,10.8,9.6,7.4,4.2,23.1,4.0,3270.0,3.0,3.0,0
26449,Female,USA,Los Angeles,2216.19,50.7,33.6,154.72,15.6,26.3,9.2,23.4,2.9,27.5,9.0,3584.0,14.0,2.0,0
26505,Female,France,Marseille,1809.96,31.9,28.5,120.68,13.0,38.0,12.2,28.4,1.5,20.3,7.0,3639.0,17.0,2.0,0
26532,Male,Germany,Frankfurt,2153.38,54.7,16.5,138.78,16.0,23.2,8.0,28.1,6.2,11.5,9.0,1612.0,14.0,4.0,1
26535,Male,USA,Phoenix,2475.16,78.8,0.0,227.1,10.0,14.6,3.3,8.3,12.0,23.9,3.0,2029.0,0.0,2.0,1
26550,Male,Australia,Brisbane,1783.71,77.9,5.8,99.58,17.0,20.3,6.6,13.3,7.2,41.3,3.0,1795.0,1.0,0.0,0
26560,Other,USA,Houston,2185.42,52.9,17.3,128.28,15.0,31.5,8.2,23.4,4.5,36.3,5.0,2966.0,14.0,1.0,0
26592,Male,Australia,Adelaide,1947.06,66.6,23.4,127.52,13.0,17.3,5.8,13.4,9.8,6.7,0.0,2310.0,1.0,3.0,1
26609,Male,India,Delhi,2019.21,41.9,28.7,108.88,18.0,39.3,12.9,26.8,1.1,52.1,4.0,2662.0,8.0,1.0,0
26612,Female,Australia,Adelaide,996.23,41.4,30.1,71.28,16.0,43.0,11.6,28.2,13.8,52.3,3.0,2920.0,30.0,5.0,0
26642,Male,Canada,Calgary,1484.38,45.4,33.0,116.03,14.0,40.7,9.9,28.4,1.8,43.0,8.0,1302.0,14.0,8.0,0
26694,Female,Australia,Sydney,1307.55,40.5,16.5,95.31,17.0,36.9,17.6,25.3,,35.9,10.0,2899.0,17.0,5.0,0
26720,Male,USA,Houston,2314.41,80.5,29.4,179.93,12.0,39.1,8.2,16.4,15.8,22.0,5.0,234.0,9.0,2.0,1
26726,Male,USA,Phoenix,1579.62,62.7,29.7,120.35,11.0,36.0,9.2,23.2,16.4,68.1,3.0,1469.0,9.0,6.0,0
26754,Male,UK,Leeds,1598.18,46.0,17.0,77.46,21.0,25.5,9.6,23.4,3.5,7.0,6.0,2192.0,23.0,4.0,0
26775,Female,Australia,Melbourne,2419.24,54.1,29.0,179.85,14.0,34.8,8.9,21.0,1.1,33.0,3.0,1400.0,0.0,1.0,1
26806,Male,Japan,Kyoto,1839.64,89.2,6.9,131.01,12.0,16.1,1.2,2.8,4.3,0.0,0.0,249.0,2.0,1.0,1
26815,Male,Japan,Yokohama,2356.07,47.3,16.4,169.55,15.0,35.0,11.0,15.4,5.1,43.5,2.0,2483.0,18.0,6.0,0
26823,Female,USA,Los Angeles,2296.94,78.4,6.9,179.53,16.900000000000002,21.6,7.1,17.7,3.8,8.5,4.0,1070.0,10.0,4.0,1
26906,Male,USA,Chicago,1929.7,44.6,34.0,105.94,22.0,43.8,11.1,36.2,,46.0,6.0,2822.0,25.0,5.0,0
26911,Male,Australia,Perth,2071.16,55.3,15.9,174.89,10.0,30.9,12.7,21.9,,44.4,2.0,2225.0,14.0,4.0,1
26932,Female,Canada,Calgary,907.47,37.1,32.2,62.56,17.0,40.7,14.7,22.2,0.8,70.2,7.0,3610.0,17.0,4.0,0
26939,Female,Canada,Toronto,1396.04,52.7,27.8,108.36,18.2,22.4,9.7,20.2,11.0,35.8,3.0,41.0,9.0,2.0,0
26951,Male,USA,Chicago,1931.21,58.6,12.8,111.72,17.0,25.1,7.9,7.0,10.1,3.1,3.0,244.0,9.0,3.0,1
26952,Female,USA,New York,2536.54,47.9,34.7,174.25,17.0,26.9,12.2,27.1,6.4,67.7,7.0,4198.0,12.0,3.0,0
26968,Female,USA,Phoenix,1882.63,49.3,37.7,155.18,15.0,30.2,13.4,27.2,3.9,40.6,5.0,3549.0,21.0,8.0,0
26970,Male,India,Mumbai,2228.27,55.2,21.8,123.74,20.8,34.6,11.9,31.0,11.0,29.7,8.0,3184.0,17.0,1.0,1
26975,Other,Canada,Montreal,1614.53,20.1,28.8,84.33,17.0,42.1,17.2,35.7,8.5,36.7,4.0,4395.0,26.0,4.0,1
26995,Male,Australia,Perth,2650.58,44.8,24.4,190.7,15.0,38.9,6.9,17.6,10.0,32.8,5.0,2519.0,9.0,5.0,0
27019,Female,UK,Manchester,2219.61,36.3,24.1,140.47,19.0,47.6,17.5,43.2,2.2,65.2,8.0,2763.0,17.0,4.0,0
27060,Female,Canada,Montreal,1602.1,43.0,14.6,128.87,15.6,32.9,13.1,24.4,7.6,33.6,9.0,670.0,17.0,0.0,1
27066,Male,France,Nice,1113.98,46.4,38.5,86.22,14.0,42.2,7.4,32.0,,67.4,9.0,2428.0,23.0,3.0,0
27068,Female,Japan,Yokohama,2114.18,45.5,43.5,98.45,21.0,44.3,16.7,33.2,5.3,38.1,7.0,2961.0,23.0,7.0,1
27132,Other,USA,Chicago,2348.24,56.7,25.9,123.47,20.8,34.8,14.3,36.8,1.1,57.0,7.0,3567.0,14.0,3.0,1
27143,Female,Germany,Munich,1564.25,56.5,20.7,107.19,18.2,15.2,6.3,13.2,12.8,16.7,2.0,1883.0,6.0,0.0,0
27186,Male,France,Toulouse,1609.93,25.3,44.7,85.23,17.0,38.8,10.7,41.0,4.1,58.4,8.0,4397.0,14.0,7.0,1
27209,Female,Canada,Calgary,699.25,48.7,15.2,60.59,12.0,22.2,6.6,17.4,1.4,67.8,1.0,1796.0,10.0,7.0,0
27249,Male,Canada,Montreal,2085.59,43.7,28.6,121.31,21.0,43.4,9.7,20.3,6.8,23.0,4.0,1694.0,18.0,6.0,0
27252,Female,Japan,Kyoto,2187.71,72.7,5.3,198.38,14.3,13.5,5.8,3.5,2.3,0.1,3.0,841.0,5.0,2.0,1
27286,Male,USA,New York,1254.12,42.2,32.9,81.19,18.0,35.7,13.7,32.7,2.8,49.2,8.0,3354.0,25.0,3.0,0
27302,Male,UK,Leeds,1425.2,52.7,36.0,78.02,20.8,32.6,13.9,22.0,7.9,38.9,4.0,2595.0,15.0,5.0,0
27342,Female,Australia,Brisbane,1426.5,46.4,54.4,99.1,13.0,39.0,12.8,26.2,3.7,10.7,9.0,2219.0,29.0,5.0,1
27349,Female,USA,Houston,1854.03,51.4,27.9,78.92,21.0,26.2,10.5,29.1,,27.6,3.0,2911.0,11.0,4.0,0
27379,Male,Germany,Hamburg,1976.1,64.1,3.8,144.79,14.0,16.9,4.7,7.6,9.6,0.0,1.0,1278.0,0.0,1.0,0
27398,Male,USA,Phoenix,790.85,61.4,25.1,94.52,10.0,28.5,14.6,14.7,2.5,51.5,8.0,4462.0,19.0,0.0,0
27407,Male,UK,Manchester,1411.95,40.2,44.4,72.53,19.0,36.3,13.5,35.5,12.3,47.2,9.0,5720.0,23.0,3.0,0
27408,Male,Australia,Adelaide,1951.51,45.8,28.3,94.71,23.0,45.3,16.1,27.9,,55.2,8.0,1899.0,25.0,4.0,1
27423,Female,Germany,Hamburg,1450.22,26.2,50.4,86.99,19.0,51.6,11.9,25.6,9.5,57.9,7.0,4701.0,25.0,5.0,0
27454,Male,USA,New York,1598.21,48.6,12.1,98.21,19.5,32.4,12.6,27.3,7.9,46.5,9.0,1663.0,13.0,4.0,0
27472,Male,Australia,Melbourne,1235.33,44.5,37.2,99.66,14.0,32.7,11.4,22.9,8.3,32.8,10.0,2057.0,23.0,5.0,0
27486,Male,UK,Manchester,1814.12,32.2,24.3,123.99,17.0,31.7,10.6,27.4,6.9,55.5,10.0,756.0,17.0,3.0,0
27505,Female,USA,Los Angeles,1969.77,34.4,25.2,119.77,14.0,33.9,13.1,21.9,,41.2,8.0,2326.0,11.0,2.0,0
27506,Male,USA,Chicago,829.46,30.1,19.5,69.36,15.6,41.6,11.6,36.6,1.9,56.4,5.0,1092.0,13.0,5.0,0
27519,Female,USA,Los Angeles,2166.48,52.8,50.6,124.51,16.0,39.9,13.5,29.6,4.3,36.2,4.0,2891.0,13.0,3.0,1
27593,Male,UK,Glasgow,2481.32,48.7,12.3,192.49,20.8,40.4,12.3,22.9,5.5,56.5,5.0,3656.0,18.0,4.0,0
27600,Female,USA,New York,1895.56,46.7,9.0,105.07,19.0,18.6,7.6,18.5,3.7,32.5,3.0,1512.0,14.0,4.0,0
27614,Male,India,Chennai,1771.45,61.7,31.2,99.4,18.0,29.2,8.7,21.8,8.4,34.3,4.0,618.0,12.0,6.0,0
27626,Male,Australia,Perth,823.94,54.5,33.1,62.68,11.0,24.9,9.6,22.4,0.4,18.4,5.0,2530.0,17.0,8.0,0
27633,Female,India,Delhi,2090.06,65.0,11.8,148.46,12.0,27.1,9.2,16.7,17.0,22.6,4.0,954.0,19.0,2.0,1
27647,Other,Australia,Perth,1280.08,54.5,5.4,82.1,19.5,26.5,10.1,20.1,5.4,38.0,5.0,3070.0,17.0,4.0,0
27661,Female,UK,Glasgow,1069.83,50.4,27.1,80.3,16.900000000000002,26.2,7.8,26.2,4.8,43.5,9.0,1860.0,16.0,1.0,0
27690,Female,USA,Houston,2643.39,51.8,36.3,179.21,16.900000000000002,37.6,9.4,21.8,6.5,28.7,4.0,1565.0,11.0,0.0,0
27727,Female,Canada,Toronto,1664.72,58.7,30.8,84.66,18.0,44.6,13.0,30.8,12.5,79.7,6.0,1945.0,18.0,1.0,0
27736,Female,USA,New York,1678.69,27.7,40.6,106.67,20.8,44.7,13.7,23.6,12.7,54.1,6.0,3639.0,17.0,3.0,0
27748,Male,USA,New York,1179.46,35.1,50.2,69.27,16.0,49.1,14.2,33.2,8.9,46.2,7.0,2756.0,18.0,7.0,0
27774,Male,USA,New York,1441.5,44.2,30.1,78.69,18.0,36.9,8.0,22.4,5.1,62.6,7.0,2741.0,17.0,8.0,0
27781,Other,Germany,Munich,2127.77,55.7,29.6,163.34,11.0,29.8,8.7,23.7,,37.6,5.0,3170.0,16.0,4.0,1
27822,Male,USA,New York,2118.41,54.9,9.5,141.27,13.0,25.4,6.7,17.3,5.1,44.8,4.0,886.0,11.0,2.0,0
27835,Male,USA,Phoenix,2104.14,50.2,24.6,97.29,20.0,41.4,12.6,27.6,8.2,43.1,10.0,3348.0,19.0,5.0,0
27876,Male,Germany,Berlin,2081.24,68.2,16.6,139.59,13.0,26.4,11.5,25.0,6.2,20.1,0.0,2545.0,5.0,3.0,0
27896,Male,India,Chennai,2315.65,33.1,42.8,160.86,16.0,42.9,11.1,30.8,3.3,28.7,9.0,2145.0,32.0,2.0,0
27940,Male,Canada,Calgary,2273.23,32.7,33.6,123.46,20.8,33.4,10.9,32.0,19.4,43.3,6.0,2686.0,20.0,2.0,1
27978,Female,Australia,Adelaide,1741.11,50.7,35.1,106.67,20.8,38.9,11.7,27.9,4.0,59.4,8.0,3928.0,25.0,2.0,0
28019,Male,India,Mumbai,2156.41,52.4,11.4,165.27,11.0,33.3,11.9,14.6,2.8,7.0,1.0,1477.0,9.0,4.0,0
28021,Female,USA,Phoenix,2549.42,41.2,18.5,139.5,22.1,34.9,10.7,33.2,14.6,47.3,8.0,3312.0,22.0,3.0,0
28033,Male,USA,Chicago,2710.84,56.4,47.3,174.74,22.1,33.0,16.1,32.9,2.2,50.9,7.0,2608.0,24.0,4.0,0
28050,Female,India,Hyderabad,2591.01,57.3,41.4,150.35,20.0,44.2,8.3,24.9,5.2,37.9,3.0,3780.0,16.0,3.0,0
28055,Female,Canada,Calgary,2251.88,43.8,16.0,154.58,15.0,30.9,11.2,19.7,11.9,11.8,6.0,0.0,13.0,5.0,1
28077,Male,USA,Chicago,1744.73,42.8,24.1,102.98,20.8,40.6,8.1,22.1,4.3,49.7,5.0,2766.0,11.0,5.0,0
28104,Female,USA,Phoenix,2295.55,59.5,39.1,164.44,14.0,41.7,9.4,26.3,7.4,25.2,9.0,2894.0,11.0,4.0,0
28114,Male,Germany,Hamburg,1904.32,53.6,35.9,128.18,16.900000000000002,30.9,9.3,21.0,,61.9,6.0,3308.0,22.0,8.0,0
28139,Male,India,Hyderabad,2121.86,57.3,25.2,139.42,14.0,36.9,13.7,28.8,2.6,55.0,3.0,2138.0,13.0,3.0,0
28156,Female,India,Hyderabad,1224.76,52.1,22.5,87.86,18.2,34.4,8.8,21.8,8.0,60.9,3.0,1037.0,7.0,4.0,0
28168,Female,UK,London,2062.9,45.4,42.2,111.15,21.0,42.8,11.2,32.3,5.9,39.9,7.0,5465.0,25.0,7.0,0
28187,Male,USA,Los Angeles,2095.72,68.3,25.4,131.92,14.0,26.8,11.0,19.3,2.7,43.9,2.0,2334.0,15.0,4.0,0
28233,Other,USA,New York,1333.78,35.1,43.9,124.74,16.900000000000002,33.9,14.5,27.5,6.9,46.2,5.0,2100.0,10.0,5.0,0
28238,Female,Australia,Adelaide,1961.54,83.5,0.0,165.86,11.0,14.4,1.0,8.1,11.4,22.8,0.0,0.0,4.0,1.0,1
28283,Male,USA,Chicago,2199.95,67.9,22.2,171.64,18.2,26.2,9.6,7.4,6.7,28.4,4.0,473.0,11.0,4.0,0
28290,Male,Germany,Berlin,1133.63,26.1,29.2,74.53,17.0,37.9,14.2,37.3,2.0,79.0,8.0,3398.0,18.0,5.0,0
28304,Male,Germany,Munich,2142.58,52.1,23.9,117.06,17.0,22.6,4.5,15.6,7.8,15.8,6.0,2884.0,12.0,1.0,0
28326,Female,France,Marseille,2082.16,41.5,31.8,96.7,18.0,33.2,13.1,17.1,,24.2,2.0,2678.0,14.0,2.0,0
28448,Female,UK,Birmingham,1522.83,48.2,35.0,96.67,19.5,31.2,9.2,18.4,10.2,31.0,6.0,1464.0,24.0,4.0,0
28453,Male,India,Delhi,2148.96,51.6,21.6,157.39,12.0,31.2,7.4,25.5,7.1,27.3,4.0,2164.0,10.0,4.0,0
28478,Female,USA,Chicago,872.18,68.3,29.0,57.11,14.0,43.9,10.9,25.2,0.2,45.7,9.0,1997.0,24.0,6.0,0
28503,Male,USA,Chicago,1626.2,46.2,29.2,115.9,19.5,34.4,12.3,28.3,2.3,49.6,4.0,2646.0,19.0,5.0,0
28511,Female,Germany,Hamburg,2148.43,56.1,37.7,149.25,17.0,31.8,9.4,31.4,7.1,27.6,9.0,348.0,20.0,6.0,1
28531,Male,India,Delhi,2127.05,54.5,39.3,105.53,17.0,31.6,12.1,25.4,,30.5,8.0,2475.0,16.0,5.0,0
28586,Male,USA,Los Angeles,797.4,36.6,24.9,67.34,16.900000000000002,34.4,8.3,20.1,2.3,12.5,3.0,3274.0,7.0,4.0,0
28594,Female,Canada,Ottawa,2069.59,64.3,18.9,102.12,17.0,43.1,11.8,28.2,1.1,38.7,6.0,4207.0,11.0,4.0,0
28618,Female,France,Marseille,1554.17,37.1,31.8,104.84,18.0,35.7,12.7,37.3,14.6,34.8,10.0,3033.0,20.0,7.0,0
28624,Female,Australia,Perth,1532.13,31.4,28.3,105.18,17.0,45.1,15.3,35.0,2.4,43.5,2.0,3344.0,23.0,3.0,0
28655,Female,Australia,Perth,1940.73,35.4,41.5,109.49,16.0,35.6,13.4,25.2,2.6,28.7,4.0,2544.0,20.0,7.0,0
28713,Male,Australia,Brisbane,728.92,65.8,14.9,67.54,15.6,27.0,5.8,31.3,4.6,32.0,4.0,1540.0,24.0,5.0,1
28758,Female,India,Chennai,898.87,44.0,15.9,47.77,19.0,36.8,14.1,27.0,1.4,34.2,7.0,1284.0,16.0,2.0,0
28836,Female,UK,Manchester,1843.07,43.6,30.2,129.19,17.0,37.5,13.7,34.9,14.1,61.6,9.0,2580.0,27.0,7.0,1
28856,Female,Australia,Melbourne,1597.72,24.2,32.7,95.29,17.0,41.4,15.2,28.6,5.6,59.4,5.0,2354.0,22.0,1.0,0
28862,Male,France,Marseille,1698.02,34.8,30.4,92.85,20.0,35.7,13.8,31.8,6.6,22.5,5.0,1374.0,25.0,6.0,0
28908,Male,Australia,Melbourne,2157.63,55.8,9.9,138.55,15.0,24.2,3.2,11.9,7.2,15.1,3.0,553.0,6.0,1.0,1
28933,Female,Australia,Perth,2085.56,66.7,24.5,98.96,18.0,26.3,9.0,18.0,5.0,25.5,4.0,2730.0,5.0,5.0,1
28958,Female,Japan,Kyoto,2418.26,43.5,19.8,128.35,19.0,33.0,12.0,31.9,,37.5,8.0,3815.0,13.0,4.0,0
28965,Female,UK,Leeds,2120.11,39.2,23.2,117.76,16.0,37.7,12.0,25.0,8.6,17.6,6.0,1294.0,23.0,5.0,0
29006,Male,Canada,Toronto,1619.54,71.3,18.2,108.69,18.2,21.6,6.5,18.3,2.7,22.0,2.0,2217.0,5.0,0.0,0
29027,Female,Japan,Tokyo,1695.87,24.8,26.1,109.87,18.0,42.8,14.8,34.2,12.9,53.5,8.0,4719.0,22.0,6.0,0
29036,Male,Germany,Munich,1940.7,34.7,27.2,121.05,20.0,26.5,11.1,26.4,12.6,46.4,8.0,3069.0,22.0,7.0,1
29050,Female,Australia,Melbourne,2149.62,63.2,38.4,169.08,11.0,28.3,10.3,33.3,3.1,44.5,4.0,1537.0,17.0,3.0,0
29067,Male,Canada,Ottawa,1846.88,32.4,46.9,91.17,17.0,39.8,16.8,25.6,3.7,55.0,9.0,2770.0,31.0,3.0,0
29081,Male,UK,Manchester,2253.59,48.1,23.6,173.92,11.0,21.4,12.3,17.2,5.3,12.4,3.0,2006.0,14.0,5.0,0
29117,Male,Australia,Melbourne,2029.53,34.4,52.7,128.75,18.0,45.8,13.5,25.8,5.0,47.9,3.0,4150.0,27.0,3.0,0
29126,Female,USA,Chicago,2014.28,46.7,36.4,122.81,20.8,37.0,15.7,26.6,5.5,25.9,7.0,1761.0,15.0,6.0,0
29146,Female,Canada,Vancouver,1410.81,63.3,8.6,136.59,15.6,15.5,6.9,5.0,,21.6,1.0,0.0,11.0,1.0,1
29197,Female,UK,Manchester,2081.29,79.5,0.0,140.58,14.0,19.4,7.8,6.5,4.6,0.0,2.0,1682.0,8.0,0.0,1
29231,Female,USA,Los Angeles,2063.91,63.6,18.7,111.96,16.0,24.7,10.7,18.4,14.2,17.0,6.0,2672.0,10.0,3.0,0
29292,Male,UK,Manchester,1538.59,28.9,45.2,82.53,20.0,36.4,12.9,32.6,9.1,65.7,7.0,3385.0,14.0,7.0,0
29335,Male,Australia,Sydney,1461.34,52.4,32.6,82.42,21.0,36.0,12.0,23.7,,43.6,6.0,2467.0,9.0,4.0,0
29349,Female,USA,Houston,2048.69,47.1,35.8,143.17,13.0,34.2,11.5,25.4,3.7,41.1,2.0,2319.0,27.0,4.0,1
29375,Female,Canada,Toronto,1272.92,46.0,23.4,101.71,16.900000000000002,32.3,10.6,30.1,5.2,60.8,8.0,2042.0,15.0,5.0,0
29405,Male,USA,Chicago,1923.67,38.0,43.3,128.1,19.5,26.5,10.2,27.2,3.8,64.0,6.0,1807.0,19.0,1.0,0
29431,Female,USA,Los Angeles,1140.45,50.4,16.9,88.52,15.0,44.5,11.4,25.0,6.7,38.4,9.0,1308.0,21.0,6.0,0
29441,Female,Canada,Vancouver,2180.94,64.7,22.2,126.72,15.0,30.1,15.1,27.9,19.9,47.3,8.0,2632.0,19.0,3.0,0
29475,Female,France,Lyon,2100.87,80.1,26.4,157.88,12.0,16.4,10.5,18.4,9.0,0.0,3.0,2214.0,2.0,3.0,1
29477,Female,USA,Chicago,1631.61,57.7,9.4,92.55,19.5,22.0,9.2,14.5,2.4,38.5,5.0,3138.0,17.0,0.0,0
29487,Female,Canada,Ottawa,1733.89,39.4,25.6,122.11,14.0,31.3,12.2,28.0,0.2,60.9,5.0,5039.0,13.0,7.0,0
29499,Male,UK,Birmingham,2375.68,51.9,38.3,184.93,16.900000000000002,45.5,12.5,23.2,4.6,29.5,10.0,2947.0,20.0,6.0,0
29507,Female,UK,Manchester,2261.3,40.6,29.5,123.38,17.0,28.4,3.9,14.3,12.7,49.3,4.0,1840.0,11.0,4.0,1
29524,Male,USA,Chicago,1328.37,31.3,22.4,86.14,18.2,35.1,11.9,25.5,11.1,22.3,1.0,1886.0,13.0,4.0,0
29531,Male,USA,Houston,1641.9,43.6,36.6,104.58,15.0,47.8,14.2,27.5,18.2,70.6,9.0,1945.0,25.0,4.0,0
29536,Female,USA,Phoenix,1839.36,43.8,38.8,95.99,19.0,46.3,12.1,37.8,4.2,61.4,5.0,4098.0,23.0,6.0,0
29553,Female,Japan,Yokohama,871.67,74.8,7.0,220.13,4.0,22.6,5.7,16.4,8.9,0.0,2.0,1710.0,2.0,1.0,1
29586,Female,USA,New York,1567.49,46.8,45.0,95.89,19.0,35.7,10.2,25.7,3.1,27.0,6.0,3019.0,26.0,7.0,1
29608,Male,Japan,Tokyo,1985.92,58.5,27.3,171.69,15.6,31.2,13.5,23.8,3.1,27.0,7.0,2296.0,21.0,8.0,0
29679,Male,Germany,Hamburg,1863.84,37.5,45.5,93.75,22.0,48.4,10.8,27.5,2.9,45.2,10.0,3187.0,17.0,5.0,0
29689,Female,Australia,Brisbane,1957.98,33.7,38.8,99.13,21.0,51.0,12.5,35.4,14.3,62.8,10.0,4937.0,22.0,5.0,0
29710,Male,USA,Los Angeles,2712.5,43.4,51.9,174.89,18.0,30.0,9.5,29.0,6.7,36.5,7.0,1560.0,21.0,4.0,1
29714,Male,USA,Los Angeles,2435.91,52.3,14.2,188.21,15.0,34.9,6.7,33.5,20.1,48.7,8.0,2056.0,17.0,6.0,0
29716,Female,UK,Birmingham,1707.18,33.0,25.7,94.62,19.0,43.6,15.9,36.1,7.4,62.1,10.0,3670.0,24.0,6.0,0
29739,Male,UK,Leeds,1311.24,74.5,20.4,85.0,18.2,21.1,6.8,10.7,0.5,10.7,4.0,2078.0,12.0,0.0,0
29793,Female,Australia,Brisbane,786.66,56.9,38.6,63.29,15.0,32.7,18.9,19.3,5.3,51.4,6.0,4042.0,14.0,5.0,0
29833,Female,UK,Leeds,1553.43,53.3,24.3,75.73,20.0,26.8,8.4,27.2,10.2,44.7,4.0,1204.0,23.0,1.0,0
29856,Male,UK,Leeds,1846.12,45.0,30.3,122.69,17.0,27.9,7.7,14.7,5.9,29.5,10.0,3893.0,7.0,2.0,0
29922,Female,UK,London,1986.76,59.8,15.7,154.75,14.0,20.1,6.5,24.5,9.6,28.8,9.0,1989.0,10.0,4.0,1
29957,Female,USA,Houston,2337.72,44.6,30.7,144.14,16.0,30.5,11.3,16.0,4.8,30.9,6.0,3160.0,18.0,3.0,0
29999,Female,Japan,Yokohama,2497.12,25.3,36.6,147.41,18.0,41.5,13.3,34.2,0.8,75.4,6.0,1947.0,21.0,3.0,0
30016,Female,USA,Phoenix,2643.18,76.0,14.4,212.1,16.900000000000002,37.3,5.9,15.6,9.3,0.0,6.0,2962.0,15.0,5.0,1
30065,Female,France,Nice,2167.97,78.3,12.5,151.72,15.6,17.8,8.3,13.5,15.2,5.0,6.0,3218.0,17.0,0.0,1
30073,Female,France,Nice,2444.44,43.3,42.4,176.18,18.2,33.2,9.1,27.4,12.9,44.8,6.0,2858.0,15.0,7.0,0
30107,Female,UK,Birmingham,2247.54,49.6,23.2,133.42,17.0,37.5,8.0,29.9,5.2,69.3,7.0,3407.0,12.0,3.0,0
30152,Male,India,Mumbai,1862.85,56.6,20.5,107.26,19.5,23.0,8.1,18.7,4.4,71.0,7.0,2045.0,16.0,1.0,0
30175,Male,France,Paris,1497.09,46.9,21.4,83.22,16.0,32.9,14.9,18.7,11.1,54.2,2.0,3210.0,17.0,7.0,0
30249,Male,USA,Chicago,2466.72,39.1,20.3,157.56,17.0,21.0,13.6,20.0,3.6,29.0,8.0,2827.0,14.0,3.0,1
30290,Male,USA,Chicago,1838.23,68.3,11.3,142.72,15.6,10.1,4.2,6.8,2.2,36.5,0.0,478.0,6.0,1.0,0
30299,Female,USA,Los Angeles,1880.3,61.8,25.3,113.95,16.0,35.4,13.1,21.4,6.0,39.6,11.0,2388.0,24.0,3.0,0
30338,Male,France,Paris,1665.26,57.5,28.1,144.28,18.2,41.1,8.9,35.8,11.3,47.2,3.0,2133.0,18.0,4.0,1
30354,Female,UK,Birmingham,2707.28,49.4,26.2,176.22,19.5,41.8,10.8,29.8,10.7,43.9,4.0,1937.0,17.0,5.0,0
30373,Male,USA,Houston,1348.14,58.0,2.7,97.82,13.0,24.9,6.9,15.3,5.2,42.2,3.0,1420.0,8.0,7.0,0
30388,Female,USA,Houston,995.42,67.2,20.1,74.1,16.900000000000002,25.5,6.3,18.7,17.9,6.1,3.0,318.0,16.0,0.0,0
30390,Male,UK,Glasgow,1585.97,48.9,6.4,68.74,21.0,37.9,9.8,23.5,4.0,38.9,7.0,3947.0,17.0,4.0,0
30414,Female,UK,Glasgow,2049.92,62.1,32.5,150.47,19.5,35.4,10.3,33.0,12.4,57.3,8.0,2336.0,17.0,6.0,0
30444,Male,USA,Phoenix,1151.24,65.6,5.3,155.32,10.4,21.6,11.3,11.1,11.0,36.9,5.0,1184.0,4.0,7.0,0
30450,Female,UK,Birmingham,2427.75,21.5,34.1,125.88,21.0,43.5,16.8,32.8,3.4,65.4,9.0,4007.0,26.0,3.0,0
30540,Female,France,Marseille,949.63,63.2,27.1,73.9,16.900000000000002,27.5,6.4,23.1,5.2,41.2,8.0,2851.0,12.0,3.0,0
30554,Male,USA,Chicago,1808.19,42.5,41.1,112.1,18.0,45.7,13.8,29.9,4.3,37.6,5.0,5238.0,26.0,6.0,0
30571,Male,Germany,Hamburg,1209.19,50.5,33.9,58.87,20.0,16.7,9.7,20.5,0.6,30.3,4.0,2866.0,14.0,5.0,0
30576,Female,France,Paris,1061.89,51.7,11.5,66.43,18.2,41.5,14.8,23.6,12.6,68.2,8.0,2622.0,20.0,3.0,0
30578,Male,USA,Los Angeles,2303.51,60.8,19.4,185.17,15.0,26.7,8.8,27.1,1.2,32.8,10.0,4534.0,7.0,2.0,1
30589,Female,USA,Phoenix,996.41,42.4,31.5,70.96,16.0,31.8,11.8,32.9,,39.3,10.0,1835.0,21.0,4.0,0
30599,Female,France,Paris,2203.52,45.1,30.9,140.54,20.8,22.1,16.7,30.0,9.9,41.4,3.0,3227.0,23.0,2.0,1
30640,Female,Japan,Tokyo,1188.4,48.7,8.7,67.52,19.5,23.5,7.3,18.7,2.1,27.8,4.0,2984.0,11.0,3.0,0
30687,Female,USA,New York,1675.74,45.7,26.4,121.84,16.0,37.9,12.4,30.8,,20.6,11.0,1883.0,22.0,2.0,0
30704,Male,UK,London,2532.91,36.4,43.6,160.85,18.0,33.2,13.2,35.1,,45.5,10.0,3982.0,24.0,6.0,0
30727,Female,Canada,Montreal,1483.99,75.4,7.0,140.69,15.6,26.5,10.1,3.2,7.0,14.8,4.0,626.0,0.0,3.0,0
30747,Female,Canada,Toronto,1596.24,55.0,17.4,92.4,19.0,35.9,15.2,26.3,6.8,46.4,10.0,2577.0,13.0,5.0,0
30765,Male,Canada,Toronto,2047.39,48.3,33.1,97.76,19.0,30.0,9.9,18.1,7.9,44.3,4.0,1189.0,18.0,1.0,0
30778,Male,USA,Phoenix,1669.81,30.9,32.7,97.32,19.0,53.0,15.8,38.5,2.9,50.6,6.0,3227.0,19.0,6.0,0
30782,Male,Germany,Hamburg,1267.38,39.1,32.7,95.03,13.0,39.6,13.1,31.7,7.8,54.7,9.0,2161.0,10.0,6.0,0
30798,Female,USA,Los Angeles,2645.0,64.1,10.5,200.89,15.6,25.6,9.6,29.2,5.1,38.1,0.0,1565.0,17.0,3.0,0
30849,Female,France,Marseille,1192.41,56.5,23.0,82.57,16.900000000000002,25.3,8.4,23.8,10.5,19.2,9.0,4450.0,14.0,6.0,0
30858,Female,Canada,Montreal,1145.74,43.1,33.8,59.14,20.0,31.8,14.0,24.0,6.9,47.1,7.0,2824.0,24.0,4.0,0
30865,Female,UK,Glasgow,2318.75,41.6,25.7,135.71,17.0,44.6,12.0,27.0,3.8,36.8,5.0,3583.0,23.0,2.0,0
30871,Female,Germany,Munich,1885.86,37.8,40.0,116.18,15.0,38.9,11.7,40.7,14.8,22.1,6.0,1676.0,27.0,1.0,0
30925,Female,USA,Los Angeles,1615.31,54.1,40.9,93.77,19.5,38.2,14.1,35.4,7.3,35.9,4.0,3005.0,20.0,6.0,0
30951,Female,Germany,Hamburg,2394.12,61.6,34.1,174.98,14.0,17.2,6.3,19.6,4.2,25.7,5.0,1995.0,19.0,4.0,0
30970,Female,Australia,Sydney,1987.02,63.9,5.2,137.03,19.5,22.1,10.1,19.1,10.3,73.9,6.0,934.0,15.0,2.0,1
30976,Female,USA,Chicago,1120.93,59.6,19.7,80.85,16.900000000000002,25.5,8.3,14.3,10.5,20.2,8.0,2775.0,18.0,2.0,0
30978,Male,USA,Los Angeles,2124.8,60.7,8.7,148.49,13.0,22.5,6.2,15.6,12.7,7.1,5.0,730.0,14.0,0.0,0
30987,Female,UK,Leeds,1706.72,29.1,31.4,95.8,17.0,49.0,13.8,28.7,10.1,70.7,5.0,5849.0,20.0,5.0,0
31006,Female,USA,Houston,1302.91,43.9,31.5,111.34,18.2,38.1,10.6,12.7,6.5,27.8,7.0,2691.0,18.0,3.0,0
31018,Female,USA,Houston,1965.06,59.7,23.1,105.35,20.8,32.3,12.5,17.8,3.8,62.5,7.0,2957.0,12.0,3.0,1
31078,Female,USA,Los Angeles,1915.92,43.5,37.6,122.84,13.0,35.4,6.8,27.2,3.8,49.2,4.0,2272.0,12.0,0.0,0
31086,Male,UK,Birmingham,2026.04,41.9,35.0,128.36,20.8,35.2,13.8,24.2,10.0,0.0,7.0,1568.0,18.0,2.0,0
31093,Other,UK,Manchester,1795.54,31.6,33.7,110.89,20.8,36.6,14.1,34.3,,29.3,5.0,3272.0,18.0,4.0,0
31096,Female,Japan,Tokyo,2530.61,34.9,26.7,173.31,18.2,32.4,11.3,25.5,2.0,21.2,9.0,3399.0,13.0,3.0,0
31102,Female,Canada,Vancouver,2187.73,44.3,5.2,190.42,15.6,17.8,6.8,19.4,8.4,0.0,8.0,1032.0,14.0,4.0,0
31121,Male,Japan,Nagoya,2201.62,62.0,12.1,173.47,11.0,13.8,7.3,17.8,8.9,32.1,0.0,2763.0,10.0,2.0,0
31128,Female,Australia,Adelaide,1811.5,37.4,23.7,110.07,15.0,38.0,16.7,24.8,4.3,13.5,6.0,4869.0,15.0,6.0,0
31159,Male,Japan,Osaka,1381.85,43.0,31.3,97.7,17.0,45.3,13.0,36.5,12.0,41.1,10.0,3604.0,23.0,4.0,0
31167,Female,UK,Glasgow,2122.98,37.6,38.5,170.7,15.0,43.4,12.1,30.1,10.0,65.0,9.0,3008.0,20.0,7.0,0
31199,Female,Australia,Melbourne,975.68,44.9,59.2,64.13,15.0,41.1,13.5,33.0,7.7,36.4,8.0,2555.0,24.0,5.0,0
31217,Female,India,Hyderabad,1375.28,50.1,19.1,113.05,15.6,32.8,10.0,29.9,4.2,28.8,10.0,2113.0,20.0,4.0,1
31264,Male,India,Bangalore,2307.41,42.3,24.5,148.95,15.0,28.4,12.7,28.5,1.0,35.1,6.0,1791.0,19.0,5.0,0
31276,Female,France,Nice,2421.72,47.6,28.5,182.25,15.0,35.3,10.3,23.2,13.9,33.0,2.0,2766.0,17.0,6.0,1
31343,Female,Canada,Vancouver,1965.07,79.3,24.3,134.07,18.0,28.6,10.9,20.9,23.5,13.0,6.0,2594.0,14.0,0.0,1
31350,Female,USA,Phoenix,1873.09,22.1,28.3,95.67,20.0,41.6,17.2,37.7,3.6,56.4,5.0,2504.0,26.0,4.0,0
31390,Female,USA,Houston,1476.52,49.2,38.1,65.59,19.0,49.9,16.5,45.3,5.9,49.5,10.0,3374.0,22.0,4.0,1
31399,Female,USA,Los Angeles,2330.89,49.1,27.3,134.62,16.0,32.6,11.5,18.6,2.6,43.6,6.0,3984.0,10.0,2.0,1
31449,Male,France,Paris,2227.8,48.1,20.5,157.94,13.0,29.5,5.2,21.1,4.9,39.4,5.0,2350.0,7.0,4.0,0
31472,Male,Germany,Cologne,2274.03,46.1,36.7,135.6,19.5,31.5,9.3,27.6,7.8,49.8,4.0,1907.0,10.0,2.0,0
31512,Female,Germany,Frankfurt,2930.59,38.1,23.5,200.15,18.0,32.4,13.0,19.9,5.9,47.3,6.0,2291.0,19.0,6.0,0
31531,Female,USA,New York,2188.34,37.3,33.5,129.41,21.0,34.1,13.4,28.5,5.9,68.4,5.0,3454.0,18.0,7.0,0
31639,Other,Australia,Perth,1587.32,63.3,25.6,136.0,18.2,29.2,8.2,14.9,,46.7,6.0,2387.0,24.0,4.0,0
31665,Female,Japan,Kyoto,1184.51,38.3,21.0,80.37,16.0,44.7,13.9,23.5,10.6,63.5,2.0,2390.0,26.0,2.0,0
31705,Female,Japan,Nagoya,2425.97,67.9,14.6,191.6,18.2,26.3,9.5,20.0,5.7,29.0,3.0,458.0,9.0,3.0,1
31805,Male,USA,New York,743.3,60.3,32.6,250.21,3.0,8.1,5.3,9.8,3.2,10.6,5.0,1756.0,5.0,1.0,0
31843,Male,UK,Manchester,1651.55,49.2,18.2,136.34,15.6,15.1,8.0,18.4,,16.2,7.0,1574.0,3.0,0.0,0
31863,Male,UK,Manchester,1241.33,72.8,35.4,113.49,16.900000000000002,38.6,9.0,22.2,2.5,16.3,6.0,2306.0,17.0,5.0,0
31888,Male,Canada,Toronto,1947.67,39.5,51.8,104.48,16.0,42.1,16.0,28.5,2.3,36.1,3.0,1957.0,20.0,4.0,1
31903,Female,France,Paris,1079.31,71.1,11.3,83.86,16.900000000000002,14.4,5.5,3.2,4.0,17.0,2.0,735.0,1.0,1.0,0
31940,Male,USA,Los Angeles,1721.51,41.3,35.0,100.36,20.8,30.2,7.4,23.0,7.4,43.4,5.0,1068.0,7.0,3.0,0
31941,Male,USA,Phoenix,1566.65,61.6,20.3,107.72,19.5,35.2,9.9,14.6,15.5,46.7,6.0,2260.0,6.0,2.0,1
31981,Female,USA,Chicago,1244.57,35.3,22.6,74.48,18.2,34.4,16.0,29.8,16.2,53.7,8.0,3422.0,15.0,6.0,1
31986,Female,USA,Houston,854.42,48.2,20.5,55.66,15.0,29.9,12.3,21.3,1.6,37.2,3.0,4056.0,15.0,7.0,0
32099,Female,USA,Phoenix,1467.8,43.0,42.3,82.98,17.0,40.1,15.8,23.9,4.2,45.1,5.0,2949.0,25.0,7.0,0
32125,Male,USA,Phoenix,2293.56,47.5,35.9,151.81,22.1,39.0,14.1,23.2,14.7,61.7,9.0,3615.0,20.0,5.0,1
32161,Male,France,Nice,2260.76,41.6,25.9,133.39,16.0,17.2,10.2,16.0,9.2,37.5,5.0,344.0,9.0,3.0,0
32178,Male,USA,Chicago,2485.12,62.5,16.3,167.4,16.900000000000002,23.0,7.4,18.3,13.1,24.6,3.0,3424.0,5.0,4.0,0
32210,Female,UK,Glasgow,825.66,48.3,38.5,45.34,17.0,35.3,10.7,39.2,7.9,43.9,6.0,4945.0,24.0,2.0,0
32217,Female,UK,London,2866.69,51.7,23.4,207.92,17.0,20.6,11.4,22.3,8.4,34.1,7.0,2293.0,17.0,2.0,1
32226,Female,Australia,Adelaide,2451.61,29.4,22.1,137.39,19.0,39.0,13.0,33.5,0.6,58.2,5.0,2830.0,22.0,5.0,0
32243,Female,UK,Leeds,2168.58,39.2,35.5,134.1,18.0,37.3,12.9,19.0,4.8,66.7,6.0,2913.0,25.0,7.0,0
32260,Female,France,Paris,910.24,51.0,22.8,100.11,11.7,26.2,7.5,14.9,6.8,31.2,10.0,2811.0,5.0,4.0,0
32331,Male,Germany,Hamburg,2010.13,8.0,45.9,107.54,20.0,49.4,12.6,38.0,3.3,65.7,8.0,4547.0,22.0,3.0,0
32386,Female,Japan,Osaka,1650.89,27.7,34.4,110.07,17.0,38.1,11.3,30.5,12.7,46.3,10.0,1603.0,26.0,6.0,0
32391,Female,Canada,Toronto,1845.94,53.9,40.5,81.33,20.0,40.1,14.5,29.5,,57.9,8.0,1253.0,18.0,2.0,0
32447,Male,Germany,Hamburg,1896.17,33.2,36.1,88.14,19.0,48.2,12.3,35.4,6.3,72.4,9.0,3557.0,20.0,4.0,0
32538,Female,USA,New York,2163.93,69.3,0.0,167.57,15.0,11.7,8.2,6.8,4.2,25.2,1.0,0.0,9.0,0.0,1
32539,Female,India,Bangalore,1928.89,37.2,21.7,82.85,20.0,42.7,13.3,26.9,7.9,26.9,5.0,4303.0,16.0,7.0,0
32557,Male,France,Lyon,1502.48,49.4,32.2,130.43,15.6,32.6,11.7,26.7,,60.1,10.0,2694.0,9.0,2.0,0
32558,Female,France,Paris,1629.03,58.6,44.5,131.32,14.3,36.1,10.8,20.5,8.3,59.2,9.0,1686.0,17.0,7.0,0
32586,Male,USA,New York,1042.39,63.5,35.6,105.06,15.6,30.8,9.9,19.6,14.2,34.0,7.0,3649.0,11.0,6.0,0
32590,Female,Germany,Cologne,2792.97,27.0,32.9,180.98,19.0,34.6,14.5,34.7,,51.2,8.0,3439.0,24.0,5.0,0
32640,Female,France,Marseille,2079.52,60.3,11.8,119.64,20.0,34.8,10.1,18.1,0.1,45.5,1.0,722.0,12.0,2.0,0
32643,Female,Japan,Yokohama,1055.26,44.7,26.9,97.1,15.6,27.7,8.1,22.0,,22.2,4.0,1986.0,20.0,6.0,0
32658,Female,USA,New York,2074.99,54.9,38.0,130.45,15.0,39.8,10.8,23.3,4.4,6.3,9.0,2012.0,16.0,3.0,0
32660,Male,France,Marseille,2750.53,44.0,35.4,172.74,18.0,40.8,10.9,32.1,6.5,64.7,7.0,2276.0,20.0,4.0,1
32678,Female,Australia,Brisbane,1984.39,29.0,40.8,125.96,20.8,47.2,13.0,26.9,0.4,57.2,10.0,3551.0,20.0,3.0,0
32747,Male,USA,Phoenix,2216.83,65.5,0.0,151.51,13.0,20.8,6.5,19.1,10.6,25.6,4.0,1666.0,7.0,2.0,1
32774,Female,France,Toulouse,1953.66,41.5,7.6,109.66,18.0,27.0,16.0,27.4,6.6,31.2,2.0,3785.0,12.0,6.0,0
32796,Female,USA,Los Angeles,1810.06,43.8,57.3,83.08,19.0,36.0,10.6,36.1,3.3,26.4,7.0,6421.0,23.0,7.0,0
32804,Female,Canada,Ottawa,2850.71,29.9,36.0,195.45,18.0,41.2,17.0,30.2,6.7,58.9,7.0,3798.0,18.0,3.0,0
32806,Male,UK,Glasgow,2205.21,47.1,9.3,131.26,16.0,44.4,8.0,23.3,5.6,39.5,5.0,1876.0,19.0,6.0,0
32844,Female,UK,Manchester,2231.1,44.9,45.4,158.63,13.0,28.7,5.9,15.4,14.5,43.1,4.0,1683.0,11.0,4.0,0
32862,Male,Japan,Yokohama,2015.65,56.8,34.2,156.56,13.0,32.1,9.4,39.4,8.6,25.4,7.0,1640.0,5.0,6.0,1
32866,Male,UK,Birmingham,2725.75,59.4,20.8,192.89,15.0,24.8,9.5,25.2,14.7,38.7,4.0,2730.0,16.0,3.0,1
32879,Male,USA,Los Angeles,487.33,51.2,24.5,34.17,17.0,30.1,12.0,30.1,19.8,31.2,4.0,1454.0,3.0,2.0,0
32886,Female,USA,Chicago,2316.19,51.0,50.4,136.68,19.5,39.5,14.1,33.5,11.0,23.9,7.0,4514.0,26.0,2.0,0
32907,Female,France,Toulouse,1391.1,76.4,9.7,95.78,17.0,20.3,6.5,11.5,6.6,5.4,1.0,910.0,11.0,2.0,1
32917,Male,USA,Los Angeles,1073.99,30.6,37.1,76.0,16.0,39.7,11.1,33.3,9.1,68.4,4.0,2952.0,29.0,6.0,0
32922,Female,USA,Houston,1716.4,64.2,47.4,102.8,14.0,30.7,10.3,22.6,2.2,21.6,6.0,3365.0,12.0,6.0,0
32953,Male,USA,Chicago,1967.01,29.3,35.0,112.39,16.0,42.8,11.9,35.2,8.3,57.5,8.0,3157.0,18.0,4.0,0
32956,Female,USA,Houston,2007.81,71.9,6.2,125.45,14.0,21.5,11.0,13.9,1.6,25.6,5.0,2276.0,7.0,1.0,1
32964,Male,India,Chennai,785.26,60.3,35.0,62.91,12.0,27.9,8.4,25.5,0.2,53.0,8.0,651.0,18.0,7.0,0
32969,Male,UK,Birmingham,694.63,33.9,7.0,68.98,15.6,32.5,8.6,17.9,3.3,51.1,6.0,3290.0,12.0,4.0,0
32995,Male,Canada,Vancouver,1777.8,37.1,42.0,121.56,17.0,40.6,13.9,36.0,15.2,69.6,9.0,3330.0,30.0,4.0,0
33008,Female,France,Paris,1497.86,65.0,6.1,126.33,16.900000000000002,15.2,7.9,19.6,9.0,7.2,2.0,559.0,11.0,2.0,1
33024,Male,Japan,Osaka,1473.9,57.9,36.5,122.96,15.6,32.0,10.9,23.2,0.6,3.5,9.0,2595.0,5.0,0.0,0
33034,Female,Japan,Osaka,1632.04,53.4,22.4,86.93,20.8,43.6,12.6,29.8,9.3,78.9,6.0,2623.0,19.0,3.0,0
33055,Female,USA,Houston,1405.49,63.7,26.6,123.9,16.900000000000002,36.3,9.0,25.4,21.6,48.1,2.0,2922.0,10.0,5.0,0
33083,Male,USA,Phoenix,1442.4,37.9,20.0,69.51,20.0,40.2,11.6,25.9,9.5,47.4,4.0,3957.0,8.0,5.0,0
33084,Male,Japan,Tokyo,2146.91,37.6,21.1,116.45,18.0,41.9,12.3,23.2,4.2,27.5,5.0,3422.0,12.0,7.0,0
33124,Female,Japan,Nagoya,2097.46,56.1,22.1,121.24,15.0,27.2,10.4,24.0,1.0,27.7,7.0,3371.0,16.0,5.0,0
33185,Male,France,Lyon,2144.05,33.4,26.0,91.29,20.0,40.4,10.7,25.7,3.5,25.6,3.0,4732.0,19.0,4.0,0
33213,Male,Australia,Melbourne,1999.84,47.9,24.2,103.93,22.0,36.7,11.7,24.5,,57.7,5.0,2852.0,27.0,3.0,0
33217,Male,France,Nice,1111.32,31.1,37.0,80.4,13.0,35.7,7.9,20.3,4.6,47.2,10.0,3578.0,23.0,4.0,0
33267,Female,Canada,Ottawa,2034.74,31.2,40.9,124.35,17.0,50.5,14.4,42.5,3.0,59.3,8.0,4136.0,27.0,5.0,0
33271,Female,France,Paris,2226.57,56.5,37.8,154.22,13.0,30.7,14.3,26.5,5.7,35.8,4.0,4218.0,19.0,3.0,1
33323,Male,USA,New York,1225.25,83.3,1.2,90.96,16.900000000000002,10.6,7.1,10.8,3.9,11.3,1.0,1937.0,0.0,0.0,1
33327,Male,Japan,Osaka,1583.43,52.0,40.8,108.85,19.5,37.5,11.0,22.3,3.1,46.0,7.0,2421.0,12.0,3.0,0
33330,Male,UK,Birmingham,2097.99,31.6,37.2,125.76,16.0,50.2,12.8,29.2,13.2,43.0,9.0,4818.0,12.0,6.0,1
33334,Female,Canada,Toronto,1008.13,46.5,29.0,86.31,16.900000000000002,31.0,8.9,12.3,5.2,43.5,3.0,674.0,20.0,3.0,0
33339,Male,USA,New York,2015.13,38.9,27.7,139.74,13.0,30.1,8.0,25.3,0.7,15.6,3.0,3080.0,14.0,6.0,1
33369,Male,UK,Glasgow,2348.27,56.9,24.3,187.21,11.0,27.3,10.0,11.3,3.7,50.0,4.0,2900.0,9.0,2.0,0
33417,Female,UK,Manchester,676.3,73.5,12.5,68.83,15.6,29.2,7.9,9.5,9.0,24.1,6.0,1435.0,8.0,4.0,0
33420,Female,USA,Houston,945.42,58.1,38.1,65.7,17.0,31.7,9.8,25.0,8.8,59.2,8.0,1779.0,24.0,6.0,0
33421,Female,Germany,Cologne,1076.47,42.6,38.7,86.2,14.0,44.6,12.8,33.0,,29.8,9.0,2850.0,23.0,3.0,0
33455,Male,USA,Chicago,1346.24,54.0,6.5,129.32,12.0,26.8,13.7,20.0,,53.5,9.0,4162.0,11.0,7.0,0
33474,Male,USA,Houston,1538.73,59.9,28.4,115.39,18.2,17.2,8.8,11.3,4.2,8.8,2.0,1074.0,14.0,1.0,0
33503,Male,USA,Houston,1500.74,53.1,28.6,104.04,18.2,29.0,11.5,26.4,10.5,26.7,7.0,1944.0,21.0,7.0,0
33525,Female,Germany,Cologne,844.88,48.3,6.7,80.18,15.6,29.0,12.2,25.4,,20.1,2.0,1857.0,21.0,1.0,0
33552,Female,USA,Phoenix,1511.03,45.0,20.8,132.35,11.0,29.6,7.6,23.6,12.8,51.5,8.0,1208.0,6.0,7.0,0
33560,Female,UK,Leeds,2446.37,54.8,20.7,146.29,19.0,26.9,9.8,25.9,7.3,53.9,4.0,2882.0,6.0,2.0,0
33573,Male,USA,New York,2139.82,54.1,35.8,108.29,19.0,27.6,12.8,16.9,8.0,32.1,6.0,574.0,14.0,2.0,1
33633,Female,UK,London,2268.81,59.8,49.1,136.36,20.0,26.0,8.8,19.5,3.6,38.5,3.0,1547.0,17.0,5.0,0
33726,Female,USA,Houston,1331.82,44.6,30.1,99.64,18.2,29.6,5.7,16.3,,33.5,2.0,1713.0,17.0,2.0,0
33742,Male,Japan,Tokyo,1919.55,51.9,18.2,108.78,15.0,27.7,10.6,19.0,1.9,26.8,6.0,2135.0,5.0,5.0,1
33761,Male,USA,Los Angeles,2180.78,32.3,20.6,166.19,12.0,37.5,10.9,33.7,8.0,44.8,6.0,3167.0,6.0,4.0,1
33765,Male,USA,Houston,1089.2,54.7,50.9,81.08,14.0,37.5,13.2,18.2,0.2,41.8,7.0,3584.0,14.0,7.0,0
33794,Male,USA,Los Angeles,2178.67,49.6,44.9,98.67,22.0,37.4,16.8,33.2,4.4,59.6,6.0,2879.0,20.0,5.0,0
33812,Female,USA,Chicago,1709.57,18.5,51.0,85.05,19.0,34.1,8.0,25.5,11.2,84.8,5.0,3014.0,22.0,7.0,0
33828,Female,Canada,Ottawa,2068.75,28.3,9.8,155.1,13.0,32.7,9.9,22.4,3.6,74.9,7.0,344.0,4.0,0.0,1
33857,Female,Canada,Ottawa,1698.07,48.5,39.9,104.06,19.5,36.8,11.6,29.1,10.7,49.9,5.0,1012.0,0.0,4.0,0
33880,Other,USA,Houston,2109.24,49.9,23.2,168.53,14.0,36.4,14.5,28.7,0.9,18.7,10.0,3675.0,19.0,1.0,0
33978,Female,Japan,Tokyo,1001.81,50.6,16.0,83.94,11.0,36.3,13.3,18.8,0.5,14.6,9.0,4581.0,4.0,5.0,0
33985,Male,UK,Glasgow,1569.48,51.7,33.1,86.54,18.0,49.7,13.3,29.0,7.1,68.9,10.0,1934.0,18.0,7.0,0
34000,Male,UK,Leeds,2475.09,76.6,8.0,173.33,15.6,18.7,8.1,15.1,7.6,43.9,3.0,1917.0,17.0,0.0,1
34051,Female,USA,Houston,1323.98,47.9,24.9,98.88,18.2,27.3,8.3,24.7,4.6,0.0,3.0,2141.0,8.0,0.0,0
34124,Female,USA,Los Angeles,1518.76,37.7,30.5,113.31,14.0,37.0,11.8,28.2,,39.3,11.0,2624.0,11.0,2.0,0
34156,Male,UK,London,1904.87,40.8,15.9,96.47,22.1,42.1,11.6,29.4,,51.5,5.0,2243.0,20.0,5.0,0
34173,Female,France,Nice,2681.27,70.3,38.5,238.03,15.6,33.0,7.6,14.2,7.5,29.5,9.0,2734.0,8.0,6.0,0
34179,Female,UK,Glasgow,2198.39,55.7,25.9,135.23,15.0,28.9,11.3,16.7,1.9,21.0,3.0,637.0,15.0,1.0,0
34188,Female,France,Paris,2275.7,53.8,30.4,99.77,23.0,42.2,11.6,27.6,1.0,31.7,5.0,2036.0,17.0,5.0,0
34207,Male,Germany,Berlin,2495.37,34.7,38.6,153.19,20.8,45.6,11.0,32.9,2.0,18.8,8.0,1556.0,20.0,5.0,1
34213,Male,Canada,Ottawa,1113.45,59.8,20.6,104.68,15.6,24.5,8.5,10.4,6.9,1.6,7.0,1760.0,14.0,2.0,0
34241,Male,Germany,Hamburg,1228.78,53.1,22.7,90.85,16.0,26.9,11.3,23.2,4.3,24.7,4.0,2618.0,6.0,7.0,0
34246,Male,Germany,Munich,2010.07,37.9,41.8,88.24,19.0,39.7,17.3,33.5,2.2,28.4,9.0,3486.0,16.0,4.0,0
34248,Female,USA,Phoenix,1695.37,59.0,25.0,132.99,12.0,26.3,11.1,20.2,8.3,31.1,8.0,2868.0,23.0,6.0,0
34258,Male,Japan,Tokyo,2361.52,56.5,0.0,170.47,13.0,15.3,6.4,12.5,7.6,29.9,4.0,2854.0,9.0,2.0,1
34322,Female,USA,New York,1025.76,40.4,31.6,92.27,12.0,38.2,11.3,30.9,9.2,35.0,9.0,1934.0,29.0,1.0,0
34327,Female,Australia,Sydney,2088.2,57.9,33.0,157.58,14.0,33.7,13.0,28.7,6.2,42.7,11.0,2712.0,18.0,3.0,0
34342,Male,USA,New York,1423.41,44.9,21.8,83.81,16.0,44.8,12.4,34.2,4.9,29.4,10.0,2234.0,23.0,6.0,0
34361,Female,UK,Birmingham,1585.94,48.0,26.3,108.49,16.900000000000002,32.7,8.9,27.8,5.9,63.0,10.0,0.0,16.0,2.0,0
34378,Male,USA,Phoenix,1676.33,40.0,27.8,111.92,13.0,40.3,9.3,22.6,11.3,62.8,9.0,1435.0,13.0,2.0,1
34383,Male,USA,New York,1529.36,38.3,32.4,130.16,18.2,32.6,12.9,22.9,6.2,37.4,6.0,3192.0,10.0,1.0,1
34401,Male,USA,Houston,2313.34,53.7,27.8,194.83,10.0,26.3,6.2,11.1,9.4,6.5,2.0,3067.0,8.0,1.0,0
34406,Female,USA,New York,1316.38,36.6,16.1,123.35,14.3,26.7,12.4,21.0,7.0,44.4,10.0,1853.0,21.0,2.0,0
34408,Female,USA,Houston,1597.21,28.4,51.5,109.47,17.0,39.5,12.8,35.3,,45.5,9.0,2978.0,26.0,2.0,0
34427,Male,France,Lyon,1275.21,77.6,47.3,85.99,18.2,30.7,10.3,25.6,4.3,27.9,2.0,2888.0,20.0,2.0,0
34438,Female,India,Chennai,1895.82,66.0,31.8,146.66,11.0,10.9,10.6,7.6,3.5,32.3,1.0,1904.0,5.0,5.0,0
34449,Female,Australia,Perth,1008.12,65.2,6.1,96.83,16.900000000000002,29.6,8.8,17.8,2.5,29.8,2.0,1290.0,10.0,2.0,0
34489,Male,UK,Birmingham,1432.83,52.8,34.0,89.84,19.5,29.3,10.6,17.7,1.6,26.1,7.0,1572.0,17.0,5.0,0
34526,Male,Australia,Perth,891.04,40.6,11.7,74.01,14.0,31.7,10.5,32.4,6.6,58.6,7.0,2312.0,24.0,7.0,0
34543,Male,USA,Houston,2629.19,51.8,39.6,167.6,18.2,36.6,13.3,32.9,4.3,48.6,5.0,1957.0,15.0,3.0,0
34553,Female,USA,Chicago,677.66,63.4,6.3,68.29,15.6,28.3,7.1,20.0,14.9,4.6,3.0,1643.0,21.0,4.0,0
34567,Male,UK,Birmingham,2381.76,46.4,38.8,141.72,20.0,34.4,11.9,33.1,1.7,60.2,7.0,2816.0,17.0,6.0,0
34600,Male,UK,Leeds,1557.61,71.4,13.0,115.7,18.2,33.4,12.1,11.5,6.5,48.3,7.0,3880.0,11.0,4.0,1
34616,Female,UK,London,2216.66,37.1,30.7,93.43,24.0,47.7,14.1,22.3,2.3,54.4,5.0,2743.0,25.0,5.0,0
34641,Female,Japan,Osaka,1595.57,54.9,19.7,170.8,14.3,30.0,8.3,29.0,1.6,55.8,5.0,1386.0,11.0,8.0,0
34646,Male,USA,Chicago,2737.6,38.6,12.2,194.82,15.0,32.1,12.4,29.7,1.7,56.3,6.0,2296.0,24.0,4.0,1
34648,Male,USA,Los Angeles,2310.24,22.7,31.1,119.43,22.1,40.9,11.3,28.5,,41.8,6.0,1378.0,13.0,3.0,1
34649,Male,USA,Chicago,1313.47,41.9,29.9,116.32,13.0,26.7,8.3,24.6,,23.1,10.0,1938.0,9.0,0.0,0
34652,Male,USA,Phoenix,1555.82,72.1,2.9,139.03,16.900000000000002,31.0,6.7,15.3,2.2,38.8,0.0,1556.0,13.0,1.0,0
34657,Female,France,Nice,2473.71,46.3,37.1,151.41,19.0,34.9,13.5,30.3,6.3,41.4,6.0,1554.0,21.0,6.0,0
34703,Male,USA,Phoenix,870.1,52.6,18.6,40.82,18.0,30.8,9.6,28.9,11.4,66.1,8.0,2229.0,20.0,3.0,0
34716,Female,Australia,Adelaide,810.04,57.4,26.3,52.35,18.0,27.9,9.7,28.3,8.2,24.9,4.0,3007.0,11.0,5.0,0
34740,Male,USA,Chicago,1754.27,45.6,15.0,129.29,19.5,30.1,9.2,21.1,1.8,43.5,3.0,3038.0,18.0,4.0,0
34748,Male,Australia,Perth,1747.81,35.0,63.5,90.83,18.0,49.1,12.0,39.1,1.3,59.4,8.0,3112.0,28.0,5.0,0
34789,Male,USA,New York,1074.12,34.9,31.2,87.15,16.900000000000002,36.4,8.0,30.5,3.4,18.0,6.0,3337.0,6.0,6.0,0
34821,Male,Japan,Osaka,2559.55,47.7,30.3,153.28,19.0,43.5,14.1,35.3,4.7,58.0,9.0,826.0,19.0,4.0,0
34851,Male,Germany,Hamburg,2392.67,62.0,23.0,129.46,19.0,37.2,13.0,27.4,1.0,51.5,5.0,3037.0,18.0,2.0,0
34885,Female,India,Delhi,2366.66,33.8,27.8,179.11,13.0,31.7,8.0,20.5,10.9,43.3,8.0,2743.0,13.0,4.0,0
34927,Female,UK,Leeds,1274.88,44.6,41.8,73.18,20.0,33.9,13.0,36.7,4.3,30.3,4.0,2292.0,15.0,5.0,0
34988,Male,Germany,Frankfurt,1683.84,58.1,36.4,129.02,19.5,38.2,10.7,25.3,5.4,14.8,6.0,2744.0,13.0,3.0,0
35012,Male,Germany,Munich,2898.45,45.3,39.9,190.14,19.0,40.1,11.8,38.4,9.2,50.7,6.0,3676.0,20.0,3.0,0
35042,Male,Canada,Toronto,1134.03,62.0,29.8,61.62,18.0,31.6,8.4,19.4,7.6,31.4,0.0,1103.0,7.0,1.0,1
35052,Female,USA,New York,2520.91,53.2,23.0,173.78,17.0,41.1,12.9,22.3,5.0,70.3,5.0,3171.0,14.0,7.0,0
35057,Female,Japan,Tokyo,1684.73,60.3,21.6,84.22,19.0,25.0,6.6,25.9,6.7,42.4,2.0,2902.0,12.0,5.0,0
35128,Male,Australia,Perth,1686.82,43.9,5.4,75.42,19.0,33.9,10.5,37.6,1.0,57.7,6.0,2178.0,18.0,8.0,0
35130,Male,USA,Phoenix,1988.73,90.3,6.2,140.95,12.0,26.6,6.4,11.0,6.7,14.0,5.0,1527.0,12.0,2.0,1
35160,Female,USA,Houston,1997.97,54.5,25.2,173.07,13.0,25.7,10.3,30.6,9.0,45.5,8.0,1583.0,18.0,7.0,1
35205,Male,France,Nice,1571.71,36.2,35.0,96.37,15.0,43.5,11.3,33.6,,38.1,8.0,3307.0,22.0,7.0,0
35320,Male,UK,Birmingham,1899.89,54.5,42.7,113.14,16.0,36.4,13.9,29.6,,53.6,5.0,3911.0,20.0,6.0,0
35335,Male,Canada,Vancouver,2469.31,71.6,27.2,197.73,11.0,28.4,11.0,18.1,10.5,9.5,6.0,1734.0,13.0,3.0,1
35343,Male,UK,Birmingham,2298.67,81.7,10.6,178.17,13.0,12.2,6.0,10.8,9.0,14.2,4.0,0.0,12.0,1.0,1
35360,Male,Germany,Frankfurt,1955.59,66.3,28.5,96.91,17.0,27.4,7.7,11.1,8.9,15.0,5.0,1879.0,14.0,1.0,1
35370,Male,Canada,Montreal,1418.03,49.4,39.7,57.42,21.0,38.0,11.4,38.5,0.7,58.8,7.0,4829.0,23.0,5.0,0
35418,Male,UK,Birmingham,2829.54,52.6,17.2,195.2,16.900000000000002,45.5,11.8,24.8,13.8,26.8,4.0,1993.0,12.0,5.0,0
35432,Female,USA,Phoenix,1478.47,52.0,9.5,76.05,17.0,33.2,13.5,33.0,1.2,29.6,10.0,3386.0,18.0,6.0,0
35442,Male,Canada,Ottawa,2274.65,49.4,9.1,180.14,11.0,32.8,12.1,18.1,21.6,34.0,4.0,2409.0,7.0,2.0,0
35503,Female,Canada,Vancouver,1663.42,52.0,39.4,99.88,15.0,45.1,13.5,23.3,1.0,61.1,4.0,3089.0,19.0,7.0,0
35529,Female,Canada,Calgary,2446.93,46.1,35.2,192.08,15.0,33.5,10.4,21.7,10.3,40.3,10.0,3126.0,18.0,5.0,0
35546,Male,UK,Glasgow,750.15,64.8,14.5,37.95,18.0,27.9,9.9,14.3,7.2,38.0,1.0,2557.0,10.0,0.0,0
35572,Male,UK,London,1857.95,43.6,1.3,94.92,19.0,28.2,7.9,12.0,8.0,13.7,3.0,1895.0,22.0,4.0,0
35584,Male,Japan,Osaka,2295.05,41.6,39.8,145.09,17.0,26.8,14.8,27.6,3.6,40.4,2.0,1964.0,12.0,6.0,0
35593,Male,UK,Manchester,1572.07,47.9,35.3,122.29,15.0,28.5,9.9,17.9,4.4,8.8,11.0,2455.0,15.0,5.0,0
35619,Male,USA,Phoenix,2331.67,42.4,46.6,111.33,19.0,33.0,13.3,34.8,4.6,43.7,6.0,4166.0,15.0,3.0,1
35634,Female,USA,New York,2079.74,41.6,25.6,117.83,19.5,22.3,12.0,29.8,2.7,26.5,8.0,2341.0,15.0,5.0,0
35651,Female,Australia,Brisbane,2344.52,40.9,13.1,193.21,15.0,33.7,11.1,27.1,4.6,44.9,4.0,2540.0,21.0,8.0,1
35670,Male,Australia,Perth,2582.71,38.8,9.7,202.0,15.0,35.1,9.5,16.8,24.4,17.9,7.0,3197.0,14.0,6.0,0
35704,Female,India,Mumbai,2043.64,46.0,31.8,105.19,21.0,36.5,6.4,27.2,4.6,35.0,5.0,2677.0,23.0,6.0,0
35713,Male,Australia,Melbourne,2107.11,40.8,19.7,121.14,21.0,43.3,13.0,32.9,2.8,52.0,8.0,3809.0,22.0,7.0,0
35716,Female,USA,New York,1332.73,43.8,30.6,94.48,14.0,46.9,8.5,26.9,10.4,74.9,7.0,4056.0,20.0,6.0,0
35735,Female,Germany,Hamburg,2099.8,65.2,23.5,130.01,14.0,28.2,10.6,33.1,13.0,38.3,5.0,1514.0,15.0,0.0,0
35757,Male,Japan,Yokohama,2203.34,34.4,36.7,114.54,20.0,38.4,18.0,30.0,4.6,60.2,5.0,4855.0,23.0,6.0,0
35763,Female,UK,Glasgow,1392.3,47.6,19.2,91.54,13.0,29.6,10.0,28.6,4.0,39.5,10.0,607.0,14.0,1.0,0
35794,Male,Japan,Nagoya,445.38,49.9,19.1,34.46,16.0,36.5,12.9,10.8,8.4,42.0,4.0,1201.0,17.0,5.0,0
35810,Female,USA,Chicago,1735.21,59.3,16.1,92.13,16.0,32.5,10.4,13.4,3.5,23.8,5.0,73.0,28.0,6.0,0
35822,Female,USA,Houston,834.59,55.1,22.8,77.81,14.3,24.8,10.4,26.4,4.5,20.3,10.0,1588.0,6.0,2.0,0
35883,Female,USA,Phoenix,2654.32,62.6,48.3,184.34,18.2,38.0,14.2,28.5,2.8,49.8,6.0,1985.0,27.0,1.0,1
35892,Male,France,Paris,1017.84,39.7,18.3,98.73,10.0,38.7,13.1,17.9,4.0,41.9,5.0,3711.0,11.0,7.0,1
35912,Female,Australia,Sydney,1596.97,67.0,27.0,112.38,18.2,43.2,9.9,27.4,6.1,48.6,10.0,3135.0,16.0,2.0,0
35920,Female,USA,Los Angeles,2286.25,39.6,12.0,143.2,20.8,25.2,10.6,24.5,6.9,0.8,6.0,3237.0,20.0,4.0,0
35929,Female,Canada,Vancouver,1745.32,45.8,48.3,87.54,17.0,42.4,14.1,32.5,4.6,55.3,8.0,3295.0,8.0,3.0,0
35962,Female,India,Hyderabad,1433.39,44.0,20.6,87.75,19.0,30.8,9.4,23.5,,0.0,3.0,2852.0,10.0,1.0,0
36024,Male,USA,Los Angeles,2595.73,41.4,32.1,191.94,14.0,34.7,12.0,26.2,6.6,33.3,4.0,2401.0,21.0,5.0,1
36056,Female,Canada,Vancouver,2462.84,56.7,25.5,206.66,11.0,25.9,9.7,30.7,1.3,44.1,3.0,700.0,16.0,4.0,1
36079,Female,France,Nice,1527.1,57.0,14.2,137.53,16.900000000000002,23.8,6.4,20.3,10.5,12.6,0.0,2486.0,0.0,0.0,0
36104,Female,USA,New York,2240.68,55.1,20.0,147.83,14.0,40.5,8.6,19.4,4.7,52.0,5.0,3151.0,17.0,4.0,0
36113,Female,USA,Phoenix,2329.11,66.7,14.4,193.71,14.0,11.3,7.5,6.8,3.5,18.7,1.0,835.0,5.0,0.0,1
36120,Male,USA,Phoenix,941.68,34.4,18.8,80.13,14.0,28.3,9.3,21.9,5.5,53.3,11.0,2328.0,14.0,3.0,0
36133,Female,Australia,Melbourne,1772.79,52.4,24.1,115.08,13.0,30.0,10.7,26.7,0.3,53.5,8.0,2894.0,13.0,4.0,0
36236,Female,USA,Phoenix,1932.98,48.9,42.5,113.89,17.0,48.8,8.4,28.4,8.2,63.7,9.0,3657.0,15.0,5.0,0
36258,Female,USA,Phoenix,1817.1,53.7,9.5,110.04,19.5,32.6,6.9,21.6,2.0,26.8,3.0,1351.0,15.0,1.0,0
36272,Male,France,Marseille,1114.74,41.8,28.3,88.46,12.0,34.5,10.3,24.3,11.3,55.1,7.0,2262.0,12.0,8.0,0
36332,Male,Germany,Cologne,2334.98,40.4,22.4,133.97,17.0,45.0,15.0,20.9,1.9,43.5,8.0,3421.0,17.0,4.0,0
36342,Female,USA,Phoenix,1775.76,69.1,11.0,90.97,18.0,20.7,7.1,15.5,13.2,39.2,4.0,67.0,0.0,3.0,1
36348,Male,USA,Chicago,990.03,42.5,14.4,91.5,13.0,26.1,9.6,30.9,1.4,27.8,10.0,3953.0,16.0,6.0,0
36353,Female,USA,Phoenix,2491.07,42.0,51.0,163.82,16.0,35.9,10.3,33.5,4.9,49.3,6.0,3156.0,20.0,6.0,0
36370,Male,UK,Manchester,1695.59,51.1,39.6,90.4,17.0,46.9,11.7,32.7,0.6,27.3,4.0,3343.0,19.0,0.0,0
36402,Female,UK,Glasgow,1044.48,59.7,28.1,60.67,15.0,40.5,9.4,23.5,2.4,34.2,11.0,1271.0,15.0,4.0,0
36407,Male,Australia,Adelaide,1693.55,29.5,33.2,114.57,20.8,44.6,16.0,23.7,8.0,20.9,6.0,2536.0,25.0,4.0,0
36443,Male,USA,New York,1667.57,60.1,15.9,144.85,16.900000000000002,32.4,7.1,25.6,10.1,15.7,6.0,1329.0,13.0,6.0,0
36453,Male,UK,Leeds,1845.08,53.8,18.0,135.4,15.6,35.3,12.7,22.0,2.6,54.1,10.0,3426.0,5.0,1.0,0
36464,Male,UK,Leeds,1658.16,36.1,27.2,95.32,15.0,36.9,12.8,30.9,8.9,54.4,3.0,3333.0,28.0,6.0,0
36482,Female,USA,Houston,884.18,38.8,31.8,51.61,18.0,39.4,11.4,31.1,15.0,47.4,6.0,2659.0,21.0,5.0,0
36485,Female,USA,Los Angeles,1556.94,55.6,25.3,78.72,18.0,31.9,10.1,23.9,14.8,66.5,4.0,2136.0,20.0,7.0,0
36491,Male,Canada,Calgary,1168.05,52.7,11.9,83.67,16.0,33.5,12.1,27.6,7.8,17.6,10.0,3407.0,16.0,3.0,0
36492,Male,UK,Glasgow,2106.04,50.0,18.2,149.83,20.8,39.4,10.7,24.5,7.1,53.9,3.0,2377.0,20.0,4.0,0
36493,Female,India,Mumbai,945.43,47.8,30.8,61.6,18.0,39.9,11.3,25.4,8.7,58.9,5.0,154.0,9.0,5.0,0
36522,Female,USA,Los Angeles,2359.07,37.1,26.2,131.22,17.0,26.6,12.9,23.6,3.8,63.5,7.0,2735.0,20.0,5.0,1
36605,Female,USA,Houston,2135.65,60.5,29.5,151.53,12.0,36.1,5.9,21.5,10.9,34.6,3.0,2564.0,13.0,4.0,1
36608,Female,USA,Los Angeles,2158.56,56.5,55.9,129.55,20.8,38.2,11.3,29.3,9.6,53.9,7.0,3662.0,14.0,6.0,1
36628,Female,USA,Los Angeles,1306.36,62.1,26.3,92.7,12.0,31.4,9.9,37.4,11.6,39.8,7.0,1775.0,4.0,7.0,1
36656,Female,Canada,Ottawa,537.37,77.8,35.7,55.97,14.3,27.8,9.6,18.6,5.3,36.0,8.0,2837.0,22.0,2.0,0
36659,Female,USA,Houston,2228.89,50.5,23.4,122.16,19.0,40.9,13.0,29.3,1.6,40.7,5.0,3138.0,21.0,1.0,0
36667,Female,UK,Manchester,1874.27,43.8,43.9,95.38,22.1,38.8,12.7,28.1,9.4,44.3,5.0,1630.0,23.0,6.0,0
36683,Female,India,Hyderabad,1680.21,38.7,46.1,86.51,21.0,39.6,16.7,29.6,8.2,62.1,6.0,4902.0,21.0,3.0,0
36718,Male,Germany,Frankfurt,1368.87,35.3,26.7,96.33,17.0,46.5,13.7,25.1,13.8,70.0,10.0,4322.0,26.0,5.0,0
36798,Male,UK,Leeds,2435.99,36.0,23.2,146.89,17.0,40.7,6.9,24.9,2.5,41.0,3.0,3197.0,9.0,3.0,0
36811,Male,UK,Manchester,2931.28,60.2,37.2,208.25,19.5,33.4,13.8,26.3,8.1,30.4,5.0,1873.0,12.0,2.0,0
36835,Female,France,Lyon,1010.36,23.2,22.8,67.28,16.0,45.4,11.4,30.9,8.4,72.8,8.0,4204.0,20.0,2.0,0
36866,Female,USA,Houston,1508.62,50.4,30.5,88.96,18.0,24.3,4.7,12.2,11.7,20.1,7.0,1956.0,11.0,1.0,0
36868,Female,Germany,Cologne,1130.67,33.0,1.0,117.41,15.6,37.3,10.3,23.1,5.4,40.3,6.0,3350.0,19.0,2.0,0
36899,Male,Australia,Brisbane,2156.07,67.5,5.9,165.35,18.2,32.4,9.2,12.9,6.4,20.3,4.0,3014.0,9.0,4.0,1
36982,Female,USA,Houston,1422.48,31.5,22.7,78.64,16.0,45.4,12.3,38.5,5.3,70.5,7.0,3050.0,17.0,7.0,0
37000,Male,Japan,Nagoya,1365.25,21.8,54.9,63.51,19.0,49.8,15.1,32.5,11.8,69.0,7.0,3614.0,18.0,6.0,0
37010,Female,France,Toulouse,1143.63,66.3,19.0,103.34,16.900000000000002,26.4,8.9,19.6,,16.9,5.0,1544.0,8.0,2.0,0
37043,Male,Germany,Berlin,1540.26,61.9,43.2,92.04,14.0,34.0,8.1,23.0,,6.1,6.0,3515.0,14.0,7.0,0
37066,Male,Australia,Melbourne,2355.33,55.4,1.7,175.13,13.0,30.2,8.2,12.6,3.2,19.6,4.0,1954.0,2.0,2.0,1
37075,Male,USA,Chicago,1867.27,40.3,28.7,121.59,16.0,39.9,12.6,25.2,2.5,43.4,11.0,1489.0,24.0,5.0,0
37078,Male,Canada,Toronto,1971.8,69.8,30.0,153.31,11.0,25.9,8.3,13.3,0.1,34.1,7.0,376.0,20.0,1.0,1
37208,Female,Japan,Kyoto,2017.13,38.5,17.9,137.47,20.8,37.9,11.3,30.6,15.0,31.7,6.0,3434.0,9.0,2.0,1
37322,Female,UK,London,1635.06,50.2,30.7,77.72,20.0,40.4,9.7,23.6,6.3,32.0,9.0,2946.0,21.0,3.0,0
37331,Male,UK,London,1983.21,60.8,30.1,134.94,13.0,24.2,6.9,17.9,2.9,28.8,3.0,0.0,7.0,4.0,0
37339,Female,Japan,Yokohama,1894.27,36.1,34.1,128.03,15.0,41.7,15.4,30.6,4.0,64.7,3.0,2033.0,20.0,5.0,0
37388,Male,Canada,Vancouver,2702.07,74.9,14.0,228.64,12.0,24.9,4.7,14.5,,12.9,2.0,2119.0,16.0,1.0,1
37411,Female,Japan,Yokohama,1793.15,43.4,30.0,150.84,11.0,25.0,7.2,25.2,7.5,21.8,2.0,3388.0,16.0,7.0,0
37417,Female,USA,New York,1325.54,37.6,43.2,92.05,18.2,34.1,12.1,23.8,4.0,31.0,9.0,3140.0,13.0,6.0,0
37429,Female,UK,Birmingham,1874.97,42.2,32.7,88.99,19.0,29.6,8.5,16.5,0.8,36.2,4.0,3006.0,13.0,6.0,0
37448,Male,USA,New York,2245.36,44.7,24.0,118.81,22.1,41.0,17.2,39.4,4.3,28.6,10.0,2405.0,19.0,4.0,0
37505,Male,USA,Phoenix,2145.18,59.4,11.7,152.47,12.0,20.8,8.5,16.0,11.1,13.8,3.0,1927.0,14.0,2.0,1
37514,Female,Canada,Calgary,2298.2,44.1,35.7,128.17,19.0,36.2,15.4,35.9,7.3,59.2,9.0,3460.0,29.0,7.0,0
37529,Male,Germany,Frankfurt,1360.94,38.0,40.6,83.08,19.0,39.9,12.6,34.0,,77.7,5.0,2399.0,16.0,5.0,0
37538,Female,France,Toulouse,2147.28,58.5,39.7,108.58,20.0,36.9,8.1,22.2,14.3,41.1,6.0,2370.0,10.0,5.0,1
37539,Male,USA,Chicago,1285.01,35.5,42.3,107.56,14.0,31.6,12.6,25.5,4.9,64.0,11.0,3868.0,21.0,4.0,0
37595,Male,France,Nice,1608.05,38.8,45.6,95.26,21.0,30.7,12.8,26.0,1.3,34.5,6.0,1918.0,4.0,4.0,0
37629,Male,France,Toulouse,2295.71,59.8,17.3,199.41,13.0,28.8,10.1,22.8,13.0,55.5,6.0,2204.0,8.0,7.0,0
37639,Female,Australia,Melbourne,2268.32,54.1,0.0,206.14,14.3,17.2,6.2,16.2,14.9,1.2,2.0,633.0,14.0,5.0,1
37649,Female,Germany,Hamburg,2523.24,34.0,20.2,185.18,16.0,25.9,3.3,22.0,16.9,3.1,7.0,1752.0,13.0,3.0,0
37651,Male,UK,London,2074.18,38.9,22.2,102.07,17.0,40.2,13.2,38.2,0.7,32.5,7.0,3167.0,15.0,4.0,0
37683,Female,Germany,Berlin,2128.79,64.1,33.0,127.07,17.0,31.6,7.9,32.2,0.6,41.3,8.0,1602.0,21.0,5.0,1
37693,Female,USA,Los Angeles,1683.81,65.2,30.1,131.5,15.0,36.9,9.6,29.2,3.0,56.8,3.0,3812.0,11.0,8.0,0
37708,Female,USA,Los Angeles,2242.15,60.3,45.2,140.56,15.0,25.4,7.1,20.6,8.9,35.8,6.0,174.0,12.0,3.0,0
37720,Female,UK,Birmingham,1943.49,45.4,31.5,160.32,19.5,37.6,12.5,35.7,5.6,26.1,6.0,1570.0,14.0,4.0,0
37735,Male,India,Chennai,1862.72,39.0,22.2,138.02,13.0,30.1,11.8,21.1,5.0,35.2,10.0,3745.0,12.0,5.0,0
37746,Female,USA,Los Angeles,1817.6,42.0,26.0,121.77,20.8,46.1,13.1,16.8,5.5,32.2,8.0,4005.0,20.0,5.0,0
37756,Male,USA,Chicago,1056.35,41.0,12.9,64.97,14.0,38.0,13.2,25.6,12.3,46.5,10.0,2022.0,15.0,1.0,0
37792,Female,USA,Chicago,2225.34,62.6,18.0,132.97,15.0,45.8,9.3,27.5,9.7,34.6,6.0,3302.0,18.0,4.0,1
37794,Female,France,Lyon,2270.97,57.6,37.3,176.33,14.3,39.3,9.1,29.5,4.5,2.2,5.0,462.0,14.0,0.0,0
37811,Male,France,Lyon,1394.58,59.8,5.8,59.26,20.0,24.1,9.1,17.0,1.4,24.9,2.0,995.0,11.0,3.0,0
37829,Male,UK,London,1535.6,41.5,44.7,97.56,18.0,39.1,15.1,30.5,3.0,63.6,10.0,2346.0,28.0,5.0,0
37877,Female,UK,Leeds,1913.96,38.3,48.4,108.92,18.0,36.5,8.4,34.4,5.7,65.2,3.0,1752.0,24.0,5.0,0
37881,Female,Germany,Frankfurt,1279.67,56.2,14.3,85.48,15.0,31.5,8.1,21.9,8.8,56.8,10.0,2010.0,18.0,6.0,0
37890,Male,Australia,Perth,1282.5,47.8,10.1,69.14,19.0,28.6,11.4,20.8,10.3,28.3,2.0,3173.0,11.0,4.0,0
37909,Female,Germany,Hamburg,1601.92,47.0,23.4,88.67,17.0,37.9,12.0,22.7,15.2,69.4,10.0,3811.0,19.0,5.0,1
37965,Female,India,Chennai,1705.94,38.1,29.8,80.93,21.0,40.0,15.5,28.1,0.7,52.4,6.0,3026.0,22.0,6.0,0
37981,Male,Japan,Tokyo,1228.61,45.6,28.6,78.89,18.2,28.1,12.6,23.5,5.0,62.4,7.0,5039.0,20.0,5.0,0
38009,Female,Germany,Berlin,2014.61,58.2,0.0,150.83,16.900000000000002,16.2,4.8,14.0,3.5,16.5,3.0,956.0,3.0,2.0,1
38015,Male,UK,London,1014.58,68.0,9.0,79.85,16.900000000000002,16.2,4.4,18.8,2.6,0.0,3.0,1595.0,16.0,0.0,0
38056,Female,Germany,Munich,2592.57,33.9,52.6,166.59,19.0,48.7,11.3,25.0,16.3,51.1,3.0,4105.0,13.0,4.0,1
38064,Female,Canada,Montreal,1478.01,83.2,3.5,140.89,14.3,28.4,8.3,22.0,0.6,0.0,8.0,1234.0,12.0,3.0,1
38125,Female,France,Toulouse,2520.3,46.2,22.2,168.28,15.0,31.4,16.9,30.3,2.4,22.4,7.0,3248.0,19.0,5.0,1
38157,Female,Canada,Toronto,2062.8,48.1,19.1,122.26,16.0,34.4,10.6,8.2,5.5,43.0,7.0,2112.0,10.0,5.0,1
38207,Female,USA,Houston,1288.95,48.8,31.4,69.07,20.0,44.9,9.8,29.7,10.5,51.6,4.0,2179.0,20.0,2.0,0
38219,Female,Australia,Sydney,378.0,68.4,7.9,54.01,8.0,35.1,12.7,18.9,5.8,50.4,8.0,3358.0,7.0,5.0,1
38225,Male,France,Toulouse,687.31,43.3,23.8,58.5,15.6,36.4,12.1,15.8,16.2,30.3,6.0,3298.0,2.0,0.0,0
38255,Female,USA,Los Angeles,2420.45,19.6,34.9,187.67,12.0,35.4,11.3,25.2,10.8,31.6,8.0,3041.0,18.0,4.0,1
38275,Male,UK,Glasgow,1565.02,40.9,28.6,98.5,17.0,46.7,14.8,34.9,,49.4,3.0,3465.0,23.0,7.0,1
38282,Female,Germany,Cologne,2599.72,73.3,25.4,228.18,10.0,19.6,3.9,8.6,0.9,0.0,1.0,2197.0,12.0,1.0,1
38294,Male,USA,Chicago,2008.98,44.7,21.9,134.32,13.0,37.6,8.7,25.2,7.8,41.8,8.0,1829.0,12.0,3.0,0
38326,Female,India,Bangalore,2407.82,27.2,39.8,139.64,20.0,41.9,18.4,32.9,1.3,54.6,9.0,2805.0,22.0,5.0,1
38333,Male,UK,Manchester,490.19,61.6,26.2,48.92,12.0,26.7,6.8,21.5,6.8,37.8,7.0,2188.0,11.0,7.0,0
38338,Female,USA,Chicago,2274.36,39.8,40.3,153.17,14.0,34.0,9.7,22.8,6.3,40.5,4.0,2526.0,20.0,2.0,0
38369,Male,Australia,Sydney,1541.73,53.8,32.8,135.21,16.900000000000002,30.7,9.7,14.7,14.7,30.2,8.0,717.0,16.0,2.0,0
38386,Male,Australia,Sydney,2454.57,43.9,32.8,173.5,14.0,25.9,10.7,25.6,4.3,31.1,6.0,3208.0,18.0,5.0,1
38423,Male,USA,Phoenix,1979.89,49.3,31.9,107.46,17.0,28.0,9.0,18.5,0.7,37.7,5.0,3333.0,14.0,0.0,0
38467,Female,Canada,Toronto,1757.96,52.7,40.1,105.61,19.5,42.8,11.5,26.1,8.1,43.1,11.0,4612.0,19.0,4.0,0
38511,Male,USA,Los Angeles,955.25,43.2,15.2,90.8,10.0,41.7,8.7,14.5,8.8,21.6,2.0,1888.0,1.0,8.0,0
38528,Male,UK,Birmingham,1647.45,61.6,11.0,93.53,19.5,38.1,11.5,16.4,14.6,26.3,3.0,3528.0,9.0,1.0,1
38531,Female,India,Hyderabad,1824.31,52.4,8.1,150.76,16.900000000000002,30.3,8.8,21.4,7.9,31.5,2.0,1517.0,7.0,6.0,0
38565,Female,UK,London,1454.69,68.7,37.2,92.51,18.2,27.3,6.3,23.3,14.5,47.6,1.0,1210.0,19.0,4.0,0
38612,Female,USA,Chicago,2304.44,46.2,33.3,170.98,15.0,31.2,9.0,32.8,,42.7,10.0,3584.0,10.0,2.0,0
38685,Female,India,Mumbai,1460.17,48.7,34.9,117.49,11.0,13.0,9.6,19.9,1.5,39.0,10.0,1814.0,15.0,4.0,0
38694,Male,Japan,Yokohama,1370.29,55.0,13.9,118.46,16.900000000000002,18.7,13.3,18.0,10.8,45.7,6.0,2027.0,16.0,5.0,1
38720,Female,Canada,Vancouver,1599.1,34.8,37.9,106.0,17.0,37.1,14.4,32.6,7.4,48.8,5.0,1946.0,21.0,8.0,0
38728,Female,USA,Los Angeles,1823.43,38.6,24.9,136.49,13.0,29.3,12.2,21.6,5.1,28.9,9.0,600.0,9.0,5.0,0
38758,Female,Canada,Calgary,633.13,74.2,22.2,59.27,13.0,35.5,12.6,20.0,5.7,40.6,3.0,3167.0,26.0,6.0,1
38783,Male,Japan,Nagoya,1504.06,43.7,20.1,104.08,14.0,35.0,8.3,24.6,1.8,25.8,7.0,797.0,20.0,7.0,1
38784,Male,France,Nice,2272.02,44.1,43.1,126.36,21.0,44.6,13.2,34.9,2.6,40.3,4.0,2419.0,19.0,4.0,1
38786,Female,UK,London,478.41,40.5,19.5,50.64,10.0,24.5,10.8,16.9,5.8,42.9,10.0,891.0,13.0,4.0,0
38801,Female,USA,Houston,2192.16,55.8,9.7,157.12,12.0,18.7,10.7,22.2,8.8,19.5,4.0,861.0,13.0,4.0,1
38802,Female,USA,Los Angeles,1789.84,74.6,9.3,270.11,8.0,23.0,8.1,15.7,0.8,38.1,1.0,1010.0,5.0,2.0,1
38809,Female,India,Bangalore,2183.49,38.0,25.6,156.33,19.5,41.1,9.8,22.8,2.8,35.6,9.0,2816.0,24.0,5.0,1
38819,Male,France,Marseille,2359.73,43.6,35.4,118.8,18.0,39.4,10.1,30.0,5.0,48.4,5.0,2841.0,14.0,3.0,0
38850,Female,Germany,Hamburg,1951.57,63.1,25.7,100.97,22.1,36.4,10.5,27.2,,48.4,6.0,1762.0,16.0,3.0,0
38865,Female,UK,Leeds,1112.04,33.5,31.1,89.07,15.0,31.5,12.7,24.0,8.9,51.1,10.0,2609.0,15.0,3.0,0
38877,Female,Canada,Ottawa,2003.78,51.3,42.2,170.09,18.2,34.4,10.4,24.1,3.8,26.8,7.0,2071.0,14.0,7.0,0
38878,Male,UK,Birmingham,1841.57,51.2,19.0,132.15,18.2,25.9,6.2,24.7,3.2,15.6,1.0,972.0,9.0,1.0,0
38904,Male,USA,Houston,1605.81,46.6,25.0,115.05,17.0,41.3,13.0,16.5,,40.4,9.0,4249.0,18.0,7.0,1
38910,Female,USA,Chicago,983.42,60.0,22.3,80.98,13.0,38.4,8.1,29.3,9.6,40.6,10.0,4040.0,12.0,6.0,1
38930,Female,USA,New York,1534.18,53.5,27.3,109.17,17.0,33.1,8.3,25.3,,40.0,6.0,1963.0,11.0,7.0,0
38943,Female,Canada,Toronto,1710.28,51.0,25.7,118.95,18.2,26.4,6.4,15.3,0.6,45.8,5.0,1574.0,12.0,0.0,0
38957,Male,USA,Los Angeles,1021.68,50.2,24.4,58.36,19.0,42.0,11.8,22.3,4.7,67.7,7.0,2649.0,14.0,5.0,0
38962,Male,Germany,Berlin,1881.54,40.3,40.0,107.25,18.0,42.7,14.7,36.8,7.4,49.7,5.0,2822.0,13.0,7.0,0
38967,Male,USA,Chicago,1627.24,46.8,26.7,85.75,16.0,49.9,14.5,36.9,1.1,54.6,7.0,3968.0,20.0,7.0,0
39001,Male,USA,New York,695.58,50.9,18.3,75.99,10.0,30.5,8.6,24.4,5.5,53.7,3.0,4049.0,16.0,7.0,0
39015,Female,Australia,Perth,2395.81,36.5,26.4,133.06,18.0,21.5,8.8,14.1,17.4,23.0,3.0,1768.0,14.0,3.0,1
39037,Other,Canada,Ottawa,882.54,31.3,28.3,54.98,16.0,32.7,10.3,18.7,8.1,33.4,5.0,4657.0,24.0,0.0,0
39043,Female,USA,Phoenix,998.52,60.3,32.5,86.64,16.900000000000002,26.8,5.8,25.8,11.2,0.0,2.0,2671.0,16.0,2.0,0
39079,Male,Germany,Cologne,1981.48,64.2,45.2,124.68,20.8,32.4,11.5,24.8,7.0,61.0,5.0,3515.0,15.0,3.0,0
39082,Female,India,Chennai,1484.72,53.7,20.7,78.88,17.0,50.9,9.7,23.3,6.2,23.8,6.0,2902.0,31.0,7.0,1
39092,Male,Australia,Brisbane,1801.54,55.9,16.4,113.71,14.0,39.3,7.5,24.0,10.5,34.8,1.0,2030.0,23.0,0.0,0
39114,Male,USA,New York,1223.74,56.9,19.5,103.6,12.0,29.2,7.5,17.8,3.8,45.9,4.0,1935.0,8.0,8.0,0
39179,Male,France,Nice,2124.78,61.1,14.2,175.03,16.900000000000002,16.3,9.1,18.1,1.7,59.0,8.0,2339.0,14.0,2.0,0
39185,Male,USA,Los Angeles,2231.89,55.4,8.7,129.8,16.0,35.2,11.0,19.4,6.9,29.1,5.0,5400.0,6.0,4.0,0
39200,Other,USA,New York,690.41,42.8,16.8,59.49,16.900000000000002,33.0,10.8,16.2,5.6,16.7,6.0,53.0,8.0,2.0,0
39208,Other,USA,Chicago,2041.41,64.5,16.7,111.89,18.0,25.3,9.7,14.4,,40.7,3.0,491.0,4.0,2.0,0
39213,Female,France,Toulouse,1234.02,40.4,63.7,99.68,15.0,33.1,9.0,31.8,3.9,51.9,9.0,2223.0,12.0,5.0,0
39218,Male,France,Toulouse,1459.13,35.3,37.6,102.52,15.0,48.4,11.6,34.4,3.0,52.3,4.0,3561.0,18.0,6.0,1
39266,Female,France,Lyon,1317.48,41.8,38.3,80.59,19.0,39.6,14.5,22.0,7.9,49.2,8.0,1431.0,18.0,2.0,0
39273,Female,Germany,Hamburg,1731.42,28.2,20.4,105.49,16.0,37.0,15.2,31.0,4.2,77.7,4.0,3100.0,14.0,7.0,0
39293,Male,USA,Phoenix,2294.15,24.7,23.1,153.94,16.0,43.6,15.0,33.1,1.8,35.2,6.0,3755.0,25.0,7.0,0
39328,Male,France,Marseille,675.62,51.9,12.6,62.63,15.6,20.5,6.1,18.6,4.0,12.1,6.0,1176.0,11.0,1.0,0
39338,Male,USA,Los Angeles,2024.12,38.5,24.3,127.41,20.8,51.2,12.3,38.8,5.9,47.8,9.0,3637.0,28.0,5.0,1
39392,Male,Germany,Berlin,1618.33,58.9,40.5,98.58,19.5,47.8,14.0,34.8,8.3,32.7,8.0,3881.0,16.0,2.0,0
39417,Female,USA,Los Angeles,1404.87,59.2,18.9,107.19,16.900000000000002,14.5,3.1,5.3,2.6,0.0,0.0,2093.0,4.0,1.0,0
39424,Female,Canada,Ottawa,1130.04,68.4,13.6,148.87,9.0,29.9,8.1,27.1,1.7,29.9,4.0,2236.0,10.0,8.0,1
39441,Male,India,Mumbai,744.07,49.0,39.9,47.0,16.0,30.8,9.4,24.0,4.3,27.7,6.0,2964.0,24.0,0.0,0
39505,Male,UK,Glasgow,2279.9,72.5,12.2,159.81,15.6,33.7,9.4,19.9,10.1,31.5,7.0,2322.0,8.0,1.0,1
39539,Female,USA,Houston,1476.76,47.6,24.0,85.6,19.5,34.4,11.7,21.8,10.5,25.6,8.0,216.0,11.0,3.0,0
39653,Male,India,Delhi,1849.09,46.9,27.2,96.64,16.0,39.8,10.0,25.7,4.3,47.2,8.0,2940.0,17.0,7.0,0
39669,Female,Australia,Sydney,2316.61,49.1,8.1,184.05,16.900000000000002,29.6,7.8,14.9,2.2,25.5,9.0,3314.0,19.0,2.0,1
39713,Female,USA,Houston,1075.65,43.8,38.2,78.44,17.0,39.4,11.3,22.3,,60.5,8.0,1548.0,12.0,2.0,0
39718,Female,USA,Chicago,1509.02,36.6,28.0,77.6,20.0,42.7,15.4,37.2,,29.6,6.0,4396.0,18.0,1.0,0
39751,Male,USA,Houston,2519.96,36.9,23.6,141.35,19.0,34.9,14.0,22.8,7.0,46.0,7.0,4291.0,28.0,3.0,1
39755,Male,UK,Leeds,1333.03,60.2,22.7,103.93,18.2,26.8,11.4,24.1,2.5,9.5,6.0,1747.0,22.0,3.0,0
39761,Female,USA,Phoenix,2226.05,41.4,35.1,123.98,18.0,32.1,11.3,20.9,14.2,27.3,3.0,2326.0,20.0,4.0,0
39764,Male,UK,Leeds,1831.78,30.6,39.8,127.13,14.0,35.0,11.6,29.6,6.2,40.9,10.0,3363.0,22.0,6.0,0
39769,Female,Japan,Nagoya,2019.7,36.4,32.2,126.96,16.0,36.7,9.2,30.5,11.8,47.9,11.0,2384.0,9.0,4.0,0
39808,Male,Canada,Toronto,1046.33,59.5,18.9,87.55,13.0,23.7,7.5,16.8,2.3,29.0,10.0,3746.0,7.0,4.0,0
39812,Female,India,Chennai,1740.62,37.7,34.7,81.58,19.0,41.6,13.3,30.0,6.5,42.5,6.0,3080.0,25.0,7.0,0
39876,Female,Australia,Brisbane,1376.48,39.6,40.1,87.22,14.0,28.4,12.9,25.8,6.9,33.0,11.0,2554.0,20.0,2.0,0
39887,Male,Japan,Tokyo,2031.43,45.7,34.8,155.96,12.0,37.8,11.0,24.1,0.1,25.9,5.0,5071.0,12.0,5.0,0
39892,Female,USA,Chicago,1566.81,22.6,48.0,88.77,18.0,37.7,17.7,34.7,16.8,75.2,9.0,4043.0,27.0,6.0,0
39939,Female,UK,London,1377.25,37.2,11.9,76.02,18.0,32.7,10.1,25.5,4.7,42.8,2.0,1814.0,8.0,7.0,0
39966,Male,USA,Houston,1276.6,62.7,22.8,121.86,16.900000000000002,26.6,8.6,13.8,5.5,28.2,4.0,2031.0,9.0,2.0,0
39981,Female,UK,Leeds,2182.29,34.2,47.5,159.84,16.0,50.1,13.0,30.8,9.0,50.8,7.0,3624.0,24.0,8.0,0
40008,Female,Germany,Frankfurt,2439.91,47.1,46.5,155.38,16.0,28.8,4.9,20.0,,40.9,5.0,2515.0,11.0,2.0,0
40062,Female,Germany,Munich,1167.13,71.6,8.5,94.24,16.900000000000002,18.8,5.5,19.8,0.5,0.0,1.0,1565.0,6.0,1.0,0
40077,Male,UK,Manchester,2463.97,50.8,48.5,174.45,15.0,46.2,13.5,19.4,13.1,67.8,7.0,2132.0,26.0,5.0,0
40101,Male,Canada,Ottawa,1970.32,30.2,23.9,100.77,17.0,41.0,13.6,34.3,7.9,69.1,9.0,3382.0,21.0,5.0,0
40103,Male,Germany,Cologne,2071.55,55.5,9.6,92.14,20.0,31.3,11.8,18.0,8.0,34.1,7.0,1318.0,10.0,4.0,1
40133,Male,UK,Leeds,1427.27,57.3,33.1,116.42,11.0,26.8,7.6,20.3,1.9,38.9,9.0,978.0,11.0,5.0,0
40145,Female,France,Lyon,2278.86,34.9,30.0,88.67,22.0,34.3,12.6,22.3,4.8,50.5,4.0,3261.0,20.0,3.0,0
40170,Male,USA,New York,1066.16,35.3,41.7,83.38,15.6,26.4,11.7,24.1,6.6,37.7,4.0,4540.0,16.0,7.0,0
40181,Male,Japan,Yokohama,2374.94,43.9,30.1,166.71,13.0,29.6,7.0,26.8,1.0,31.4,5.0,4419.0,18.0,3.0,0
40182,Male,Canada,Toronto,1962.77,45.8,18.3,112.0,15.0,40.1,11.5,22.9,7.8,61.3,6.0,3666.0,22.0,5.0,1
40211,Female,USA,New York,2077.6,62.0,31.9,135.8,16.0,41.5,13.6,36.1,6.0,59.3,7.0,4257.0,18.0,6.0,0
40236,Female,USA,New York,2404.09,53.5,30.9,140.15,18.0,38.8,10.1,28.8,,58.7,6.0,1507.0,18.0,3.0,1
40252,Female,USA,Los Angeles,2363.06,22.8,33.4,135.14,20.8,42.2,11.4,38.1,11.4,39.2,10.0,3936.0,17.0,5.0,0
40296,Female,France,Toulouse,1689.78,52.1,3.0,147.35,18.2,24.7,9.8,26.0,1.6,24.6,3.0,1573.0,10.0,2.0,0
40300,Male,Canada,Calgary,1532.54,50.9,35.1,89.25,17.0,30.7,13.7,15.6,,45.2,9.0,4634.0,23.0,7.0,0
40322,Male,Germany,Frankfurt,1948.4,41.5,29.6,111.5,17.0,44.1,13.7,42.3,4.0,60.8,9.0,3177.0,24.0,2.0,0
40334,Female,India,Delhi,1857.48,62.5,36.8,93.08,21.0,28.9,9.6,17.0,5.6,56.8,8.0,1438.0,10.0,3.0,1
40341,Other,UK,Birmingham,1765.19,52.2,23.2,115.95,19.5,30.1,10.1,25.7,11.2,68.9,7.0,4198.0,15.0,6.0,0
40362,Female,UK,London,1068.19,49.9,26.5,70.78,16.0,38.9,15.1,36.1,25.0,57.8,6.0,1895.0,12.0,7.0,0
40373,Female,UK,Leeds,1507.85,55.9,40.2,87.37,20.0,35.1,14.1,25.5,3.8,29.2,6.0,3978.0,23.0,5.0,0
40385,Male,USA,Chicago,748.24,67.9,8.4,59.07,16.900000000000002,30.7,7.1,23.4,,2.6,5.0,1800.0,0.0,2.0,0
40446,Male,UK,Glasgow,2548.72,56.4,29.1,183.82,16.900000000000002,33.4,13.5,12.3,0.9,41.0,5.0,1631.0,19.0,7.0,1
40476,Male,Australia,Melbourne,1757.34,62.8,26.6,133.17,18.2,28.9,14.9,25.2,2.1,19.2,7.0,2683.0,17.0,7.0,0
40495,Male,Australia,Melbourne,1404.92,36.6,45.1,83.47,16.0,36.3,12.3,25.5,10.0,48.4,3.0,5315.0,19.0,6.0,0
40496,Male,UK,Manchester,1074.88,60.5,3.2,109.59,15.6,18.3,7.4,8.9,3.2,0.0,1.0,3442.0,5.0,0.0,0
40517,Female,USA,Houston,2022.62,23.4,29.4,88.74,20.0,43.3,15.4,42.3,7.1,60.6,6.0,4886.0,31.0,5.0,0
40657,Male,France,Paris,1708.26,56.5,22.4,116.81,19.5,35.7,10.1,12.2,6.5,64.5,4.0,3208.0,16.0,2.0,0
40662,Male,Japan,Kyoto,1186.75,44.7,26.2,79.4,16.0,40.3,14.4,24.3,4.3,60.6,3.0,3080.0,29.0,7.0,0
40689,Male,USA,Houston,2056.97,39.6,32.4,100.11,19.0,37.6,15.8,30.6,4.6,50.7,8.0,2561.0,17.0,6.0,1
40701,Female,UK,Glasgow,2349.9,41.3,42.3,99.04,22.0,39.1,13.1,34.7,6.3,45.0,9.0,4817.0,18.0,5.0,0
40747,Female,France,Nice,486.45,67.1,29.4,42.15,14.3,35.8,11.8,21.7,7.6,60.5,9.0,1701.0,4.0,1.0,0
40772,Male,UK,Glasgow,2872.73,57.0,21.4,201.26,18.2,35.3,10.4,26.2,10.6,39.6,6.0,2681.0,5.0,5.0,1
40792,Male,Japan,Yokohama,2108.29,64.9,26.1,126.5,14.0,39.8,9.9,26.9,,30.9,6.0,2091.0,13.0,3.0,0
40865,Female,USA,Los Angeles,1425.88,44.3,29.8,96.26,18.2,29.9,11.0,34.4,3.7,55.1,10.0,2881.0,16.0,6.0,0
40872,Female,USA,Los Angeles,2296.3,51.7,16.3,155.74,14.0,28.5,11.3,21.1,4.4,13.7,6.0,1649.0,15.0,0.0,0
40879,Female,Germany,Hamburg,1225.07,40.3,25.2,100.88,12.0,29.5,11.1,24.3,0.7,38.4,11.0,3963.0,14.0,2.0,0
40926,Male,USA,Los Angeles,1613.41,55.0,46.6,94.07,17.0,47.2,12.5,38.4,4.6,88.7,9.0,4164.0,18.0,5.0,0
40939,Male,USA,New York,874.63,60.6,33.0,60.31,18.0,42.1,12.8,22.0,4.0,40.8,7.0,1576.0,20.0,2.0,0
41030,Female,UK,London,2586.37,68.0,19.1,199.28,15.0,26.0,10.1,22.1,12.4,50.7,5.0,3844.0,11.0,6.0,0
41032,Male,USA,Los Angeles,1561.25,46.8,24.3,104.89,18.0,45.2,9.9,33.9,1.5,54.2,10.0,1039.0,18.0,2.0,0
41038,Male,USA,Houston,1700.11,42.9,41.3,109.82,17.0,43.8,13.3,30.5,4.4,34.9,9.0,2899.0,30.0,6.0,0
41072,Female,Germany,Frankfurt,1354.38,36.3,25.9,124.84,16.900000000000002,31.1,11.1,16.1,16.2,37.9,1.0,1479.0,11.0,5.0,0
41079,Male,USA,Los Angeles,1798.56,33.9,37.8,101.4,17.0,49.5,15.5,27.8,0.4,16.9,5.0,4549.0,21.0,2.0,0
41111,Male,UK,London,1756.19,83.3,10.6,154.58,10.0,19.8,6.5,13.8,,14.9,7.0,555.0,22.0,5.0,1
41152,Male,USA,Chicago,2715.2,35.6,13.2,192.44,16.0,37.6,13.7,24.4,2.1,60.7,7.0,3728.0,21.0,5.0,0
41170,Female,Canada,Toronto,1970.41,54.5,25.5,121.87,14.0,27.9,10.0,15.8,1.4,33.3,6.0,2816.0,11.0,0.0,0
41182,Male,UK,Glasgow,2148.24,60.8,45.0,138.18,19.5,34.4,14.5,27.2,1.9,32.0,5.0,2252.0,20.0,6.0,0
41195,Female,USA,Phoenix,352.75,78.4,0.0,192.77,2.0,4.2,3.1,6.3,0.9,0.0,1.0,949.0,0.0,0.0,1
41203,Male,UK,Manchester,1221.64,62.2,18.8,79.34,18.0,39.9,12.3,24.6,7.8,56.5,7.0,1638.0,18.0,6.0,0
41210,Female,France,Paris,1637.82,63.6,14.5,78.6,20.0,14.8,7.6,20.9,5.8,26.4,3.0,3828.0,6.0,2.0,1
41235,Female,USA,Los Angeles,1511.85,38.1,37.5,91.72,19.0,46.1,10.7,35.6,0.2,58.8,8.0,2403.0,19.0,2.0,0
41236,Male,USA,Phoenix,2518.66,56.4,36.8,177.16,14.0,36.6,8.7,25.9,6.8,52.8,5.0,2109.0,13.0,3.0,0
41278,Female,UK,Glasgow,1156.75,50.7,38.9,85.44,18.2,32.4,10.5,24.6,6.4,21.0,5.0,1527.0,14.0,3.0,0
41285,Male,India,Bangalore,1607.06,52.4,41.8,108.98,18.0,36.6,11.3,33.9,4.2,55.0,11.0,2791.0,25.0,4.0,0
41306,Male,UK,Glasgow,2043.19,34.2,29.5,111.47,22.1,38.3,11.3,17.5,1.2,52.9,8.0,3666.0,19.0,3.0,0
41328,Female,USA,Houston,2353.72,59.9,0.0,192.41,12.0,22.2,6.4,12.6,15.4,10.6,5.0,3217.0,8.0,3.0,1
41333,Male,France,Toulouse,2810.38,18.2,47.1,195.66,17.0,51.6,16.1,28.4,2.8,59.1,5.0,3053.0,12.0,4.0,0
41352,Male,Japan,Kyoto,1979.91,35.5,38.9,116.74,18.0,35.4,11.0,25.6,7.1,60.6,8.0,2646.0,22.0,7.0,1
41359,Male,USA,New York,2274.88,30.3,36.3,167.37,14.0,34.7,16.1,33.3,,32.6,6.0,3952.0,11.0,7.0,0
41403,Female,USA,Phoenix,1634.1,61.4,17.7,127.37,14.0,30.8,10.2,15.4,6.1,29.0,10.0,1985.0,13.0,4.0,0
41418,Female,India,Delhi,1492.52,55.4,38.9,91.07,15.0,33.6,10.0,19.1,4.7,79.4,10.0,2918.0,12.0,4.0,0
41446,Female,USA,Houston,1033.24,51.9,18.2,57.53,19.0,35.0,11.5,24.1,,42.8,4.0,2242.0,12.0,2.0,0
41464,Male,India,Bangalore,2251.85,63.5,23.5,137.49,19.0,30.1,9.2,28.0,,49.2,8.0,3841.0,13.0,5.0,1
41468,Female,India,Bangalore,1147.13,46.4,20.5,85.19,12.0,23.1,5.6,19.4,6.3,32.5,10.0,366.0,11.0,2.0,0
41495,Male,Canada,Toronto,1795.62,32.8,39.2,104.87,19.0,52.1,14.5,37.6,9.5,67.3,6.0,3271.0,25.0,3.0,0
41523,Female,USA,Los Angeles,1734.55,38.4,21.1,98.32,15.0,44.2,14.2,27.2,4.8,49.8,6.0,1375.0,22.0,1.0,1
41524,Male,USA,Los Angeles,1996.67,40.8,7.6,118.76,18.0,53.2,12.1,24.5,6.7,49.5,9.0,4649.0,19.0,5.0,1
41527,Female,Canada,Ottawa,2798.28,47.6,49.4,179.81,22.1,43.6,11.8,27.1,6.2,47.0,10.0,4750.0,17.0,5.0,0
41551,Male,France,Paris,2424.39,38.3,12.5,133.73,21.0,34.7,14.1,27.4,3.3,69.9,8.0,3156.0,21.0,2.0,1
41568,Male,UK,London,989.35,54.5,28.9,55.03,18.0,42.6,12.0,31.6,19.2,64.7,5.0,3432.0,19.0,6.0,0
41631,Female,Canada,Toronto,1669.95,53.8,25.4,161.23,12.0,26.0,12.3,32.5,,50.1,9.0,1175.0,14.0,7.0,0
41633,Male,Canada,Ottawa,1435.03,57.1,37.4,121.69,10.0,32.5,11.2,20.1,0.9,11.5,1.0,637.0,12.0,6.0,0
41655,Male,USA,Phoenix,1965.03,39.9,48.6,103.23,18.0,35.7,15.9,36.9,15.6,26.7,9.0,2737.0,16.0,6.0,1
41721,Female,Japan,Nagoya,1118.21,52.2,31.5,52.11,19.0,40.7,13.4,30.2,6.5,76.0,7.0,3212.0,24.0,2.0,0
41725,Male,USA,Chicago,2209.8,70.8,27.6,146.84,14.0,27.3,6.0,10.1,5.5,16.7,5.0,3844.0,12.0,1.0,1
41779,Female,UK,Birmingham,1251.57,59.8,57.0,82.58,17.0,44.8,14.2,28.7,18.7,46.4,4.0,3145.0,21.0,5.0,0
41793,Male,USA,Chicago,2181.94,51.2,22.9,120.56,17.0,37.2,8.4,19.2,2.2,26.2,6.0,3575.0,9.0,2.0,0
41834,Female,UK,Leeds,2522.06,40.0,26.2,132.54,21.0,35.0,13.0,28.8,2.2,52.6,4.0,3482.0,16.0,4.0,0
41891,Female,France,Nice,1741.93,38.8,35.5,102.14,16.0,32.1,16.2,30.7,,65.7,10.0,2143.0,14.0,4.0,1
41910,Female,USA,New York,1510.12,46.6,11.2,106.02,12.0,38.2,9.2,24.2,19.7,53.0,5.0,3355.0,6.0,7.0,0
41938,Female,Germany,Berlin,846.25,44.8,51.9,50.95,18.0,35.0,11.0,29.2,0.8,52.5,6.0,1899.0,16.0,5.0,0
41955,Female,Canada,Montreal,1600.98,55.5,15.8,102.64,13.0,31.3,11.2,21.1,3.1,16.5,8.0,5328.0,15.0,6.0,1
41960,Female,UK,London,2796.91,1.4,53.2,174.59,20.0,46.3,12.8,27.7,,72.5,8.0,4035.0,31.0,5.0,0
41968,Male,Canada,Calgary,1423.38,33.9,19.2,78.74,18.0,42.1,14.3,29.9,12.2,40.2,10.0,2502.0,15.0,6.0,0
42023,Other,India,Hyderabad,2062.44,38.1,36.0,84.16,22.0,47.5,12.7,42.1,4.6,49.4,9.0,2872.0,10.0,6.0,0
42026,Male,USA,Los Angeles,1996.41,35.6,36.2,155.14,15.0,33.0,11.5,24.6,6.2,22.9,10.0,4138.0,16.0,6.0,0
42083,Female,India,Bangalore,2690.1,56.1,29.9,196.62,15.0,25.2,10.0,13.7,17.0,44.5,7.0,2058.0,20.0,1.0,1
42121,Male,India,Delhi,586.93,73.7,12.3,201.29,3.9,13.6,1.0,5.9,1.6,11.5,1.0,1227.0,6.0,0.0,1
42216,Female,Japan,Yokohama,1357.76,38.5,18.4,124.35,12.0,37.0,10.2,41.8,3.1,27.9,7.0,2722.0,13.0,8.0,0
42224,Male,UK,Leeds,949.64,78.5,30.4,77.64,15.6,9.3,7.1,6.6,1.3,25.8,2.0,0.0,3.0,5.0,0
42251,Male,USA,New York,2106.41,39.0,13.4,151.27,16.900000000000002,13.3,11.5,12.6,3.2,54.6,3.0,2623.0,10.0,5.0,0
42338,Male,UK,Manchester,1823.6,23.4,41.7,111.67,17.0,38.9,10.4,32.7,1.9,60.6,5.0,3189.0,22.0,8.0,0
42373,Male,UK,Glasgow,1872.33,71.7,31.4,109.31,20.8,30.8,11.5,30.2,6.0,15.5,5.0,1031.0,10.0,3.0,0
42388,Female,USA,Los Angeles,1050.54,41.4,39.7,59.66,16.0,50.6,14.9,37.2,27.9,15.6,7.0,2687.0,19.0,7.0,0
42424,Female,Australia,Melbourne,2466.81,84.5,24.4,184.66,14.0,21.1,3.9,14.0,0.1,31.8,3.0,1920.0,12.0,0.0,1
42428,Male,India,Hyderabad,1587.01,74.5,18.8,125.3,15.6,18.8,3.9,12.9,7.3,0.0,1.0,887.0,0.0,4.0,0
42479,Female,France,Lyon,2135.68,36.4,19.5,176.66,14.0,45.5,12.1,32.2,0.9,43.5,8.0,1839.0,22.0,8.0,1
42497,Female,Japan,Kyoto,3193.59,54.1,13.8,292.85,10.0,21.9,7.0,16.8,4.6,12.7,3.0,3250.0,27.0,3.0,1
42517,Male,USA,Houston,2132.91,53.0,23.2,113.9,20.8,27.1,11.0,31.0,,44.6,6.0,2889.0,13.0,3.0,1
42525,Female,UK,Birmingham,1751.23,48.1,24.1,93.08,16.0,43.6,13.1,25.2,19.5,40.1,10.0,3327.0,19.0,6.0,0
42539,Female,Canada,Vancouver,1638.23,26.2,45.9,71.76,20.0,42.9,15.8,34.9,1.4,45.5,10.0,4720.0,16.0,4.0,0
42564,Female,Canada,Toronto,1078.96,56.1,10.9,96.4,16.900000000000002,25.6,7.0,25.2,11.4,0.2,4.0,2411.0,12.0,1.0,0
42594,Male,USA,Phoenix,1703.64,58.7,24.4,132.86,14.3,30.7,14.8,22.2,5.9,11.4,10.0,1781.0,7.0,3.0,0
42621,Female,USA,Houston,1683.7,51.3,44.0,104.8,19.0,43.7,12.4,42.7,2.4,61.1,6.0,3730.0,24.0,5.0,0
42638,Male,UK,Birmingham,2446.62,51.8,29.1,190.77,20.8,31.1,11.4,21.4,13.9,57.4,5.0,3646.0,15.0,3.0,0
42694,Female,France,Toulouse,1181.38,42.1,19.9,98.58,12.0,28.6,11.8,24.2,1.2,60.5,10.0,3474.0,17.0,3.0,0
42730,Female,Canada,Montreal,1555.98,29.5,57.8,88.04,18.0,43.1,13.3,33.9,10.6,43.6,3.0,4402.0,14.0,6.0,0
42735,Female,UK,Manchester,2068.07,41.6,13.4,113.85,18.0,48.3,15.0,35.1,7.3,41.7,7.0,3778.0,25.0,6.0,0
42738,Female,USA,Phoenix,1845.94,36.0,11.7,133.32,19.5,23.9,11.4,29.3,,31.3,5.0,2085.0,16.0,3.0,0
42775,Male,USA,New York,1711.88,58.4,18.3,138.27,16.900000000000002,32.8,10.4,15.5,4.6,11.4,9.0,2191.0,11.0,2.0,0
42776,Male,UK,Glasgow,1003.31,32.9,18.7,94.12,15.6,31.4,9.8,27.2,,31.1,7.0,2108.0,24.0,5.0,0
42816,Male,UK,Birmingham,754.69,64.2,20.2,64.18,15.6,29.3,10.5,19.8,13.3,57.0,8.0,3581.0,11.0,5.0,0
42822,Male,USA,Phoenix,2160.45,42.9,19.7,135.81,15.0,30.4,11.3,31.1,9.7,21.1,6.0,2101.0,1.0,3.0,0
42829,Male,USA,Houston,2330.04,65.9,16.2,159.14,14.0,30.6,9.0,20.6,11.1,22.4,3.0,2705.0,19.0,3.0,1
42838,Male,USA,Los Angeles,1233.37,56.0,33.3,100.65,16.900000000000002,28.8,9.8,18.3,,51.8,9.0,2496.0,16.0,4.0,0
42854,Male,Japan,Nagoya,2409.59,21.5,46.2,120.22,22.1,46.3,9.4,30.1,5.3,51.0,6.0,1275.0,15.0,3.0,0
42867,Male,USA,Houston,1323.24,66.2,19.6,134.44,15.6,24.1,11.5,29.2,10.4,51.5,4.0,3620.0,17.0,7.0,1
42870,Male,Japan,Tokyo,1032.61,51.9,2.7,63.84,18.2,19.5,8.9,16.8,10.3,24.6,4.0,2330.0,6.0,4.0,0
42889,Female,Australia,Perth,1092.48,57.9,39.7,92.45,15.6,26.5,10.0,22.6,1.2,17.5,9.0,3763.0,17.0,5.0,1
42905,Male,India,Hyderabad,2316.17,50.9,26.8,160.33,15.0,34.0,6.8,19.9,9.9,46.6,2.0,3540.0,8.0,4.0,0
42922,Male,UK,Leeds,1496.23,26.4,52.1,97.67,15.0,49.7,11.9,32.4,7.8,53.5,5.0,1752.0,27.0,6.0,0
42931,Male,Canada,Toronto,2346.49,37.8,42.8,132.48,22.1,44.2,11.5,25.4,0.0,36.4,5.0,2765.0,18.0,5.0,0
42957,Female,UK,Manchester,1626.91,62.4,4.5,110.88,16.900000000000002,20.5,5.7,8.6,3.8,3.3,1.0,1009.0,11.0,2.0,0
42967,Male,USA,Houston,1477.93,42.7,33.2,89.9,19.0,33.2,10.9,27.9,,66.5,8.0,1364.0,23.0,2.0,0
42997,Female,USA,Los Angeles,1975.03,28.1,41.9,105.37,22.0,45.6,11.8,31.2,2.5,59.9,7.0,3183.0,20.0,7.0,1
43039,Female,Germany,Berlin,1300.49,47.2,35.0,91.62,14.0,36.8,11.9,26.9,16.1,49.7,8.0,4282.0,17.0,7.0,0
43044,Male,Canada,Montreal,2192.45,34.4,41.5,141.04,18.0,47.0,11.9,34.5,8.5,64.4,7.0,3020.0,19.0,7.0,0
43076,Female,India,Hyderabad,1190.75,56.3,27.4,99.8,14.3,34.6,9.2,17.8,14.6,22.0,5.0,2247.0,20.0,8.0,0
43161,Female,USA,Chicago,2672.34,53.7,31.7,174.1,16.900000000000002,34.6,16.8,29.5,0.1,33.1,5.0,3993.0,25.0,2.0,0
43164,Male,Australia,Sydney,1630.94,27.6,28.6,101.44,20.0,44.9,15.6,36.0,6.3,65.6,6.0,3000.0,24.0,3.0,0
43173,Male,France,Marseille,856.84,28.8,30.6,64.94,16.900000000000002,31.2,11.2,21.1,,51.8,6.0,2038.0,9.0,5.0,1
43181,Female,USA,Houston,2283.47,45.1,34.5,148.57,20.8,34.6,10.0,20.5,17.8,50.4,4.0,4342.0,7.0,2.0,0
43211,Male,UK,Manchester,1450.99,22.1,44.2,68.24,18.0,46.0,10.9,40.6,8.9,74.7,7.0,4365.0,30.0,3.0,0
43217,Female,UK,Glasgow,1603.38,33.2,42.9,121.32,14.0,39.9,13.9,37.8,5.2,41.6,5.0,4221.0,22.0,2.0,0
43220,Male,France,Paris,1720.07,48.1,22.1,123.88,15.0,51.7,12.0,26.3,17.1,67.6,2.0,2062.0,27.0,4.0,0
43223,Female,USA,Chicago,2622.71,38.5,47.0,165.6,19.0,31.6,13.3,22.9,15.5,11.0,4.0,3188.0,16.0,3.0,1
43246,Female,USA,New York,938.0,49.9,13.2,88.27,15.6,25.0,5.6,15.4,4.0,13.6,7.0,1670.0,13.0,3.0,0
43382,Female,USA,New York,1258.35,40.8,29.1,87.4,17.0,37.2,10.9,38.6,5.2,39.0,10.0,3439.0,21.0,2.0,0
43398,Male,India,Hyderabad,2279.65,45.9,20.1,122.76,18.0,28.6,8.0,21.5,,50.6,3.0,251.0,14.0,4.0,1
43413,Female,Japan,Tokyo,2077.28,44.6,29.5,163.24,14.0,28.3,14.0,19.1,0.6,47.9,7.0,1164.0,19.0,7.0,0
43439,Male,USA,Phoenix,1894.97,64.3,14.0,171.78,10.0,36.0,5.2,28.1,1.1,59.1,7.0,2320.0,11.0,6.0,1
43470,Female,UK,London,847.02,78.2,35.1,62.32,16.900000000000002,31.6,8.4,36.9,3.6,41.3,5.0,3377.0,18.0,5.0,0
43492,Female,Germany,Frankfurt,1584.75,43.7,32.5,125.68,18.2,38.9,14.6,37.7,2.1,38.9,6.0,3747.0,25.0,6.0,0
43528,Female,Germany,Hamburg,2374.03,45.2,13.2,127.02,21.0,32.2,8.1,21.2,3.3,27.7,6.0,2305.0,20.0,4.0,0
43551,Female,India,Delhi,2028.89,34.4,43.2,120.75,21.0,45.2,9.1,23.9,27.0,21.3,10.0,3202.0,10.0,4.0,0
43633,Male,USA,New York,1817.94,35.8,31.6,112.88,15.0,32.6,13.0,30.4,2.3,7.2,2.0,1141.0,18.0,6.0,0
43654,Female,USA,New York,2414.67,50.9,26.3,174.13,15.0,46.2,12.8,25.6,,56.5,2.0,3951.0,6.0,1.0,1
43710,Other,France,Marseille,1781.87,47.2,31.0,93.14,16.0,37.5,11.8,22.5,3.8,39.5,10.0,3525.0,13.0,5.0,0
43775,Male,India,Delhi,825.03,51.9,36.8,65.03,15.0,38.0,12.0,33.2,7.0,75.4,7.0,2810.0,11.0,1.0,0
43778,Female,USA,Los Angeles,1292.25,26.4,52.7,86.69,18.0,34.9,14.9,34.0,10.8,40.3,4.0,2919.0,18.0,2.0,1
43807,Male,USA,Los Angeles,1589.2,73.4,14.5,106.93,15.0,31.3,7.3,25.2,2.6,22.4,6.0,1670.0,16.0,7.0,0
43809,Female,UK,London,1964.8,84.7,29.9,159.35,11.0,35.7,5.7,19.8,9.2,67.4,7.0,1118.0,6.0,0.0,1
43822,Male,USA,Chicago,2227.16,40.4,24.4,133.16,16.0,35.6,11.9,34.1,,37.1,8.0,4433.0,19.0,3.0,0
43830,Female,Germany,Hamburg,1297.23,54.0,47.1,89.99,15.0,49.0,13.8,34.9,12.9,39.6,3.0,3960.0,27.0,4.0,0
43847,Male,UK,Glasgow,825.39,58.4,3.2,83.17,15.6,20.9,10.9,19.2,9.9,25.9,5.0,1832.0,19.0,0.0,0
43855,Female,UK,Manchester,1138.37,68.9,21.3,139.62,9.0,25.8,8.7,22.8,13.1,34.7,6.0,1613.0,10.0,8.0,0
43916,Male,UK,Birmingham,2318.48,31.9,30.6,128.48,20.0,40.0,13.4,43.4,2.0,36.6,11.0,2096.0,23.0,5.0,1
43934,Male,Canada,Calgary,424.9,41.5,32.8,51.61,10.0,20.3,11.2,23.3,0.1,9.2,9.0,1449.0,16.0,0.0,0
43979,Female,USA,Houston,1594.66,39.9,29.2,117.89,16.0,35.9,12.5,24.7,,39.7,8.0,3880.0,16.0,8.0,0
43986,Female,France,Toulouse,2139.16,42.1,41.5,119.54,19.0,33.0,12.1,21.4,0.3,50.6,9.0,2921.0,14.0,6.0,1
43989,Male,USA,Los Angeles,2171.37,53.2,7.9,133.12,15.0,29.1,12.6,20.1,4.4,25.8,5.0,2095.0,9.0,3.0,1
44011,Male,USA,Chicago,2436.04,51.0,13.0,182.32,16.0,20.6,10.0,22.0,7.4,60.4,4.0,2418.0,17.0,7.0,1
44013,Other,Canada,Montreal,1692.9,67.7,22.3,100.23,20.0,23.8,4.8,21.8,12.8,19.3,3.0,2074.0,15.0,3.0,1
44021,Male,USA,New York,933.65,25.5,36.8,70.67,15.0,40.9,14.0,29.2,7.1,57.8,5.0,2190.0,22.0,7.0,0
44061,Male,USA,Phoenix,1927.6,68.1,21.1,152.0,11.0,19.7,6.6,15.0,,21.1,6.0,1271.0,7.0,0.0,1
44068,Female,Australia,Sydney,1395.41,60.5,29.8,152.67,11.0,19.3,10.3,21.4,10.2,35.2,9.0,2855.0,10.0,7.0,0
44072,Female,India,Delhi,2246.53,57.3,10.5,165.56,14.0,26.5,9.3,15.3,4.2,11.6,2.0,1188.0,11.0,5.0,0
44129,Male,USA,New York,1713.02,46.2,15.0,107.06,14.0,31.0,9.0,27.1,3.3,71.3,6.0,1746.0,26.0,0.0,0
44131,Female,Canada,Vancouver,1227.57,56.7,23.4,84.77,16.900000000000002,32.5,9.3,20.0,,48.7,3.0,2899.0,12.0,7.0,0
44148,Other,India,Mumbai,1797.66,41.7,41.1,66.49,23.0,49.6,15.5,39.9,6.7,26.8,7.0,3373.0,28.0,4.0,0
44189,Male,France,Paris,2329.23,48.0,40.5,149.71,19.5,42.8,7.6,30.5,3.9,35.8,8.0,1344.0,18.0,2.0,1
44210,Female,UK,Manchester,1839.69,44.5,45.0,91.5,22.0,35.3,9.9,26.5,13.2,22.0,6.0,3513.0,8.0,4.0,0
44218,Female,Germany,Hamburg,2266.87,61.2,26.3,160.4,13.0,23.7,9.8,23.8,13.8,26.2,6.0,2580.0,8.0,1.0,1
44243,Male,Australia,Brisbane,2156.06,49.7,5.9,114.85,18.0,37.9,8.8,22.0,8.6,41.9,4.0,1990.0,25.0,4.0,1
44246,Female,India,Mumbai,755.57,50.5,43.3,72.2,13.0,38.4,10.9,24.0,8.6,50.0,6.0,2985.0,22.0,6.0,0
44283,Male,Japan,Tokyo,1517.03,50.4,40.8,64.87,20.0,51.4,14.4,34.6,14.8,57.2,8.0,2199.0,23.0,1.0,0
44296,Female,India,Chennai,2677.91,54.8,21.1,192.92,18.2,24.4,7.6,22.3,1.5,22.4,6.0,746.0,17.0,4.0,0
44309,Male,USA,Los Angeles,2239.46,55.9,26.2,180.41,15.6,23.8,13.2,26.3,7.1,50.5,6.0,3556.0,20.0,8.0,1
44311,Male,Japan,Yokohama,1589.74,65.8,11.5,108.6,17.0,21.6,3.8,14.8,5.2,11.3,0.0,1596.0,10.0,1.0,0
44367,Male,Canada,Calgary,2042.27,29.4,47.4,111.13,18.0,45.7,17.5,33.9,5.9,71.0,7.0,3129.0,9.0,5.0,0
44376,Female,India,Hyderabad,1843.28,50.4,12.7,115.46,18.0,34.8,8.9,17.0,7.6,47.5,1.0,1924.0,0.0,3.0,0
44377,Other,USA,Phoenix,2041.85,42.4,48.4,94.94,21.0,38.4,15.5,28.1,10.4,65.9,6.0,3693.0,19.0,5.0,0
44398,Male,Japan,Yokohama,1749.75,51.4,32.2,144.24,11.0,24.9,9.7,23.5,2.1,37.4,9.0,2389.0,28.0,1.0,0
44436,Male,USA,Chicago,1734.34,30.8,26.4,116.28,13.0,39.8,8.6,30.0,6.9,30.7,8.0,3657.0,17.0,6.0,0
44559,Female,USA,Phoenix,1097.65,56.6,17.0,76.71,16.0,29.7,9.3,34.4,14.2,20.6,9.0,209.0,13.0,2.0,1
44594,Female,USA,New York,1974.5,36.5,28.4,116.25,20.0,31.1,9.5,20.9,0.9,58.2,6.0,4777.0,9.0,1.0,0
44618,Male,Germany,Cologne,1557.69,31.6,36.5,88.3,20.0,22.1,9.5,23.1,7.0,25.3,7.0,2938.0,11.0,2.0,0
44622,Female,Australia,Sydney,1037.03,56.9,43.3,72.5,16.900000000000002,30.1,5.0,23.2,4.5,0.0,7.0,1876.0,5.0,2.0,0
44629,Male,Australia,Brisbane,814.58,70.5,7.9,79.25,13.0,29.5,8.5,19.5,,28.7,7.0,567.0,26.0,6.0,0
44652,Male,USA,Phoenix,1309.99,63.6,17.0,134.12,9.0,31.4,4.1,21.4,12.8,37.9,1.0,3011.0,15.0,7.0,0
44655,Female,UK,Manchester,2884.42,31.0,41.9,195.14,18.0,43.1,14.8,27.0,,36.5,7.0,4150.0,23.0,5.0,1
44673,Male,USA,Phoenix,2335.26,58.7,29.8,126.71,22.1,40.1,13.6,29.5,23.3,34.4,7.0,2886.0,7.0,5.0,0
44694,Male,USA,Houston,1655.41,46.6,60.4,111.98,18.0,40.3,11.3,25.6,12.5,50.8,10.0,3821.0,24.0,3.0,0
44695,Female,UK,Glasgow,947.9,60.7,18.5,68.24,17.0,40.9,11.3,29.6,8.3,42.5,3.0,1115.0,19.0,0.0,0
44756,Female,USA,Houston,2146.24,33.4,30.2,111.51,18.0,39.3,10.2,24.1,26.8,41.3,9.0,2247.0,18.0,5.0,0
44764,Male,Germany,Berlin,944.2,55.7,19.1,63.06,15.0,22.6,11.1,30.1,10.5,60.8,8.0,3071.0,1.0,7.0,0
44829,Female,USA,Los Angeles,1198.97,51.2,21.2,92.58,15.0,32.6,10.8,25.0,3.2,27.9,2.0,3270.0,31.0,0.0,0
44837,Other,USA,Los Angeles,901.37,47.3,17.1,46.36,19.0,31.1,11.2,23.4,3.1,34.2,6.0,1829.0,10.0,1.0,0
44838,Other,USA,Phoenix,1191.33,65.9,20.9,66.26,19.0,30.2,8.2,19.0,1.4,14.0,3.0,0.0,19.0,1.0,0
44874,Male,Canada,Montreal,1632.55,30.0,32.7,81.14,19.0,45.5,15.0,43.5,7.9,69.5,8.0,4294.0,20.0,6.0,0
44879,Female,UK,Manchester,2222.98,14.4,45.1,122.95,22.0,35.6,12.3,31.3,13.5,35.2,8.0,2419.0,20.0,6.0,1
44928,Female,USA,Phoenix,2163.97,40.2,24.7,110.2,17.0,29.5,8.5,13.9,2.4,22.8,3.0,2059.0,15.0,2.0,1
44942,Male,UK,Manchester,2035.25,45.0,38.9,129.39,18.0,43.0,13.0,31.5,0.1,64.4,7.0,3708.0,25.0,7.0,0
44969,Female,Canada,Ottawa,2040.93,74.3,22.5,123.29,18.2,17.4,4.0,17.6,12.2,38.4,4.0,1857.0,11.0,3.0,1
44989,Female,USA,Chicago,1897.26,59.8,18.5,136.19,15.0,45.3,14.5,21.1,5.6,21.6,5.0,1997.0,19.0,8.0,0
45009,Female,India,Chennai,2197.77,37.7,43.8,119.37,17.0,53.1,12.5,31.8,4.5,38.6,6.0,3291.0,26.0,5.0,1
45012,Male,Germany,Frankfurt,1019.98,45.0,14.0,97.45,11.0,30.6,5.8,20.6,2.8,30.1,11.0,0.0,9.0,3.0,0
45028,Male,UK,Birmingham,1957.66,27.8,54.2,108.92,18.0,42.0,13.3,28.5,13.1,55.9,10.0,2389.0,19.0,3.0,1
45035,Male,Canada,Ottawa,904.24,84.5,1.1,220.33,5.0,12.2,5.2,4.5,8.6,12.1,2.0,0.0,6.0,1.0,1
45049,Male,USA,Los Angeles,1594.96,61.0,12.2,84.59,21.0,37.5,7.8,33.0,1.4,28.7,4.0,1676.0,10.0,2.0,0
45096,Male,UK,Birmingham,1342.93,32.8,27.9,103.8,16.900000000000002,35.3,12.2,22.2,5.6,22.6,5.0,1463.0,5.0,7.0,0
45137,Female,USA,Phoenix,2595.73,43.1,25.5,181.98,16.0,39.6,14.0,31.2,,45.8,6.0,3001.0,22.0,6.0,1
45180,Female,USA,Chicago,2154.22,36.7,29.3,145.43,16.0,40.8,12.9,35.3,4.9,33.0,8.0,1956.0,17.0,7.0,0
45182,Female,Canada,Toronto,2139.52,42.6,6.2,158.41,12.0,14.2,6.5,12.1,12.8,22.7,4.0,545.0,17.0,2.0,1
45185,Male,France,Marseille,1437.02,42.6,29.3,100.6,14.0,36.4,16.1,30.7,4.4,52.4,5.0,2580.0,17.0,7.0,0
45199,Male,Germany,Munich,1887.77,58.6,21.9,120.78,18.2,20.2,8.0,10.4,3.8,32.7,2.0,378.0,14.0,1.0,1
45200,Female,USA,New York,1956.86,36.2,40.0,117.17,15.0,29.4,8.5,22.8,4.8,52.4,4.0,2214.0,15.0,6.0,0
45214,Female,USA,Chicago,1596.4,57.2,33.4,123.73,19.5,28.7,13.6,23.7,10.4,36.1,6.0,2549.0,16.0,3.0,0
45219,Female,USA,Houston,1972.93,24.7,46.4,134.73,17.0,48.2,16.0,29.7,6.5,61.5,10.0,3171.0,21.0,4.0,0
45298,Male,Canada,Calgary,1752.1,56.3,6.5,99.34,17.0,16.3,6.2,16.2,18.8,0.0,2.0,1984.0,8.0,3.0,1
45341,Female,USA,Chicago,1088.67,50.0,14.3,81.5,15.0,26.0,12.1,17.0,10.8,28.1,10.0,482.0,16.0,1.0,0
45348,Male,USA,Los Angeles,2609.01,67.1,20.6,187.24,15.6,19.3,11.0,17.3,5.8,43.1,3.0,1866.0,11.0,1.0,0
45355,Female,Canada,Montreal,493.0,76.1,0.0,36.23,16.0,15.1,6.3,14.1,11.0,27.9,1.0,1777.0,3.0,0.0,0
45361,Female,Canada,Toronto,1887.39,64.7,7.4,88.21,19.0,33.8,6.2,20.0,,24.0,4.0,2085.0,3.0,0.0,0
45374,Female,India,Hyderabad,1933.05,25.9,51.0,92.94,23.0,46.2,13.8,28.0,11.3,78.1,7.0,3029.0,17.0,4.0,0
45398,Male,Australia,Perth,995.96,48.8,32.4,83.7,15.6,30.5,7.5,21.8,11.8,27.2,2.0,1542.0,11.0,6.0,0
45402,Male,Australia,Brisbane,977.55,51.0,30.1,79.78,12.0,32.5,12.3,36.2,3.1,46.9,3.0,1239.0,12.0,7.0,1
45445,Male,Germany,Frankfurt,2104.92,50.5,30.9,142.1,19.5,37.7,17.7,31.5,3.8,22.3,5.0,3407.0,26.0,6.0,0
45461,Female,France,Nice,1277.22,37.9,30.6,73.29,17.0,44.3,16.5,37.4,13.6,52.8,3.0,2767.0,29.0,5.0,0
45473,Male,USA,New York,1980.54,28.3,54.5,107.81,17.0,33.1,15.7,31.0,9.4,12.5,7.0,1632.0,28.0,4.0,0
45476,Female,USA,New York,2086.11,20.3,22.5,102.44,17.0,39.5,15.1,25.6,2.0,55.5,8.0,3862.0,17.0,5.0,0
45499,Female,USA,New York,1885.3,29.3,49.1,93.77,20.0,41.1,12.8,29.3,1.1,75.8,5.0,3055.0,20.0,3.0,0
45528,Male,Canada,Montreal,1608.2,38.7,19.0,149.74,13.0,39.1,11.9,26.8,9.2,36.1,6.0,2029.0,14.0,8.0,0
45558,Female,France,Nice,2054.98,53.8,3.0,175.63,10.0,28.3,10.2,18.0,4.4,19.3,2.0,2396.0,18.0,5.0,1
45573,Female,USA,Chicago,2538.12,46.3,30.7,175.32,15.0,22.3,10.2,28.8,,11.9,6.0,3498.0,19.0,3.0,1
45591,Male,USA,Houston,1729.01,41.2,42.3,99.01,18.0,43.2,16.1,32.6,,51.6,10.0,2028.0,20.0,5.0,1
45619,Female,USA,Los Angeles,2752.88,44.6,28.5,179.53,19.5,40.5,12.7,28.2,14.1,62.5,4.0,3183.0,17.0,4.0,0
45637,Female,Canada,Calgary,2310.52,18.6,34.6,141.86,18.0,40.4,12.2,34.3,3.4,54.4,7.0,3828.0,20.0,6.0,0
45639,Female,USA,Los Angeles,1936.09,61.2,19.4,135.12,17.0,25.5,14.7,36.0,0.5,48.6,8.0,1391.0,18.0,7.0,1
45678,Male,USA,New York,1676.42,44.1,9.5,114.33,15.0,37.3,12.4,12.1,6.7,41.6,4.0,2023.0,16.0,8.0,0
45693,Male,USA,Phoenix,2122.96,32.1,32.2,128.7,16.0,33.5,10.0,28.1,1.9,72.7,2.0,2877.0,20.0,4.0,1
45722,Male,Canada,Vancouver,1812.54,56.3,25.5,102.19,19.0,42.7,13.8,29.2,10.8,66.0,10.0,2510.0,26.0,5.0,0
45726,Female,USA,Phoenix,1959.9,67.1,7.9,105.27,16.0,24.4,10.3,20.8,5.2,52.1,2.0,2190.0,9.0,5.0,1
45775,Female,Germany,Munich,984.79,41.0,49.0,80.21,15.0,35.0,15.1,30.9,5.7,66.2,5.0,3327.0,21.0,5.0,1
45780,Male,Australia,Brisbane,1569.03,34.9,32.3,127.91,14.0,31.5,9.6,22.8,2.3,57.6,10.0,2541.0,19.0,7.0,0
45781,Male,USA,Phoenix,1094.96,35.1,31.5,74.86,18.2,27.1,15.2,26.1,2.8,22.5,8.0,3204.0,17.0,4.0,0
45788,Female,Canada,Montreal,2324.63,20.4,38.7,115.3,21.0,43.2,16.7,43.8,13.0,34.2,9.0,2980.0,21.0,5.0,0
45860,Female,UK,Birmingham,2164.16,38.9,61.6,121.22,22.0,42.2,13.6,24.6,14.7,46.1,5.0,3321.0,23.0,4.0,0
45867,Female,USA,Los Angeles,2456.67,45.1,36.3,144.16,18.0,42.3,16.2,33.1,6.2,38.5,6.0,2602.0,20.0,5.0,0
45881,Male,USA,Phoenix,1706.07,37.7,32.0,138.89,11.0,35.5,9.0,28.3,0.8,28.7,10.0,2033.0,24.0,4.0,0
45898,Male,Canada,Toronto,1531.45,56.5,18.5,103.53,19.5,27.3,11.1,7.8,9.4,26.5,5.0,2798.0,19.0,3.0,0
45932,Female,USA,Phoenix,2018.09,46.2,37.3,117.84,19.0,32.4,11.1,25.7,7.0,40.0,10.0,2721.0,13.0,2.0,0
45945,Female,UK,Leeds,680.85,24.2,40.1,45.43,16.900000000000002,29.5,10.7,17.9,12.3,40.0,5.0,405.0,15.0,1.0,0
45964,Male,France,Toulouse,1041.63,53.2,17.1,93.97,16.900000000000002,33.8,10.3,19.6,6.1,12.5,3.0,1802.0,12.0,4.0,0
45999,Male,India,Mumbai,1073.38,52.0,28.7,88.3,15.0,40.1,10.0,28.1,1.2,47.7,5.0,3399.0,28.0,6.0,0
46020,Female,UK,Leeds,1619.12,38.9,33.9,91.96,20.8,42.2,11.4,32.0,1.8,26.1,8.0,1243.0,18.0,4.0,0
46043,Female,Canada,Montreal,1499.03,41.4,26.2,68.86,19.0,36.7,11.6,23.6,1.4,26.8,4.0,3559.0,24.0,8.0,0
46051,Male,Germany,Berlin,2170.95,75.9,15.3,134.88,18.2,14.8,9.3,24.2,,41.5,1.0,1426.0,10.0,2.0,0
46077,Female,Canada,Montreal,2180.93,49.2,16.6,134.43,15.0,31.6,10.5,23.5,2.8,49.4,6.0,2821.0,14.0,6.0,0
46092,Male,France,Paris,899.69,22.1,32.8,72.31,14.0,35.3,12.8,31.4,1.8,65.1,8.0,2526.0,24.0,5.0,0
46105,Female,USA,Houston,2346.21,69.2,18.3,169.47,13.0,28.6,10.9,19.1,4.1,28.1,4.0,963.0,9.0,4.0,0
46116,Male,USA,Phoenix,1041.87,53.9,29.2,84.5,16.900000000000002,25.9,10.2,17.1,6.4,64.9,7.0,1228.0,8.0,2.0,1
46130,Female,France,Nice,1102.35,70.3,15.0,94.68,15.6,17.3,6.7,16.5,5.6,6.9,2.0,151.0,15.0,5.0,0
46136,Male,USA,Houston,818.21,41.5,57.0,53.22,14.0,38.1,13.8,25.6,11.7,67.1,7.0,4632.0,12.0,3.0,0
46166,Male,Canada,Montreal,2018.2,58.6,8.7,163.07,12.0,16.4,9.5,11.4,1.1,4.8,0.0,3254.0,3.0,4.0,1
46170,Female,USA,Phoenix,2296.02,43.8,43.5,136.86,19.0,49.5,15.3,31.2,5.5,50.6,8.0,3724.0,27.0,3.0,0
46191,Female,USA,New York,1823.54,85.9,4.1,284.21,10.4,17.3,2.5,15.2,6.0,2.1,5.0,1097.0,9.0,1.0,1
46278,Male,USA,Los Angeles,1347.93,40.8,19.4,104.83,15.0,37.7,13.5,32.2,6.3,39.2,9.0,4058.0,17.0,1.0,0
46280,Female,Canada,Ottawa,635.81,54.1,24.4,42.25,16.0,39.2,10.4,29.0,2.1,20.5,3.0,3065.0,19.0,6.0,0
46289,Male,France,Marseille,2029.36,71.1,24.1,145.81,14.0,31.4,9.0,11.0,5.4,14.4,6.0,954.0,3.0,5.0,1
46293,Male,Canada,Toronto,1023.02,73.7,10.7,101.26,13.0,34.0,8.2,22.1,3.5,29.9,2.0,2292.0,6.0,7.0,0
46318,Female,USA,Phoenix,2149.15,55.6,34.8,135.6,14.0,31.2,12.0,22.1,7.6,40.6,7.0,293.0,14.0,2.0,1
46332,Female,USA,Phoenix,2190.33,52.3,47.4,110.27,21.0,41.2,15.2,15.7,12.7,19.9,5.0,2782.0,22.0,4.0,1
46339,Male,USA,Los Angeles,709.67,65.2,14.6,50.55,16.900000000000002,32.1,10.9,23.1,1.3,43.0,8.0,2118.0,17.0,4.0,0
46401,Female,USA,Houston,1941.76,43.1,21.2,121.61,17.0,51.3,14.2,33.1,4.2,64.4,9.0,4040.0,20.0,7.0,0
46463,Male,Canada,Calgary,1951.32,37.6,30.1,106.7,22.0,38.7,14.2,37.7,1.3,30.1,8.0,2171.0,22.0,6.0,0
46524,Female,Canada,Ottawa,1157.77,59.1,31.1,68.82,17.0,28.7,12.5,21.1,2.8,21.6,3.0,3276.0,22.0,7.0,0
46528,Female,Australia,Brisbane,639.65,32.1,5.9,66.09,15.6,23.0,8.6,23.5,2.5,27.3,4.0,2307.0,15.0,2.0,0
46722,Female,France,Marseille,2080.64,52.2,33.0,129.57,14.0,22.0,9.5,18.3,3.0,25.5,4.0,2305.0,16.0,1.0,1
46763,Male,USA,Los Angeles,2503.24,55.8,28.2,156.35,17.0,27.2,6.9,19.0,2.7,24.2,4.0,1249.0,14.0,2.0,0
46804,Male,Australia,Melbourne,1935.6,23.1,25.0,113.32,17.0,36.3,13.8,28.3,8.1,63.2,4.0,2371.0,27.0,6.0,1
46807,Male,Germany,Munich,900.39,33.4,37.0,63.43,16.0,36.8,11.1,29.6,3.6,41.7,8.0,4629.0,18.0,1.0,0
46810,Female,USA,Houston,1162.73,40.3,44.1,71.55,16.0,40.5,10.5,27.8,7.2,48.4,10.0,3155.0,17.0,6.0,0
46813,Male,USA,Chicago,1562.18,60.2,9.7,119.02,13.0,35.1,10.3,31.1,2.0,43.8,5.0,3431.0,21.0,7.0,0
46881,Male,USA,New York,1982.18,7.3,25.0,124.75,19.0,47.7,13.1,38.8,3.1,88.0,8.0,5325.0,13.0,4.0,0
46886,Male,Australia,Melbourne,1734.96,44.7,18.6,123.71,13.0,36.6,12.7,23.7,2.4,35.5,9.0,1459.0,6.0,5.0,0
46899,Male,India,Bangalore,2301.21,33.0,19.8,133.87,18.0,37.1,12.5,31.5,5.2,62.6,4.0,3079.0,8.0,5.0,0
46926,Female,Germany,Hamburg,1394.55,70.4,36.6,109.21,13.0,27.3,6.0,28.1,2.1,55.8,10.0,2774.0,15.0,2.0,0
46927,Male,Canada,Montreal,1700.24,47.0,32.5,94.74,16.0,36.6,12.3,36.2,15.1,38.9,11.0,1949.0,24.0,4.0,1
46929,Male,USA,Phoenix,2005.68,37.2,43.9,122.73,20.0,36.9,19.2,29.4,12.9,78.4,7.0,4544.0,16.0,3.0,0
46932,Female,Australia,Melbourne,1848.29,34.6,31.6,109.18,18.0,44.7,15.0,32.0,,59.2,11.0,1510.0,31.0,5.0,0
46993,Male,USA,Phoenix,2337.1,53.1,25.6,149.56,16.0,26.4,9.5,30.9,22.8,33.2,8.0,4026.0,3.0,4.0,1
47025,Male,UK,London,1984.89,54.1,26.8,102.45,21.0,39.2,15.3,41.8,7.9,58.9,6.0,4963.0,15.0,3.0,0
47049,Female,USA,Los Angeles,2085.65,54.2,19.2,110.69,16.0,27.7,9.5,27.9,,31.0,3.0,2240.0,11.0,2.0,0
47054,Male,USA,Chicago,2165.42,55.9,23.4,119.72,16.0,32.7,7.6,15.2,6.7,40.4,5.0,2479.0,10.0,3.0,1
47061,Female,Japan,Yokohama,2034.64,33.5,53.9,109.69,18.0,36.7,12.7,30.4,6.6,52.8,3.0,2880.0,19.0,5.0,0
47130,Male,USA,Los Angeles,1126.89,54.1,0.0,102.67,16.900000000000002,29.8,6.2,16.7,4.6,12.7,5.0,1391.0,13.0,1.0,1
47139,Female,India,Hyderabad,2167.01,54.3,21.3,143.99,19.5,39.0,12.0,22.7,4.7,40.0,10.0,2926.0,17.0,3.0,0
47175,Male,Canada,Calgary,1395.26,30.8,34.0,70.03,17.0,46.6,8.1,30.7,6.6,36.7,8.0,4125.0,34.0,3.0,0
47187,Male,USA,New York,1904.46,38.8,41.5,89.91,22.0,36.4,13.7,30.2,,59.3,10.0,2481.0,14.0,5.0,0
47188,Female,UK,London,2203.28,33.5,48.9,99.21,21.0,43.5,12.1,29.5,8.6,53.1,9.0,2699.0,26.0,5.0,0
47199,Female,Australia,Adelaide,3149.77,47.5,32.1,215.36,20.8,41.1,10.6,27.7,7.4,69.2,5.0,2276.0,14.0,4.0,1
47228,Female,France,Nice,1409.75,55.5,32.2,121.84,18.2,30.9,11.6,16.7,2.5,27.9,6.0,0.0,7.0,3.0,0
47257,Male,UK,London,673.52,46.9,27.5,64.84,15.6,35.1,8.2,36.0,2.2,33.0,2.0,3595.0,9.0,2.0,0
47328,Male,Australia,Adelaide,1525.01,75.7,30.1,140.32,16.900000000000002,28.9,7.9,24.6,5.7,18.3,2.0,427.0,10.0,3.0,0
47352,Male,Canada,Vancouver,1189.48,73.5,9.3,119.65,15.6,29.8,5.0,12.5,6.2,0.0,0.0,2173.0,10.0,2.0,0
47366,Male,USA,Los Angeles,1454.93,50.1,24.2,121.86,13.0,31.3,12.7,31.7,2.1,62.2,11.0,3436.0,24.0,3.0,0
47376,Female,USA,Phoenix,1918.48,41.7,39.4,162.43,13.0,25.5,10.7,25.6,2.2,28.1,9.0,348.0,10.0,7.0,1
47414,Male,USA,Chicago,2226.4,22.8,45.4,149.64,18.0,49.2,17.2,38.8,0.1,50.7,9.0,3981.0,33.0,5.0,0
47434,Male,Canada,Montreal,1839.1,37.5,22.8,95.28,21.0,34.9,10.1,12.1,2.7,30.2,3.0,3340.0,24.0,2.0,0
47454,Female,Germany,Munich,1983.36,54.9,15.9,119.1,15.0,38.9,13.4,33.3,,70.2,9.0,750.0,19.0,4.0,0
47459,Female,USA,Houston,1291.19,49.8,0.0,95.67,18.2,33.4,11.2,21.7,3.8,14.6,2.0,2350.0,16.0,3.0,0
47479,Male,USA,New York,984.8,47.7,20.2,75.16,18.2,13.1,8.2,29.7,,38.4,2.0,2678.0,12.0,3.0,0
47480,Female,Canada,Montreal,2344.71,24.4,49.0,116.82,19.0,40.1,10.8,36.7,4.2,35.8,8.0,3242.0,26.0,3.0,0
47569,Female,Japan,Osaka,654.11,60.7,24.4,34.24,18.0,30.8,6.4,10.4,14.6,24.8,1.0,615.0,13.0,3.0,0
47576,Male,USA,New York,2277.13,29.2,26.1,136.23,22.1,40.6,13.6,25.6,4.1,36.9,7.0,3663.0,7.0,5.0,1
47609,Female,France,Paris,688.04,51.0,35.5,55.03,16.900000000000002,26.8,8.4,25.2,6.0,24.7,5.0,2064.0,7.0,4.0,0
47610,Male,USA,Los Angeles,1832.02,39.0,25.9,138.97,11.0,35.0,9.4,27.5,2.3,46.0,7.0,825.0,12.0,2.0,0
47715,Male,India,Delhi,1167.36,47.9,45.9,88.19,16.0,41.2,10.4,29.0,6.5,56.2,4.0,4384.0,22.0,2.0,0
47725,Male,USA,New York,2625.26,34.6,34.3,147.22,22.1,41.7,14.3,31.3,,53.1,5.0,3336.0,21.0,4.0,0
47726,Male,UK,Manchester,1870.79,46.1,30.3,150.61,13.0,27.5,10.3,31.2,0.8,68.1,8.0,3049.0,21.0,7.0,0
47738,Male,Canada,Calgary,2233.81,38.3,40.2,91.82,21.0,40.5,14.2,43.8,7.2,49.9,9.0,2649.0,19.0,6.0,0
47741,Male,USA,Houston,2568.89,47.1,16.0,174.46,19.5,35.1,11.5,21.8,1.6,53.7,5.0,2875.0,23.0,6.0,0
47755,Male,USA,Houston,1657.25,48.8,53.9,87.05,19.0,43.5,15.4,35.1,1.5,22.9,9.0,2982.0,18.0,6.0,0
47765,Male,UK,Leeds,1165.0,54.3,38.6,104.53,13.0,35.5,8.8,29.2,2.8,37.0,11.0,2107.0,17.0,1.0,0
47799,Female,India,Chennai,1501.03,59.9,22.9,68.31,19.0,35.8,6.8,20.9,9.5,38.7,10.0,2193.0,15.0,4.0,0
47811,Male,Australia,Perth,2547.29,47.1,33.1,179.96,16.0,24.3,6.5,30.1,9.0,36.1,7.0,1932.0,11.0,3.0,0
47839,Male,France,Lyon,2240.59,40.1,42.8,137.84,16.0,35.8,12.2,33.7,1.8,49.2,8.0,2407.0,26.0,5.0,0
47862,Female,Germany,Munich,1893.84,34.5,22.8,103.85,18.0,53.5,14.9,32.8,3.0,65.2,8.0,3304.0,27.0,4.0,0
47871,Female,USA,Los Angeles,1458.05,72.9,12.0,180.78,8.0,18.4,9.1,12.8,12.3,15.1,2.0,1857.0,13.0,8.0,0
47900,Male,Canada,Ottawa,2003.45,53.1,33.5,104.24,17.0,22.7,7.5,23.7,6.1,61.3,7.0,1552.0,11.0,4.0,1
47906,Male,UK,Manchester,1713.17,60.3,6.6,137.67,16.900000000000002,30.8,9.4,17.4,9.7,44.7,8.0,417.0,9.0,2.0,0
47907,Female,USA,Houston,734.32,40.6,39.5,62.62,16.900000000000002,24.2,9.5,18.3,,18.9,4.0,2025.0,7.0,2.0,0
47939,Male,UK,Birmingham,2329.66,71.1,4.1,180.13,14.3,23.0,7.0,10.3,15.3,0.0,2.0,2239.0,8.0,3.0,0
47972,Male,Canada,Ottawa,2143.79,55.1,33.2,98.81,20.0,35.6,11.1,23.1,7.0,51.3,8.0,3657.0,19.0,3.0,0
48076,Male,Japan,Kyoto,1928.76,59.9,24.6,111.01,15.0,26.6,6.4,11.5,4.6,65.2,1.0,2132.0,14.0,2.0,1
48108,Female,Canada,Calgary,1590.2,43.6,23.6,92.73,19.5,41.7,11.6,28.6,17.9,51.9,5.0,2552.0,21.0,1.0,0
48129,Female,UK,Birmingham,1250.53,60.1,12.5,79.96,19.5,36.5,16.5,33.3,,42.1,7.0,2365.0,17.0,3.0,0
48152,Female,USA,Chicago,2190.12,35.2,44.8,112.23,19.0,36.7,15.2,24.5,2.5,47.9,7.0,2386.0,24.0,7.0,0
48155,Female,Canada,Calgary,2185.41,45.1,25.0,93.14,21.0,34.4,16.5,33.5,,50.8,7.0,3274.0,19.0,6.0,0
48177,Male,USA,Houston,2312.95,49.0,26.2,118.31,19.0,41.2,14.5,29.1,,70.2,7.0,1817.0,21.0,6.0,0
48183,Male,USA,New York,1338.82,43.4,35.0,88.94,15.0,38.7,12.3,28.4,1.7,81.4,7.0,2292.0,9.0,7.0,0
48188,Female,Australia,Perth,1191.66,63.7,17.5,231.51,6.0,26.1,5.1,16.0,3.5,4.6,1.0,284.0,3.0,1.0,0
48199,Female,UK,Birmingham,2179.28,37.5,30.9,136.69,18.0,43.3,9.9,28.4,6.9,61.8,8.0,2400.0,11.0,7.0,1
48269,Male,France,Marseille,1676.88,47.0,39.9,113.36,17.0,44.8,12.9,31.6,7.2,29.7,10.0,2420.0,18.0,3.0,0
48276,Female,Canada,Calgary,2082.95,61.0,13.5,199.27,15.6,26.3,9.0,17.0,,15.1,4.0,4071.0,11.0,7.0,1
48312,Male,USA,Phoenix,946.41,51.0,7.9,85.04,16.900000000000002,30.5,12.4,20.9,,55.6,1.0,1251.0,17.0,2.0,0
48347,Male,USA,Houston,1420.37,43.4,36.6,91.45,15.0,45.1,15.0,30.4,0.1,42.2,10.0,2718.0,21.0,3.0,0
48374,Female,UK,Birmingham,1208.35,58.4,38.1,62.0,20.0,33.3,12.7,24.9,1.6,24.2,4.0,2800.0,14.0,5.0,0
48385,Male,USA,Chicago,1153.89,32.4,29.4,97.5,15.6,25.2,9.6,23.6,10.8,19.7,5.0,2447.0,14.0,8.0,0
48446,Female,Canada,Ottawa,1689.14,44.8,37.2,76.75,21.0,51.7,17.2,34.9,5.6,53.9,6.0,2018.0,25.0,3.0,0
48450,Male,UK,Birmingham,1970.11,22.0,54.4,103.59,20.0,43.1,13.9,35.2,9.1,63.2,8.0,2928.0,18.0,5.0,0
48476,Female,Germany,Hamburg,1418.26,60.9,10.0,82.68,20.0,26.0,10.6,16.3,,42.0,4.0,3679.0,16.0,2.0,0
48491,Male,Germany,Cologne,2209.99,61.3,41.0,146.04,19.5,37.1,15.2,19.7,0.9,32.9,8.0,962.0,9.0,2.0,0
48530,Male,UK,Glasgow,1328.34,40.6,25.3,100.4,15.0,28.2,14.1,28.0,16.0,38.9,10.0,2119.0,12.0,6.0,0
48535,Male,USA,New York,1627.88,41.3,41.0,67.51,21.0,42.0,14.7,38.7,,67.6,9.0,3588.0,21.0,3.0,0
48559,Female,USA,Los Angeles,1901.71,41.7,18.3,134.96,15.0,30.6,14.6,33.0,1.6,48.0,4.0,1483.0,18.0,7.0,0
48575,Male,Australia,Brisbane,1809.6,48.4,28.4,90.6,17.0,47.1,16.2,30.8,13.2,66.6,9.0,3779.0,18.0,2.0,0
48580,Female,Germany,Munich,2300.86,49.5,30.0,156.37,17.0,36.1,10.4,26.3,4.6,43.9,3.0,1952.0,12.0,6.0,0
48603,Female,USA,New York,920.78,60.5,28.1,88.7,15.6,31.1,13.6,19.6,0.4,39.5,3.0,0.0,9.0,6.0,0
48607,Male,UK,London,1298.67,64.5,23.1,67.97,19.0,25.2,6.2,12.6,5.1,47.2,6.0,67.0,3.0,1.0,0
48617,Male,USA,Los Angeles,1342.69,44.9,41.6,74.05,20.0,44.1,14.3,24.5,,21.6,8.0,2339.0,22.0,4.0,0
48665,Female,USA,New York,1406.33,40.8,22.5,119.05,12.0,34.1,11.6,24.1,3.3,45.2,7.0,2226.0,7.0,8.0,0
48717,Male,USA,New York,2408.82,66.1,12.7,155.1,18.0,36.0,9.2,20.2,5.8,40.5,7.0,1485.0,11.0,5.0,0
48722,Female,Australia,Perth,1483.47,43.9,24.7,94.16,15.0,37.1,10.6,27.5,0.9,41.5,11.0,2944.0,16.0,3.0,0
48797,Female,Australia,Brisbane,1899.2,60.9,13.4,129.94,18.2,26.5,10.7,6.3,10.7,22.8,4.0,1330.0,3.0,0.0,0
48836,Male,USA,Chicago,2056.15,60.9,28.6,141.95,17.0,42.2,8.9,26.2,11.4,13.0,10.0,2809.0,17.0,5.0,0
48873,Female,USA,Chicago,976.64,24.4,31.1,65.41,18.0,37.6,13.6,27.1,27.2,59.7,8.0,2794.0,22.0,5.0,1
48886,Female,UK,Leeds,2822.44,54.7,32.8,200.7,19.5,33.4,10.7,23.6,2.2,46.0,6.0,2271.0,17.0,2.0,0
48895,Male,India,Chennai,1957.37,36.2,46.2,104.0,21.0,43.7,15.7,37.4,6.5,74.2,9.0,3519.0,27.0,7.0,0
48897,Male,Canada,Toronto,1994.73,58.8,26.6,137.6,16.0,31.1,8.3,20.0,12.1,37.7,9.0,2500.0,4.0,3.0,1
48914,Male,Canada,Ottawa,2123.59,40.0,17.6,108.54,17.0,38.7,9.2,24.9,2.3,11.2,9.0,2375.0,15.0,3.0,1
48968,Female,USA,New York,1915.64,44.8,21.4,152.48,18.2,17.1,11.2,20.8,4.2,18.5,3.0,0.0,10.0,1.0,1
48988,Female,USA,Los Angeles,2366.61,63.7,11.9,141.28,18.2,34.5,8.8,23.2,9.1,12.5,3.0,2438.0,9.0,3.0,1
49011,Female,India,Hyderabad,855.54,71.1,14.8,241.09,3.0,9.1,6.4,2.6,3.6,18.4,0.0,1184.0,2.0,1.0,0
49031,Male,USA,New York,1717.3,76.1,8.9,175.25,15.6,13.6,7.6,15.6,,9.9,6.0,1922.0,7.0,4.0,0
49035,Male,UK,Manchester,1085.79,64.2,3.1,92.96,16.900000000000002,17.6,5.5,15.7,9.4,19.2,1.0,1726.0,1.0,1.0,0
49048,Male,Canada,Toronto,2073.92,38.3,43.0,138.98,20.8,37.4,14.6,24.8,8.0,44.8,5.0,4553.0,18.0,4.0,0
49105,Female,France,Toulouse,2351.19,24.8,31.4,161.09,16.0,47.4,13.6,24.3,6.3,67.9,5.0,967.0,11.0,1.0,0
49129,Male,UK,Birmingham,1736.89,52.0,23.3,127.84,19.5,34.3,8.9,19.8,2.6,51.9,5.0,3527.0,13.0,6.0,0
49153,Male,USA,Los Angeles,1128.84,63.4,0.9,110.71,14.3,12.9,5.3,5.5,0.6,0.0,5.0,3472.0,1.0,2.0,0
49163,Male,USA,New York,2602.76,46.4,30.2,171.17,17.0,27.7,10.0,20.5,2.2,61.2,8.0,3262.0,14.0,4.0,0
49175,Female,Australia,Brisbane,1156.04,38.7,21.1,55.18,20.0,30.5,8.6,17.3,4.8,40.3,4.0,3155.0,14.0,4.0,0
49184,Female,USA,Chicago,2313.02,57.7,20.7,140.33,19.0,42.1,12.7,36.4,4.3,61.6,7.0,2318.0,14.0,7.0,1
49189,Female,India,Bangalore,2188.42,39.3,35.8,101.61,20.0,37.2,14.3,27.1,4.6,68.0,6.0,5236.0,17.0,5.0,0
49204,Male,USA,Chicago,2352.91,33.3,20.9,161.17,16.0,32.4,8.9,23.8,20.3,0.0,2.0,2523.0,20.0,4.0,1
49283,Male,USA,Los Angeles,2352.76,55.5,14.9,138.92,16.0,31.9,13.8,32.9,10.5,39.3,6.0,2191.0,22.0,5.0,0
49321,Male,Australia,Brisbane,1201.77,81.7,35.7,128.66,8.0,18.8,4.2,14.2,3.1,9.4,5.0,1441.0,9.0,7.0,0
49329,Female,UK,Birmingham,1249.02,18.9,43.9,102.0,13.0,41.3,10.7,29.8,9.2,47.6,2.0,3444.0,15.0,6.0,0
49360,Female,Germany,Hamburg,1061.15,56.8,17.8,85.77,15.0,42.6,12.4,25.7,11.7,47.3,9.0,2940.0,23.0,1.0,0
49370,Female,Japan,Kyoto,2192.08,48.4,12.6,174.13,18.2,29.9,7.7,16.2,15.0,28.7,1.0,804.0,0.0,3.0,1
49438,Male,UK,Leeds,526.13,67.9,12.6,49.81,15.6,32.6,6.5,12.6,0.5,20.0,2.0,1504.0,9.0,5.0,0
49445,Male,Germany,Frankfurt,1294.6,67.5,29.5,98.24,12.0,32.8,9.2,23.4,3.9,4.9,3.0,1903.0,15.0,8.0,0
49507,Male,Germany,Munich,1807.36,43.8,38.7,82.0,21.0,40.4,16.1,33.8,3.1,35.8,9.0,4475.0,16.0,3.0,0
49516,Male,USA,Phoenix,1862.3,23.6,28.1,106.65,15.0,37.8,10.9,27.0,4.4,60.4,9.0,1788.0,16.0,2.0,0
49521,Male,France,Paris,2037.18,36.2,34.2,130.43,18.0,30.6,13.3,24.1,,28.8,7.0,2806.0,14.0,8.0,1
49535,Female,USA,Phoenix,900.75,25.3,38.5,43.66,18.0,43.3,11.7,37.0,8.7,51.9,7.0,1639.0,25.0,2.0,0
49554,Female,India,Delhi,1835.01,63.8,24.8,122.76,15.0,34.5,10.0,34.7,4.1,49.4,6.0,2506.0,28.0,7.0,0
49577,Female,Australia,Melbourne,1257.26,49.7,45.3,57.09,19.0,39.1,12.1,32.4,,50.4,5.0,2512.0,27.0,2.0,0
49578,Female,UK,Birmingham,1016.32,69.0,4.4,235.72,5.2,8.4,6.2,12.5,3.6,9.6,4.0,2391.0,6.0,0.0,1
49592,Male,Canada,Ottawa,1756.45,43.2,32.2,106.52,15.0,25.8,11.6,31.5,4.3,59.5,10.0,1302.0,29.0,4.0,0
49649,Female,USA,Los Angeles,1514.74,38.0,25.0,100.72,16.0,31.8,9.9,23.7,2.3,48.1,10.0,3094.0,22.0,2.0,0
49659,Male,France,Marseille,1063.92,55.3,0.4,103.66,9.0,33.8,7.3,22.4,7.6,51.8,10.0,490.0,14.0,2.0,0
49680,Male,Germany,Hamburg,2105.07,19.9,41.8,106.68,22.0,38.6,12.3,28.0,12.7,68.8,7.0,3315.0,23.0,3.0,0
49691,Male,UK,Glasgow,1386.05,52.4,8.8,133.29,12.0,32.8,10.1,14.1,10.1,0.1,4.0,1237.0,10.0,8.0,1
49699,Male,USA,New York,2494.11,49.4,29.9,177.6,15.6,32.7,6.7,13.7,,0.0,5.0,1312.0,9.0,2.0,1
49715,Male,Japan,Yokohama,1225.67,52.3,17.5,105.76,18.2,32.0,10.8,23.8,,19.1,4.0,2515.0,8.0,4.0,0
49724,Male,UK,London,1816.52,32.7,19.7,137.06,16.900000000000002,30.2,7.9,22.1,7.9,25.7,0.0,1331.0,1.0,4.0,0
49759,Male,Australia,Sydney,2076.21,39.5,0.0,97.07,18.0,24.8,6.1,21.6,10.5,0.7,4.0,3158.0,15.0,3.0,0
49776,Male,France,Paris,2104.46,50.5,15.4,148.52,12.0,41.8,10.5,24.1,2.4,51.2,3.0,2308.0,16.0,3.0,1
49816,Male,Japan,Yokohama,2429.17,41.3,36.5,131.17,20.8,40.7,13.3,23.0,8.4,53.8,10.0,1474.0,19.0,4.0,0
49844,Female,India,Hyderabad,2307.46,43.8,54.8,101.8,22.0,40.8,10.3,35.0,,14.7,6.0,3225.0,19.0,6.0,1
49879,Female,France,Toulouse,1720.5,58.3,13.7,136.02,18.2,29.2,11.8,21.6,3.4,14.1,5.0,0.0,15.0,3.0,0
49970,Male,UK,London,1926.58,35.9,39.6,115.48,19.0,54.0,9.1,29.4,8.1,62.3,4.0,1880.0,25.0,5.0,1
49991,Male,USA,Chicago,1257.02,40.7,12.6,128.26,15.6,40.1,10.2,25.6,9.7,51.3,9.0,0.0,12.0,4.0,0
